Name,Country,Region,Winery,Rating,Price,Year,PriceCategory
Vermentino 2017,Italy,Toscana,Famiglia Castellani,3.8,5.65,2017.0,Budget
Ronco Broilo 2010,Italy,Colli Orientali del Friuli,Conte d'Attimis Maniago,4.3,44.9,2010.0,Mid
Weisser Schiefer s 2017,Austria,Südburgenland,Weinbau Uwe Schiefer,4.2,33.25,2017.0,Mid
Chardonnay 2018,Germany,Rheinhessen,Krämer - Straight,3.9,8.99,2018.0,Budget
Maganza Zibibbo 2018,Italy,Terre Siciliane,Luna Gaia,3.9,8.6,2018.0,Budget
Chardonnay 2019,Germany,Pfalz,Schneider,3.7,15.9,2019.0,Economy
Goldloch Riesling GG 2016,Germany,Nahe,Diel,4.1,33.9,2016.0,Mid
Kieselberg GG 2015,Germany,Pfalz,Von Winning,4.1,33.95,2015.0,Mid
Catarratto 2019,Italy,Terre Siciliane,Feudi Branciforti dei Bordonaro,3.8,5.0,2019.0,Budget
Safari Pecorino 2017,Italy,Terre di Chieti,Bove,3.4,6.74,2017.0,Budget
Sauvignon Veneto 2019,Italy,Veneto,Torresella,3.8,6.77,2019.0,Budget
Berg Riesling 2018,France,Alsace,Domaine Pfister,4.2,15.9,2018.0,Economy
Grechetto 2018,Italy,Umbria,SIGNÆ,3.6,8.9,2018.0,Budget
Riesling 'Le Gallais' Wiltinger Braune Kupp Kabinett 2018,Germany,Wiltingen,Egon Müller - Scharzhof,4.3,38.94,2018.0,Mid
Unterebner Pinot Grigio 2018,Italy,Südtirol - Alto Adige,Tramin,3.7,20.37,2018.0,Mid
The Guv'nor Blanco 2019,Spain,Castilla,Félix Solís,3.7,6.89,2019.0,Budget
Oestricher Muschelkalk Riesling Trocken 2018,Germany,Rheingau,Spreitzer,3.8,10.4,2018.0,Economy
Mâcon-Prissé 2014,France,Mâcon-Prissé,Les Héritiers du Comte Lafon,3.7,25.92,2014.0,Mid
Kallstadter Steinacker Riesling 2015,Germany,Pfalz,Rings,4.0,19.0,2015.0,Economy
Kerner Carned 2018,Italy,Südtirol - Alto Adige,Cantina Kaltern,3.7,16.17,2018.0,Economy
Fehérburgundi 2017,Hungary,Sopron,Weninger,3.9,11.02,2017.0,Economy
Grauburgunder - Weissburgunder 2019,Germany,Pfalz,Weingut A. Diehl,3.4,7.05,2019.0,Budget
Weisser Burgunder Trocken 2013,Germany,Rheinhessen,Wittmann,3.9,10.63,2013.0,Economy
Ruppertsberg Riesling 2017,Germany,Pfalz,A. Christmann,3.7,19.87,2017.0,Economy
Weissburgunder Trocken 2017,Germany,Ahr,Burggarten,3.9,10.72,2017.0,Economy
Deep Blue 2018,Germany,Nahe,Martin Tesch,3.5,10.9,2018.0,Economy
Gewürztraminer - Riesling Trocken 2017,Germany,Pfalz,Knipser,3.9,10.9,2017.0,Economy
Veneto Bianco 2017,Italy,Veneto,Cantina di Soave,2.7,5.42,2017.0,Budget
Kalk & Stein 2017,Germany,Pfalz,Rings,4.1,16.7,2017.0,Economy
Schlossberg 2017,Germany,Rheingau,Schloss Vollrads,3.9,27.78,2017.0,Mid
Schick und Schön 2018,Germany,German Wine,Tina Pfaffmann,3.7,10.9,2018.0,Economy
R Chardonnay Nature 2018,Germany,Pfalz,Weingut Seckinger,3.7,15.4,2018.0,Economy
Johannisberg Riesling Alte Reben Trocken 2018,Germany,Rheingau,Trenz,3.8,11.9,2018.0,Economy
Live Wire Riesling 2019,Australia,Barossa,Langmeil,3.5,11.95,2019.0,Economy
Alejairén Airen 2017,Spain,La Mancha,El Vínculo,3.6,18.42,2017.0,Economy
Pinot Gris 2016,Luxembourg,Luxembourg,Château de Schengen,4.1,21.44,2016.0,Mid
Muscadet Sèvre-et-Maine Sur Lie 2017,France,Muscadet-Sevre et Maine,Marc Brédif,3.9,14.38,2017.0,Economy
W Riesling 2016,Germany,Mosel,Markus Molitor,3.4,31.68,2016.0,Mid
Ried Schafflerberg Grüner Veltliner 2018,Austria,Wagram,Leth,3.9,12.07,2018.0,Economy
Westhofener Weisser Burgunder - Chardonnay Trocken 2017,Germany,Rheinhessen,Wittmann,4.1,18.53,2017.0,Economy
Schiefer Riesling Trocken 2018,Germany,Mosel,Villa Huesgen,3.6,14.11,2018.0,Economy
Castel Firmian Pinot Grigio Riserva 2018,Italy,Teroldego Rotaliano,Mezzacorona,4.0,9.37,2018.0,Budget
Grauer Burgunder Trocken 2016,Germany,Baden,Bernhard Huber,3.8,17.79,2016.0,Economy
Chenin Blanc 2018,South Africa,Robertson,Klippenkop,3.6,6.54,2018.0,Budget
Côte de Rouffach Pinot Gris 2017,France,Alsace,René Muré,4.1,15.5,2017.0,Economy
Chardonnay Kalkstein Trocken 2018,Germany,Rheinhessen,Manz,3.9,11.5,2018.0,Economy
La Trucha Albariño 2019,Spain,Rías Baixas,Finca Garabelos,4.3,14.7,2019.0,Economy
Schlossberg Achkarren Grauburgunder GG 2016,Germany,Baden,Dr. Heger,4.0,28.0,2016.0,Mid
Frühtau Riesling Trocken 2018,Germany,Nahe,Emrich-Schönleber,3.9,17.5,2018.0,Economy
Pouilly-Vinzelles En Paradis 2018,France,Pouilly-Vinzelles,Louis Latour,3.8,15.98,2018.0,Economy
Sauvignon Blanc 2019,Germany,Pfalz,Ellermann-Spiegel,4.1,7.36,2019.0,Budget
Weissburgunder Trocken 2018,Germany,Nahe,Emrich-Schönleber,3.8,15.5,2018.0,Economy
Pinot Grigio 2019,Italy,Terre Siciliane,Epicuro,3.5,5.5,2019.0,Budget
Sauvignon Blanc Reserva 2018,Chile,Maipo Valley,Escudo Rojo,3.5,7.36,2018.0,Budget
Villa Blanche Sauvignon Blanc 2018,France,Pays d'Oc,Calmel & Joseph,3.4,7.4,2018.0,Budget
Greco di Tufo 2018,Italy,Campania,Pietracupa,4.0,23.65,2018.0,Mid
Spring Fever Chardonnay 2018,Australia,Eden Valley,Langmeil,3.6,11.95,2018.0,Economy
Collemare Marche Bianco 2016,Italy,Marche,Roberto Lucarelli,3.9,10.95,2016.0,Economy
Lotterbrunnen Gewürztraminer 2016,Italy,Südtirol - Alto Adige,Castel Sallegg,4.1,11.5,2016.0,Economy
Jalè (Tenuta Ficuzza) 2018,Italy,Sicilia,Cusumano,4.1,15.5,2018.0,Economy
Meursault Blanc 2017,France,Meursault,Bouchard Père & Fils,3.8,38.7,2017.0,Mid
Sauvignon Blanc 2018,Hungary,Tolna,Tűzkő,3.5,7.66,2018.0,Budget
Monte Carbonare 2018,Italy,Soave Classico,Suavia,4.1,12.3,2018.0,Economy
Chablis 1er Cru 'Vaillons' 2018,France,Chablis 1er Cru 'Vaillons',Domaine Servin,3.8,22.5,2018.0,Mid
Der Ott 2018,Austria,Wagram,Bernhard Ott,3.8,20.9,2018.0,Mid
Vale do Homem Alvarinho 2018,Portugal,Minho,Quintas do Homem,3.7,8.38,2018.0,Budget
Grauer Burgunder 2017,Austria,Südsteiermark,Weingut Erich & Walter Polz,3.7,22.3,2017.0,Mid
Riesling Trocken 2018,Germany,Rheinhessen,Hofmann,3.7,7.95,2018.0,Budget
Grüner Veltliner Lamm Reserve 2017,Austria,Kamptal,Weingut Bründlmayer,4.1,43.99,2017.0,Mid
Vulkanfelsen Grauer Burgunder Spätlese Trocken 2014,Germany,Baden,Burkheimer,3.8,15.9,2014.0,Economy
Vernaccia di San Gimignano 2019,Italy,Vernaccia di San Gimignano,Fattoria San Donato,3.4,11.21,2019.0,Economy
Sauvignon Blanc Quarzit 2019,Germany,Pfalz,Weingut Pflüger,3.9,8.0,2019.0,Budget
Royal Riesling Kabinett Trocken 2018,Germany,Johannisberg,Prinz von Hessen,4.0,12.5,2018.0,Economy
Grauburgunder Trocken 2019,Germany,Rheinhessen,Hofmann,3.8,7.95,2019.0,Budget
Doria 2017,France,Luberon,Marrenon,3.5,11.99,2017.0,Economy
Chardonnay 2019,France,Vin de France,Château Pesquie,3.6,8.1,2019.0,Budget
Châteauneuf-du-Pape Prestige 2012,France,Châteauneuf-du-Pape,Domaine de la Janasse,4.1,69.95,2012.0,Premium
Chenin Blanc 2019,South Africa,Western Cape,Long Beach,3.7,5.79,2019.0,Budget
Sancerre Blanc 2019,France,Sancerre,Pascal Jolivet,4.1,24.24,2019.0,Mid
Ritme Blanc 2017,Spain,Priorat,Acustic Celler,4.0,16.99,2017.0,Economy
Iphöfer Julius-Echter-Berg Riesling 2018,Germany,Franken,Hans Wirsching,3.8,14.74,2018.0,Economy
Arcane 2018,France,Saumur,Château de Fosse-Sèche,4.0,27.2,2018.0,Mid
Blanco 2018,Spain,Rioja,Eguren Ugarte,3.4,4.5,2018.0,Budget
Wildcard Chardonnay (Unoaked) 2018,Australia,South Australia,Peter Lehmann,3.1,6.69,2018.0,Budget
Chenin 2018,South Africa,Western Cape,Luddite,4.0,32.9,2018.0,Mid
Vieilles Vignes Côtes Catalanes Blanc 2015,France,Côtes Catalanes,Gauby,4.0,29.15,2015.0,Mid
Evoè Bianco 2013,Italy,Toscana,Panizzi,3.8,24.24,2013.0,Mid
Grüner Veltliner Ried Loibenberg 2017,Austria,Wachau,Pichler-Krutzler,3.8,32.87,2017.0,Mid
Bandol Blanc 2016,France,Bandol,Domaine de la Tour du Bon,3.8,18.84,2016.0,Economy
Souvignier Gris 2017,Italy,Mitterberg,Thomas Niedermayr,3.8,16.9,2017.0,Economy
Weissburgunder 2018,Italy,Südtirol - Alto Adige,Colterenzio (Schreckbichl),3.7,9.21,2018.0,Budget
Benedictus Lugana 2018,Italy,Lugana,Le Morette,3.7,9.8,2018.0,Budget
Trebbiano d'Abruzzo 2016,Italy,Trebbiano d'Abruzzo,Villamedoro,3.1,4.7,2016.0,Budget
Arneis Langhe 2018,Italy,Langhe,Ascheri,3.6,9.9,2018.0,Budget
Trebbiano d'Abruzzo 2018,Italy,Trebbiano d'Abruzzo,Caldora,2.9,4.75,2018.0,Budget
Pessac-Léognan Blanc 2015,France,Pessac-Léognan,Château Gazin Rocquencourt,4.0,34.15,2015.0,Mid
Pratum 2015,Italy,Südtirol - Alto Adige,Castel Sallegg,4.0,26.29,2015.0,Mid
Ölberg Riesling 2017,Germany,Rheinhessen,Kühling-Gillot,4.2,35.65,2017.0,Mid
Alt Scheidt Riesling Feinherb 2017,Germany,Mosel,Peter Lauer,3.8,11.95,2017.0,Economy
Steren Weiß- & Grauburgunder Trocken 2018,Germany,Franken,Bürgerspital,3.2,9.39,2018.0,Budget
Neuburger Freyheit 2017,Austria,Bergland,Heinrich,3.7,18.98,2017.0,Economy
Sauvignon Blanc 2018,New Zealand,Marlborough,Main Divide,3.8,16.95,2018.0,Economy
Sauvignon Blanc 2019,South Africa,Cape Point,Cape Point Vineyards,3.5,13.25,2019.0,Economy
Mandorlo White Blend 2018,Italy,Toscana,Montellori,3.7,9.37,2018.0,Budget
Ruppertsberger Riesling 2017,Germany,Pfalz,Fußer,3.7,10.6,2017.0,Economy
Schieferblume Riesling Trocken 2018,Germany,Mosel,Rita & Rudolf Trossen,3.8,13.4,2018.0,Economy
Embruns de Viognier 2019,France,Pays d'Oc,Michel Gassier,3.5,9.68,2019.0,Budget
M Grüner Veltliner Smaragd 2017,Austria,Wachau,F.X. Pichler,4.3,72.5,2017.0,Premium
L'Aubinière Muscadet Sèvre et Maine Sur Lie 2018,France,Muscadet-Sevre et Maine,Terroirs de la Noëlle,3.4,6.5,2018.0,Budget
Chardonnay Felsenstein 2018,Austria,Burgenland,Birgit Braunstein,3.8,11.95,2018.0,Economy
Christoffel Hazenwinkel The White Blend 2018,South Africa,Western Cape,Hazendal,3.4,14.5,2018.0,Economy
Appenheimer Riesling Kalkstein 2018,Germany,Rheinhessen,Knewitz,3.6,14.5,2018.0,Economy
Rotschiefer Riesling 2014,Germany,Mosel,Sorentberg,3.8,14.7,2014.0,Economy
Bordeaux Blanc Sec 2016,France,Bordeaux Sec,Château Lafaurie-Peyraguey,3.9,67.75,2016.0,Premium
Hattenheimer Schützenhaus Riesling Kabinett 2018,Germany,Rheingau,Balthasar Ress,3.8,13.9,2018.0,Economy
Hipping Riesling 2016,Germany,Rheinhessen,Schätzel,3.6,60.96,2016.0,Premium
Obvius Bianco 2017,Italy,Toscana,Salcheto,3.5,13.9,2017.0,Economy
Manzoni Bianco Fontanasanta 2019,Italy,Vigneti delle Dolomiti,Foradori,3.6,18.06,2019.0,Economy
Riesling Charta 2017,Germany,Rheingau,Barth,3.8,13.68,2017.0,Economy
Barrique Sauvignon Blanc 2015,New Zealand,Marlborough,Saint Clair,4.0,18.95,2015.0,Economy
Altos R Blanco 2018,Spain,Rioja,Altos de Rioja,3.6,6.95,2018.0,Budget
Schiefersteil Riesling 2018,Germany,Mosel,Markus Molitor,4.0,12.5,2018.0,Economy
Markus Pfaffmann Sauvignon Blanc Trocken 2019,Germany,Pfalz,Karl Pfaffmann,4.1,7.5,2019.0,Budget
Bürklin Estate Riesling 2018,Germany,Pfalz,Dr. Bürklin-Wolf,3.7,12.5,2018.0,Economy
Chardonnay 2017,United States,Monterey,Craftwork,3.7,14.99,2017.0,Economy
Ritterpfad Riesling Kabinett 2015,Germany,Mosel,Van Volxem,4.0,17.95,2015.0,Economy
Pinot Bianco - Pinot Nero 2017,Italy,Veneto,Biscardo,3.6,7.2,2017.0,Budget
Escherndorfer Lump Riesling S. 2018,Germany,Franken,Horst Sauer,3.9,18.0,2018.0,Economy
Catarratto - Zibibbo 2019,Italy,Terre Siciliane,Vaccaro,4.0,7.31,2019.0,Budget
Bentrock Chardonnay 2013,United States,Sta. Rita Hills,Sandhi,4.1,89.0,2013.0,Premium
Le Naturel Blanco 2019,Spain,Navarra,Aroa,3.9,12.95,2019.0,Economy
Bourgogne Blanc Retour des Flandres 2016,France,Bourgogne,Régnard,3.6,20.65,2016.0,Mid
Sauvignon Blanc 2019,France,Pays d'Oc,Paul Mas,3.7,5.5,2019.0,Budget
Freundstück GG 2017,Germany,Pfalz,Georg Mosbacher,4.1,28.24,2017.0,Mid
Riesling 2019,Germany,Pfalz,Schneider,3.6,10.3,2019.0,Economy
The Vine in Flames Fetească Regală Dry 2018,Romania,Dealu Mare,Budureasca,3.5,9.9,2018.0,Budget
Graacher Himmelreich Riesling Auslese 2016,Germany,Graach,Joh. Jos. Prüm,4.1,32.65,2016.0,Mid
Pinot Grigio 2019,Italy,Venezia Giulia,Jermann,3.8,16.85,2019.0,Economy
Höllberg Riesling GG 2017,Germany,Rheinhessen,Wagner-Stempel,4.0,37.56,2017.0,Mid
Riesling 2017,Germany,Mosel,Heymann-Löwenstein,3.5,37.0,2017.0,Mid
Kirchberg 2017,Germany,Mosel,Heymann-Löwenstein,3.8,24.0,2017.0,Mid
Geheimrat J Riesling Spätlese Trocken 2015,Germany,Rheingau,Weingüter Wegeler,4.1,24.9,2015.0,Mid
Merus Sauvignon Blanc 2019,Italy,Trentino,Tiefenbrunner,4.1,9.99,2019.0,Budget
Forster Ungeheuer Riesling 2018,Germany,Pfalz,Von Winning,4.3,35.0,2018.0,Mid
Bourgogne Hautes Côtes de Beaune Blanc 2007,France,Bourgogne Hautes-Côtes de Beaune,Jayer Gilles,3.4,25.0,2007.0,Mid
Sommer Riesling Trocken 2019,Germany,Rheingau,Schloss Vollrads,3.8,7.9,2019.0,Budget
Lagar de Darei Branco 2017,Portugal,Dão,Darei,3.7,8.77,2017.0,Budget
Chenin Blanc 2018,South Africa,Stellenbosch,Rainbow's End,3.6,8.9,2018.0,Budget
Lugana Blanc 2019,Italy,Lugana,Ca' Lojera,3.9,10.57,2019.0,Economy
Bèru 2015,Italy,Vermentino di Gallura,Siddura,3.9,34.9,2015.0,Mid
Cà del Lago Lugana 2019,Italy,Lugana,Villabella,4.0,9.83,2019.0,Budget
Weissburgunder Trocken 2019,Germany,Pfalz,Weingut Metzger,3.8,8.5,2019.0,Budget
Hard 2017,Germany,Baden,Ziereisen,4.3,26.5,2017.0,Mid
Gewürztraminer 2019,Italy,Südtirol - Alto Adige,Tramin,3.8,9.73,2019.0,Budget
RS Grauburgunder 2017,Germany,Baden,Salwey,3.9,15.5,2017.0,Economy
Lugana 2019,Italy,Lugana,Roveglia,4.1,11.9,2019.0,Economy
Würzburger Stein Silvaner GG 2016,Germany,Franken,Juliusspital,4.0,29.9,2016.0,Mid
Grüner Silvaner Trocken 2018,Germany,Rheinhessen,Knewitz,3.6,8.07,2018.0,Budget
Chardonnay 2018,Austria,Mittelburgenland,Gesellmann,3.5,15.9,2018.0,Economy
Blanco 2019,Portugal,Vinho Verde,Escudo Real,3.4,5.71,2019.0,Budget
Garganega - Chardonnay delle Venezie Cuvée 2018,Italy,delle Venezie,Cielo e Terra,3.4,4.38,2018.0,Budget
7 Terroirs 2019,Germany,Nahe,Gut Hermannsberg,3.8,11.6,2019.0,Economy
Bianco Passivento 2019,Italy,Terre Siciliane,Barone Montalto,3.9,8.32,2019.0,Budget
Weissburgunder Trocken 2017,Germany,Saale-Unstrut,Winzervereinigung Freyburg-Unstrut,3.4,9.72,2017.0,Budget
Faius 2016,Italy,Irpinia,I Capitani,3.9,15.69,2016.0,Economy
Paradies Riesling 2018,Germany,Nahe,Korrell,4.1,22.7,2018.0,Mid
Bernkasteler Badstube Riesling Kabinett Feinherb 2015,Germany,Mosel,Markus Molitor,3.9,16.95,2015.0,Economy
Reserva Chardonnay 2016,Portugal,Lisboa,Quinta do Lagar Novo,3.8,13.65,2016.0,Economy
Collage Grauer Burgunder 2018,Germany,Pfalz,Hammel & Cie,3.9,9.46,2018.0,Budget
Franciscus Grüner Veltliner 2016,Austria,Kremstal,Salomon Undhof,3.2,10.23,2016.0,Economy
Ungeheuer Riesling GG 2018,Germany,Pfalz,Dr. Von Bassermann-Jordan,4.2,34.12,2018.0,Mid
Riesling Federspiel Himmelstiege 2019,Austria,Wachau,Domäne Wachau,3.4,9.85,2019.0,Budget
Kastanienbusch GG 2018,Germany,Pfalz,Ökonomierat Rebholz,4.2,66.31,2018.0,Premium
Limne 2019,Italy,Lugana,Roveglia,3.7,9.11,2019.0,Budget
Riesling 2017,France,Alsace,Albert Boxler,3.9,27.78,2017.0,Mid
Grüner Veltliner 2019,Austria,Kamptal,Loimer,3.9,9.44,2019.0,Budget
Chardonnay 2018,France,Pays d'Oc,Abbotts & Delaunay,3.7,6.73,2018.0,Budget
Verdicchio Dei Castelli Di Jesi Classico Le Vele 2019,Italy,Verdicchio dei Castelli di Jesi,Moncaro,3.7,6.32,2019.0,Budget
Chinon Blanc 2017,France,Chinon,Château de Saint Louans,4.2,27.29,2017.0,Mid
Rotenberg GG 2016,Germany,Nahe,Gut Hermannsberg,4.0,29.5,2016.0,Mid
Chardonnay 2017,United States,California,American Wings,3.2,6.73,2017.0,Budget
Diel de Diel Weisses Cuvée Trocken 2017,Germany,Nahe,Diel,3.6,11.95,2017.0,Economy
Vermentino (Etichetta Nera/Black Label) 2019,Italy,Colli di Luni,Lvnae,4.0,19.45,2019.0,Economy
Riesling Alsace Grand Cru 'Geisberg' 2012,France,Alsace Grand Cru 'Geisberg',Trimbach,4.4,53.35,2012.0,Premium
Sankt Nikolaus Riesling Trocken 2017,Germany,Rheingau,Peter Jakob Kühn,4.3,42.89,2017.0,Mid
Nachts Sind Alle Burgunder Grau 2019,Germany,Pfalz,Karl Pfaffmann,4.2,7.9,2019.0,Budget
Sauvignon Blanc 2018,South Africa,Stellenbosch,Drostdy-Hof,3.0,7.79,2018.0,Budget
Chardonnay 2019,South Africa,Durbanville,Durbanville Hills,3.5,7.99,2019.0,Budget
Neuland Grüner Veltliner 2019,Austria,Weinviertel,Herbert Zillinger,3.7,8.24,2019.0,Budget
Grauburgunder 2019,Germany,Rheinhessen,Krämer - Straight,3.9,7.73,2019.0,Budget
Sauvignon Stern 2018,Italy,Südtirol - Alto Adige,Cantina Kaltern,3.9,12.18,2018.0,Economy
Les Chays Condrieu 2015,France,Condrieu,Chirat,4.0,41.43,2015.0,Mid
Weissburgunder Trocken 2018,Germany,Pfalz,Studier,3.8,7.64,2018.0,Budget
Saumur Blanc 2018,France,Saumur,Langlois-Chateau,3.7,11.16,2018.0,Economy
Cellar Selection Chenin Blanc 2019,South Africa,Stellenbosch,Kleine Zalze,3.8,7.5,2019.0,Budget
Pinot Grigio 2019,Italy,Garda,La Prendina,3.7,10.96,2019.0,Economy
Hipping Riesling 2015,Germany,Rheinhessen,Kühling-Gillot,4.3,45.0,2015.0,Mid
Grauburgunder Trocken 2018,Germany,Nahe,Dönnhoff,3.6,12.57,2018.0,Economy
Sciare di Est Insolia 2017,Italy,Terre Siciliane,Antichi Vinai,3.6,7.42,2017.0,Budget
Bourgogne Aligoté 2018,France,Bourgogne Aligoté,Louis Jadot,3.5,12.6,2018.0,Economy
Le Chardonnay Limoux Blanc 2014,France,Limoux,Domaine de Baron'arques,3.8,37.82,2014.0,Mid
Vernaccia di San Gimignano 2018,Italy,Vernaccia di San Gimignano,Palagetto,3.5,8.5,2018.0,Budget
Aulerde Riesling GG 2018,Germany,Rheinhessen,Wittmann,4.1,36.0,2018.0,Mid
Maximin Herrenberg 1896 Riesling Alte Reben 2014,Germany,Mosel,Carl Loewen,3.9,47.99,2014.0,Mid
Berger Baron Bordeaux Blanc 2017,France,Bordeaux,Baron Philippe de Rothschild,3.1,8.72,2017.0,Budget
Trittenheimer Apotheke Riesling Trocken 2018,Germany,Mosel,Ansgar Clüsserath,4.0,25.83,2018.0,Mid
Pian di Rèmole Bianco 2018,Italy,Toscana,Frescobaldi,3.6,6.95,2018.0,Budget
Bouquet Terre Siciliane 2018,Italy,Terre Siciliane,Tenuta Rapitalà,3.6,10.57,2018.0,Economy
Chardonnay 2018,United States,North Coast,Ghost Pines,3.8,13.47,2018.0,Economy
Cococciola (Unico) 2019,Italy,Terre di Chieti,Tenuta Ulisse,3.8,8.9,2019.0,Budget
Ried Loibenberg Riesling Smaragd 2018,Austria,Wachau,F.X. Pichler,4.3,40.19,2018.0,Mid
Riesling Feinherb 2018,Germany,Rheingau,Schloss Vollrads,3.5,9.5,2018.0,Budget
Meursault-Genevrières Premier Cru 2013,France,Meursault 1er Cru 'Genevrières',Domaine Jean Monnier & Fils,4.0,95.36,2013.0,Premium
Niederberg Helden Riesling Kabinett 2018,Germany,Mosel,Schloss Lieser,3.9,17.1,2018.0,Economy
Sonnenberg Chardonnay Trocken 2018,Germany,Pfalz,Jülg,4.0,17.5,2018.0,Economy
Pinot Grigio Veneto 2019,Italy,Veneto,Vivolo di Sasso,3.4,5.29,2019.0,Budget
Oestricher Doosberg Alte Reben Riesling Trocken 2017,Germany,Rheingau,Spreitzer,3.9,16.9,2017.0,Economy
Poggio Al Tufo Vermentino 2018,Italy,Toscana,Tommasi,3.4,15.05,2018.0,Economy
Kaisermantel Weissburgunder 2019,Germany,Baden,Dr. Koehler,4.1,6.25,2019.0,Budget
Uvam Pinot Grigio 2019,Italy,delle Venezie,Maurizio B Martino MBM,3.7,5.25,2019.0,Budget
Kalkundkiesel 2019,Austria,Burgenland,Claus Preisinger,3.9,16.08,2019.0,Economy
Riverpoint Vineyard Gewürztraminer 2014,New Zealand,Gisborne,Millton,3.9,17.45,2014.0,Economy
Langenmorgen G.C 2014,Germany,Pfalz,Dr. Bürklin-Wolf,4.1,70.0,2014.0,Premium
Côtes du Rhône Le Caillou Blanc 2017,France,Côtes-du-Rhône,Clos du Caillou,3.4,10.9,2017.0,Economy
Sauvignon Blanc (Warrelwind) 2019,South Africa,Western Cape,MAN,3.6,5.49,2019.0,Budget
Fundament Riesling Trocken 2017,Germany,Pfalz,Wageck-Pfaffmann,3.2,8.56,2017.0,Budget
Viognier 2017,South Africa,Paarl,Fairview,3.4,15.98,2017.0,Economy
Parapli Chardonnay 2015,Hungary,Balaton,Kristinus,3.7,13.6,2015.0,Economy
Benedete Ribolla Gialla 2018,Italy,Veneto,Collavini,3.5,13.6,2018.0,Economy
Königsbacher Ölberg Riesling 2018,Germany,Pfalz,A. Christmann,3.6,25.35,2018.0,Mid
Cuvée Bérengère Chardonnay - Viognier 2018,France,Coteaux-d'Ensérune,Regismont,3.5,6.12,2018.0,Budget
Chardonnay 2017,Italy,Friuli Grave,Borgo Magredo,3.4,8.78,2017.0,Budget
GG Kirchberg Weissburgunder 2015,Germany,Baden,Salwey,4.3,35.0,2015.0,Mid
Clos Boucher Condrieu 2017,France,Condrieu,Delas,4.1,58.39,2017.0,Premium
Chiara 2018,Italy,Toscana,Poggio Al Sole,3.6,10.47,2018.0,Economy
Lahrer Grauburgunder 2018,Germany,Baden,Weingut Wöhrle,3.6,10.46,2018.0,Economy
Pecorino Terre di Chieti 2019,Italy,Terre di Chieti,Collefrisio,4.0,8.9,2019.0,Budget
Niederberg Helden Riesling GG 2017,Germany,Mosel,Schloss Lieser,3.8,26.5,2017.0,Mid
Steingrüble 2017,Germany,Baden,Ziereisen,4.1,13.95,2017.0,Economy
Zeltinger Riesling Kabinett Trocken 2018,Germany,Mosel,Selbach-Oster,3.8,13.95,2018.0,Economy
Piesporter Riesling Feinherb 2017,Germany,Piesport,Kurt Hain,4.0,8.72,2017.0,Budget
Live Wire Riesling 2018,Australia,Barossa,Langmeil,4.0,11.06,2018.0,Economy
Marani 2018,Italy,Veneto,Sartori,3.8,8.39,2018.0,Budget
Sallier de La Tour Grillo 2019,Italy,Sicilia,Tasca d'Almerita,3.9,8.9,2019.0,Budget
Auxerrois 2018,Germany,Baden,Klumpp,3.6,12.8,2018.0,Economy
Blanco 2018,Spain,Yecla,Barahonda,3.5,5.9,2018.0,Budget
Chardonnay 2018,South Africa,Cape Town,Cape Town Wine Co,3.0,7.5,2018.0,Budget
Escherndorfer Riesling 2018,Germany,Escherndorf,Horst Sauer,3.4,12.5,2018.0,Economy
Chenin Blanc 2018,South Africa,Paarl,Windmeul Kelder Cellar,3.4,7.5,2018.0,Budget
Weißburgunder Muschelkalk 2018,Germany,Baden,Enderle & Moll,3.9,15.01,2018.0,Economy
ReinSchiefer Nierstein Riesling 2017,Germany,Nierstein,Schätzel,3.6,20.53,2017.0,Mid
Edición Limitada Lías Verdejo 2017,Spain,Rueda,Ramón Bilbao,3.6,13.01,2017.0,Economy
Schellenbrunnen Riesling GG 2014,Germany,Baden,Heitlinger,3.9,30.39,2014.0,Mid
Halgans Riesling Trocken 2018,Germany,Nahe,Emrich-Schönleber,4.1,20.84,2018.0,Mid
Saarburger Rausch Spätlese Riesling 2015,Germany,Mosel,Markus Molitor,3.6,20.95,2015.0,Mid
Sauvignon Riserva 2014,Italy,Südtirol - Alto Adige,Cantina Bolzano / Kellerei Bozen,3.8,18.03,2014.0,Economy
Sauvignon 2018,France,Loire Valley,Domaine de la Foliette,3.4,7.7,2018.0,Budget
Deidesheimer Paradiesgarten 2017,Germany,Pfalz,Reichsrat von Buhl,4.1,21.0,2017.0,Mid
Riesling 'D' 2016,New Zealand,Marlborough,Te Whare Ra,3.8,21.45,2016.0,Mid
Jesuitengarten Riesling GG 2017,Germany,Pfalz,Dr. Von Bassermann-Jordan,4.0,43.77,2017.0,Mid
Johannishof Riesling Trocken 2019,Germany,Pfalz,Knipser,3.8,7.9,2019.0,Budget
Sauvignon Blanc 2019,Slovenia,Štajerska,Verus,3.9,11.9,2019.0,Economy
Chardonnay 2018,France,Pays d'Oc,Domaine d'Aubaret,3.5,6.95,2018.0,Budget
Sauvignon Blanc 500 2018,Germany,Pfalz,Von Winning,4.3,40.0,2018.0,Mid
Réserve Spéciale Sauvignon Blanc 2019,France,Pays d'Oc,Gérard Bertrand,3.9,8.32,2019.0,Budget
Terravignata Verdicchio di Matelica 2018,Italy,Verdicchio di Matelica,Borgo Paglianetto,3.4,11.35,2018.0,Economy
Lugana Lago 2019,Italy,Lugana,Zenato,3.4,6.9,2019.0,Budget
Bourgogne Blanc 2014,France,Bourgogne,Domaine Bruno Clair,3.8,23.29,2014.0,Mid
Lorch Riesling 2016,Germany,Rheingau,August Kesseler,4.0,16.5,2016.0,Economy
Pouilly-Fuissé Pentacrine 2016,France,Pouilly-Fuissé,Domaine Saumaize-Michelin,4.0,24.08,2016.0,Mid
Passerina (Unico) 2019,Italy,Terre di Chieti,Tenuta Ulisse,3.9,9.5,2019.0,Budget
Pinot Grigio 2019,Italy,Venezia Giulia,Sacchetto,3.7,4.94,2019.0,Budget
Niederhäuser Hermannshöhle Riesling Spätlese 2018,Germany,Nahe,Dönnhoff,4.1,29.9,2018.0,Mid
Steinreich Riesling 2017,Germany,Mosel,Ansgar Clüsserath,3.9,14.14,2017.0,Economy
Clisson 2017,France,Muscadet-Sevre et Maine,Pépière,3.5,17.06,2017.0,Economy
Châteauneuf-du-Pape Blanc 2017,France,Châteauneuf-du-Pape,Château de Nalys,3.8,66.0,2017.0,Premium
Chardonnay Riserva 2013,Italy,Südtirol - Alto Adige,Cantina Bolzano / Kellerei Bozen,3.9,18.5,2013.0,Economy
Grauburgunder Trocken 2018,Germany,Rheinhessen,Villa Welter,3.8,6.5,2018.0,Budget
Châteauneuf-du-Pape Blanc 2018,France,Châteauneuf-du-Pape,Château Mont-Redon,3.9,28.18,2018.0,Mid
Weissburgunder 2018,Germany,Rheinhessen,St. Antony,3.5,9.26,2018.0,Budget
Ungeheuer GG 2018,Germany,Pfalz,Von Winning,4.3,34.0,2018.0,Mid
Grauburgunder 2018,Germany,Baden,Klumpp,3.9,9.9,2018.0,Budget
Cantaloro Toscana Bianco 2018,Italy,Toscana,Avignonesi,3.6,9.65,2018.0,Budget
Steillage Riesling Trocken 2017,Germany,Mosel,Weinhaus Gebruder Steffen,3.6,9.53,2017.0,Budget
Fiano Salento 2018,Italy,Salento,Masseria Altemura,3.8,8.9,2018.0,Budget
Riebeeksrivier Chenin Blanc 2017,South Africa,Swartland,Cape of Good Hope,3.6,13.99,2017.0,Economy
Contraste Branco 2017,Portugal,Douro,Conceito,3.5,9.9,2017.0,Budget
Furmint 2017,Austria,Steiermark,Herrenhof Lamprecht,3.7,13.24,2017.0,Economy
Chardonnay 2018,Australia,Riverina,Pokerface,3.4,7.35,2018.0,Budget
Gorgona 2014,Italy,Toscana,Frescobaldi,4.3,213.4,2014.0,Luxury
Chardonnay 2017,Italy,Sicilia,Stemmari,3.5,6.23,2017.0,Budget
Premium Sauvignon Blanc 2019,New Zealand,Marlborough,Saint Clair,3.9,10.95,2019.0,Economy
Beaune 1er Cru Grèves Blanc 2011,France,Beaune 1er Cru 'Les Grèves',Jean-Marc Morey,4.3,48.43,2011.0,Mid
Chablis 1er Cru 'Vaillons' 2015,France,Chablis 1er Cru 'Vaillons',La Chablisienne,3.6,23.9,2015.0,Mid
Côtes de Provence Blanc 2018,France,Côtes de Provence,Château de Pampelonne,3.6,14.4,2018.0,Economy
Clos Saint Landelin Riesling 2016,France,Alsace,René Muré,4.0,29.15,2016.0,Mid
Weisser Burgunder Tradition 2017,Germany,Pfalz,Philipp Kuhn,3.5,11.19,2017.0,Economy
Nuat 2015,Spain,Pla de Bages,Abadal,4.1,23.3,2015.0,Mid
Perfiles Calcareo Chardonnay 2016,Argentina,Mendoza,Trapiche,3.5,15.9,2016.0,Economy
Vom Gelben Fels Riesling Trocken 2018,Germany,Pfalz,Weingut Weegmüller,3.9,8.4,2018.0,Budget
Weissburgunder Löss Trocken 2018,Germany,Rheinhessen,Manz,3.6,7.95,2018.0,Budget
Gamlitzer Morillon 2017,Austria,Südsteiermark,Sattlerhof,3.6,15.89,2017.0,Economy
Albariño 2019,Spain,Rías Baixas,Pazo Señorans,4.1,11.95,2019.0,Economy
Niedermenniger Herrenberg Riesling Auslese 2010,Germany,Mosel,Markus Molitor,4.0,39.95,2010.0,Mid
Chardonnay 2018,New Zealand,Marlborough,Saint Clair,3.5,11.45,2018.0,Economy
Josef Spreitzer Riesling Trocken 2018,Germany,Rheingau,Spreitzer,3.5,8.9,2018.0,Budget
Illusion Eins (Blanc de Noir) 2019,Germany,Ahr,Meyer - Näkel,4.0,13.48,2019.0,Economy
Riesling Kabinett Trocken 2018,Germany,Rheinhessen,Manz,3.8,7.8,2018.0,Budget
Novel Pacherenc du Vic-Bilh Sec 2017,France,Pacherenc du Vic-Bilh Sec,Vignobles Marie Maria,3.8,13.25,2017.0,Economy
Gelber Orléans Trocken 2017,Germany,Pfalz,Knipser,4.0,17.0,2017.0,Economy
Weissburgunder 2019,Germany,Rheinhessen,Pfannebecker,3.8,9.12,2019.0,Budget
St. Stephan Réserve Chardonnay Trocken 2015,Germany,Pfalz,Weingut Metzger,3.7,19.01,2015.0,Economy
Chardonnay Bourgogne 2017,France,Bourgogne,Frédéric Magnien,3.5,15.5,2017.0,Economy
Wehlener Sonnenuhr Riesling Spätlese 2017,Germany,Mosel,Markus Molitor,4.0,19.45,2017.0,Economy
Estate Sauvignon Blanc 2019,Chile,Maipo Valley,Nuevo Mundo,3.7,11.7,2019.0,Economy
Doosberg Riesling Trocken 2017,Germany,Rheingau,Peter Jakob Kühn,4.1,49.0,2017.0,Mid
Languedoc Blanc 2017,France,Languedoc,Mortiès,3.6,16.9,2017.0,Economy
Chardonnay - Torrontés 2019,Argentina,Tupungato,Domaine Bousquet,3.5,7.2,2019.0,Budget
Saint-Aubin 1er Cru 'Les Charmois' 2015,France,Saint-Aubin 1er Cru 'Le Charmois',Domaine Sylvain Morey,4.2,64.0,2015.0,Premium
Meursault Blanc 2016,France,Meursault,Bouchard Père & Fils,3.9,48.09,2016.0,Mid
Aufwind Sauvignon Blanc 2019,Germany,Pfalz,Hensel,3.9,9.9,2019.0,Budget
Sancerre Blanc 2018,France,Sancerre,La Poussie,3.9,27.2,2018.0,Mid
Loiserberg Grüner Veltliner 2016,Austria,Kamptal,Loimer,3.9,16.11,2016.0,Economy
Trarbacher Schlossberg Riesling Kabinett 2018,Germany,Mosel,Weiser-Künstler,4.2,15.0,2018.0,Economy
Broquel Chardonnay 2017,Argentina,Mendoza,Trapiche,3.4,10.5,2017.0,Economy
Pinot Grigio 2017,Italy,delle Venezie,Villa Cavarena,3.4,9.99,2017.0,Budget
Wicker Nonnberg Riesling Trocken 2018,Germany,Rheingau,Joachim Flick,4.0,13.84,2018.0,Economy
Benefizio Riserva Pomino Bianco 2018,Italy,Pomino,Castello Pomino,3.9,26.18,2018.0,Mid
Meursault 2016,France,Meursault,Domaine Henri Delagrange et Fils,4.2,46.21,2016.0,Mid
Riesling Trocken 2019,Germany,Pfalz,Georg Mosbacher,3.6,10.1,2019.0,Economy
Haardt Weissburgunder 2017,Germany,German Wine,Müller-Catoir,3.8,12.58,2017.0,Economy
Riesling Kabinett Feinherb 2018,Germany,Rheingau,Schloss Vollrads,3.8,12.9,2018.0,Economy
Chardonnay 2018,Italy,delle Venezie,Casa Lunardi,3.5,5.95,2018.0,Budget
Quater Vitis Blanco 2018,Italy,Terre Siciliane,Firriato,4.1,13.89,2018.0,Economy
Sommeracher Katzenkopf Silvaner Trocken 2014,Germany,Franken,Winzer Sommerach,3.6,6.77,2014.0,Budget
Pouilly-Fuissé 2016,France,Pouilly-Fuissé,Les Héritiers du Comte Lafon,4.1,56.83,2016.0,Premium
Antu Chardonnay 2016,Chile,Itata Valley,MontGras,3.6,11.9,2016.0,Economy
Schlossberg Achkarren GG Grauburgunder 2017,Germany,Baden,Franz Keller,4.1,35.0,2017.0,Mid
Elgin Chardonnay 2018,South Africa,Elgin,Boschendal,4.3,32.99,2018.0,Mid
Blanc 2016,France,Côtes Catalanes,Domaine de l'Horizon,4.1,35.58,2016.0,Mid
Bianco 2018,Italy,Terre Siciliane,Monte Pietroso,3.7,3.79,2018.0,Budget
Château Les Vergnes Bordeaux White 2018,France,Bordeaux,Univitis,3.3,6.78,2018.0,Budget
Virtus Moscato 2016,Brazil,Serra Gaúcha,Monte Paschoal,2.8,6.77,2016.0,Budget
Riesling Eisquell 2019,Germany,Rheinhessen,Battenfeld Spanier,3.5,10.74,2019.0,Economy
Chante-Alouette Hermitage Blanc 1999,France,Hermitage,M. Chapoutier,3.4,55.95,1999.0,Premium
Viognier 2017,United States,California,Gnarly Head,3.6,12.59,2017.0,Economy
Gelber Muskateller 2017,Austria,Südsteiermark,Lackner Tinnacher,3.4,12.6,2017.0,Economy
Gaisböhl G.C 2017,Germany,Pfalz,Dr. Bürklin-Wolf,3.8,44.91,2017.0,Mid
Blanco 2015,Spain,Rioja,Bodegas Aradon,3.5,4.0,2015.0,Budget
Pouilly-Fuissé L'Ancien Prieuré 2015,France,Pouilly-Fuissé,Régnard,3.7,43.16,2015.0,Mid
Grecante Grechetto Colli Martani 2019,Italy,Colli Martani,Arnaldo-Caprai,3.8,12.6,2019.0,Economy
Wiltinger Riesling Trocken 2018,Germany,Wiltingen,Reichsgraf von Kesselstatt,4.0,12.67,2018.0,Economy
Châteauneuf-du-Pape (Tradition) Blanc 2018,France,Châteauneuf-du-Pape,Domaine de la Janasse,4.1,49.9,2018.0,Mid
Pinot Blanc 2016,France,Alsace,Jean-Rémy Haeffelin,3.7,7.59,2016.0,Budget
Sancerre Blanc 2018,France,Sancerre,Alban Roblin,3.8,18.31,2018.0,Economy
Mont Mès Cuvée Bianco 2018,Italy,Vigneti delle Dolomiti,Castelfeder,3.6,7.5,2018.0,Budget
Bitácora Verdejo 2019,Spain,Rueda,Cuatro Rayas,3.9,4.28,2019.0,Budget
Zieregg Morillon 2017,Austria,Südsteiermark,Tement,4.1,48.06,2017.0,Mid
Riesling Feinherb 2018,Germany,Rheingau,Künstler,3.6,12.39,2018.0,Economy
Sanct Valentin Sauvignon 2019,Italy,Südtirol - Alto Adige,St. Michael-Eppan,4.1,20.9,2019.0,Mid
Eins Zu Eins Sauvignon Blanc 2019,Germany,Pfalz,Weingut A. Diehl,4.1,7.09,2019.0,Budget
Weisser Burgunder vom Kalksteinfels 2018,Germany,Pfalz,Philipp Kuhn,3.8,13.13,2018.0,Economy
Pomino Bianco 2019,Italy,Pomino,Castello Pomino,3.5,9.61,2019.0,Budget
Cavalcade Blanc 2018,France,Côtes du Roussillon,Château de Corneilla,4.1,12.14,2018.0,Economy
Saarburger Rausch Auslese Riesling ** 2015,Germany,Mosel,Markus Molitor,4.2,44.95,2015.0,Mid
Scharzhofberger Riesling Spätlese 2011,Germany,Mosel,Bischöfliche Weingüter Trier,4.1,30.78,2011.0,Mid
Zöbing Riesling 2018,Austria,Kamptal,Hirsch,3.9,12.87,2018.0,Economy
Pinot Bianco 2018,Italy,Südtirol - Alto Adige,Nals Margreid,3.6,9.9,2018.0,Budget
Basilicata Greco - Fiano 2017,Italy,Basilicata,Brandano,3.9,8.77,2017.0,Budget
Cuvée Verdejo 2016,Spain,Rueda,Valdecuevas,4.2,18.7,2016.0,Economy
Estro Chardonnay 2018,Italy,Veneto,Astoria,3.7,9.99,2018.0,Budget
Vom Muschelkalk Appenheimer Riesling Trocken 2018,Germany,Rheinhessen,Hofmann,3.7,10.0,2018.0,Budget
Orbel Riesling 2017,Germany,Rheinhessen,St. Antony,3.8,18.9,2017.0,Economy
Meursault 1er Cru Les Genevrières 2017,France,Meursault Premier Cru,Domaine Henri Boillot,4.1,119.0,2017.0,Luxury
Pinot Grigio 2019,Italy,delle Venezie,Cielo e Terra,3.6,4.82,2019.0,Budget
Derthona Timorasso Colli Tortonesi 2018,Italy,Colli Tortonesi,Vietti,3.8,25.9,2018.0,Mid
Weisser Burgunder Trocken 2015,Germany,Rheinhessen,Wittmann,3.7,11.11,2015.0,Economy
Chardonnay 2018,South Africa,McGregor,McGregor,3.5,5.55,2018.0,Budget
Riesling 2017,Germany,Mittelrhein,Weingut Toni Jost,3.5,8.4,2017.0,Budget
Campomaccione Vermentino Maremma Toscana 2019,Italy,Maremma Toscana,Rocca delle Macìe,4.0,8.4,2019.0,Budget
Grüner Veltliner Waldberg 2018,Austria,Weinviertel,Gmeinböck Poysdorf,3.6,8.75,2018.0,Budget
Tresolmos Lias Verdejo 2019,Spain,Rueda,Garciarevalo,4.0,8.84,2019.0,Budget
Seven Numbers Single Vineyard Furmint 2018,Slovenia,Podravje,Puklavec Family Wines,3.7,10.66,2018.0,Economy
Plansel Selecta Verdelho 2017,Portugal,Alentejano,Quinta da Plansel,3.8,8.9,2017.0,Budget
Camilla 2019,Italy,Lugana,Malavasi,4.2,11.4,2019.0,Economy
Felsenberg Riesling GG 2016,Germany,Nahe,Schäfer-Fröhlich,4.3,39.36,2016.0,Mid
Pinot Gris 2016,New Zealand,Marlborough,Leefield Station,3.4,13.9,2016.0,Economy
Les Genêts 2016,France,Provence,Château de Roquefort,3.7,14.9,2016.0,Economy
Op die Berg Chardonnay 2014,South Africa,Durbanville,De Grendel,4.1,26.69,2014.0,Mid
Mantele Sauvignon 2018,Italy,Südtirol - Alto Adige,Nals Margreid,3.9,16.47,2018.0,Economy
Pur Mineral Riesling 2017,Germany,Franken,Rudolf Fürst,3.8,14.0,2017.0,Economy
Friulano 2019,Italy,Colli Orientali del Friuli,Livio Felluga,3.9,18.9,2019.0,Economy
Château de la Chesnaie Sur Lie 2017,France,Muscadet-Sevre et Maine,Chéreau-Carré,3.8,8.24,2017.0,Budget
Maximin Herrenberg 1896 Riesling Alte Reben 2018,Germany,Mosel,Carl Loewen,4.1,22.23,2018.0,Mid
Weisser Burgunder Trocken 2018,Germany,Rheinhessen,Bischel,3.7,8.2,2018.0,Budget
Spiegel Sauvignon Blanc 2017,Austria,Südsteiermark,Weingut Erich & Walter Polz,3.2,11.59,2017.0,Economy
Sauvignon Côtes de Gascogne 2019,France,Côtes de Gascogne,Domaine du Tariquet,3.7,5.9,2019.0,Budget
Blauschiefer Riesling 2018,Germany,Mosel,Markus Molitor,3.8,9.6,2018.0,Budget
Heideboden Pinot Blanc 2018,Austria,Burgenland,Anita Nittnaus Hans,3.5,8.89,2018.0,Budget
Summercourt Chardonnay 2019,South Africa,Stellenbosch,Delaire Graff,3.9,12.5,2019.0,Economy
Oppenheimer Sackträger Riesling 2017,Germany,Rheinhessen,Weingut Bürgermeister Carl Koch,4.1,10.23,2017.0,Economy
Chablis 2018,France,Chablis,Domaine Servin,3.6,16.5,2018.0,Economy
Quant Riesling 2019,Germany,Mosel,Carl Loewen,3.9,7.5,2019.0,Budget
Op Sy Moer 2018,South Africa,Stellenbosch,Neil Ellis,3.1,27.06,2018.0,Mid
Chardonnay 2017,United States,California,Hacienda,3.5,7.95,2017.0,Budget
Weissburgunder Trocken 2018,Germany,Pfalz,Lucashof,3.6,10.93,2018.0,Economy
Chardonnay 2019,Chile,Central Valley,Antares,3.0,5.34,2019.0,Budget
Sauvignon Touraine 2018,France,Touraine,Raphael Midoir,3.8,7.95,2018.0,Budget
Viognier 2018,Spain,Castilla y León,Prieto Pariente,3.7,21.99,2018.0,Mid
Rajnai Rizling 2017,Hungary,Villány,Heumann,4.1,11.95,2017.0,Economy
Chardonnay 2018,Italy,Venezia Giulia,Alturis,3.7,8.27,2018.0,Budget
Petit Chablis 2018,France,Petit Chablis,Gerard Tremblay,3.6,11.99,2018.0,Economy
Soave 2018,Italy,Soave,Montecelli,3.5,5.79,2018.0,Budget
Mineral Chardonnay 2016,Germany,Pfalz,Friedrich Becker,4.0,40.28,2016.0,Mid
Heideboden Weiss 2018,Austria,Burgenland,Hannes Reeh,3.6,9.72,2018.0,Budget
Caroline 2016,Italy,Trentino-Alto Adige,Pranzegg,3.9,29.15,2016.0,Mid
Hipping Riesling 2016,Germany,Rheinhessen,Kühling-Gillot,3.8,43.77,2016.0,Mid
Scharzhofberger Riesling Kabinett 2016,Germany,Mosel,Bischöfliche Weingüter Trier,3.8,11.18,2016.0,Economy
Riesling Trocken 2018,Germany,Rheinhessen,Groebe,3.6,9.7,2018.0,Budget
Blauschiefer Trocken 2018,Germany,Mosel,Carl Loewen,4.0,9.69,2018.0,Budget
Damaszener Sauvignon Blanc 2019,Germany,Franken,Stahl,3.9,11.0,2019.0,Economy
Sauvignon Blanc 2019,New Zealand,Marlborough,Curious Kiwi,3.8,10.95,2019.0,Economy
Rully 2016,France,Rully,Chanson,3.6,21.95,2016.0,Mid
Scharzhofberger Riesling Spätlese 2016,Germany,Wiltingen,Egon Müller - Scharzhof,4.4,134.53,2016.0,Luxury
Escherndorfer Lump Silvaner 2018,Germany,Franken,Horst Sauer,3.9,16.0,2018.0,Economy
Splattered Toad Sauvignon Blanc 2018,South Africa,Coastal Region,Cape Point Vineyards,3.3,9.95,2018.0,Budget
Oktav Weissburgunder 2018,Germany,Baden,Heger,3.7,10.67,2018.0,Economy
Sauvignon Blanc 2016,Romania,Dealu Mare,Serafim,3.5,8.9,2016.0,Budget
Wehlener Sonnenuhr Alte Reben Riesling 2015,Germany,Mosel,Dr. Loosen,4.0,11.65,2015.0,Economy
Pioneer Block 1 Foundation Sauvignon Blanc 2019,New Zealand,Marlborough,Saint Clair,4.3,18.95,2019.0,Economy
Gris 2007,Italy,Friuli Isonzo,Lis Neris,3.9,48.43,2007.0,Mid
Esper Grüner Veltliner 2016,Austria,Niederösterreich,Matthias Warnung,3.5,18.43,2016.0,Economy
Bordeaux Blanc 2017,France,Bordeaux,Château Mont-Pérat,3.5,18.3,2017.0,Economy
Auf Der Mauer Riesling Trocken 2018,Germany,Pfalz,Dr. Von Bassermann-Jordan,3.9,19.44,2018.0,Economy
Charta Blanc 2016,Germany,Rheingau,Spreitzer,4.1,18.81,2016.0,Economy
Feldstück Chardonnay 2016,Austria,Niederösterreich,Matthias Warnung,3.8,19.4,2016.0,Economy
Chardonnay 2019,Italy,Südtirol - Alto Adige,St. Michael-Eppan,3.8,14.73,2019.0,Economy
Riesling Villa Loosen 2018,Germany,Mosel,Dr. Loosen,3.9,6.95,2018.0,Budget
Biscondola 2018,Italy,Toscana,Poderi del Paradiso,3.9,13.3,2018.0,Economy
Chardonnay delle Venezie 2019,Italy,delle Venezie,Corte Giara,3.8,6.4,2019.0,Budget
Chardonnay 2014,United States,Anderson Valley,Domaine Anderson,3.7,58.51,2014.0,Premium
Alte Reben Grüner Veltliner 2018,Austria,Carnuntum,Markowitsch,3.9,12.9,2018.0,Economy
Castel Ringberg Sauvignon 2018,Italy,Südtirol - Alto Adige,Elena Walch,3.8,19.3,2018.0,Economy
Fuchslahn Gewürztraminer 2016,Italy,Südtirol - Alto Adige,Klaus Lentsch,3.9,18.9,2016.0,Economy
Sancerre 2018,France,Sancerre,Monmousseau,4.1,19.5,2018.0,Economy
Pinot Gris 2016,New Zealand,Marlborough,Nautilus,3.4,18.97,2016.0,Economy
Vieilles Vignes Chassagne-Montrachet 2017,France,Chassagne-Montrachet,David Moret-Nomine,4.3,52.9,2017.0,Premium
Hermitage Blanc 2016,France,Hermitage,E. Guigal,4.0,52.01,2016.0,Premium
A Le Grand 2017,France,Bourgogne Aligoté,David Moret-Nomine,3.8,13.5,2017.0,Economy
Der kleine Bär Weiss 2019,Germany,Pfalz,Oliver Zeter,3.7,6.9,2019.0,Budget
Riesling Kabinett 2017,Germany,Nahe,Gut Hermannsberg,3.9,13.52,2017.0,Economy
Grüner Veltliner 2019,Austria,Niederösterreich,Weingut Bründlmayer,3.8,14.52,2019.0,Economy
Wehlener Klosterberg Pinot Blanc 2017,Germany,Mosel,Markus Molitor,3.8,27.5,2017.0,Mid
Zeltinger Sonnenuhr Riesling Spätlese 2018,Germany,Mosel,Markus Molitor,4.1,21.45,2018.0,Mid
Curiós Xarel-lo 2019,Spain,Penedès,Albet i Noya,3.5,8.95,2019.0,Budget
Ried Alte Setzen Erste Lage Grüner Veltliner 2018,Austria,Traisental,Markus Huber,3.8,13.15,2018.0,Economy
Meursault-Blagny Premier Cru Château de Blagny 2017,France,Meursault 1er Cru 'Blagny',Louis Latour,4.1,53.51,2017.0,Premium
Altos R Blanco 2017,Spain,Rioja,Altos de Rioja,3.3,7.11,2017.0,Budget
Dom Riesling Feinherb 2016,Germany,Mosel,Bischöfliche Weingüter Trier,3.6,9.13,2016.0,Budget
Recit Roero Arneis 2019,Italy,Roero,Monchiero Carbone,3.7,8.65,2019.0,Budget
Ribolla Gialla 2018,Italy,Friuli-Venezia Giulia,Luisa,3.6,17.09,2018.0,Economy
Luberon La Ciboise Blanc 2018,France,Luberon,M. Chapoutier,3.6,7.66,2018.0,Budget
Grauburgunder S 2018,Germany,Nahe,Dönnhoff,4.0,20.5,2018.0,Mid
Verdeo Verdejo 2019,Spain,Rueda,Torres,3.5,7.63,2019.0,Budget
Pinot Grigio 2019,Italy,delle Venezie,Casa Lunardi,3.7,5.45,2019.0,Budget
Riesling 2016,Germany,Johannisberg,Prinz von Hessen,4.0,27.5,2016.0,Mid
Nierstein Riesling 2018,Germany,Rheinhessen,Kühling-Gillot,4.1,27.26,2018.0,Mid
Domaine San de Guilhem Colombard - Sauvignon Blanc Gascogne Blanc Sec 2016,France,Gascogne,Lionel Osmin & Cie,3.5,5.31,2016.0,Budget
Memòries de Biniagual Blanc 2018,Spain,Binissalem-Mallorca,Biniagual,3.5,14.13,2018.0,Economy
Diel de Diel Weisses Cuvée Trocken 2018,Germany,Nahe,Diel,4.0,10.63,2018.0,Economy
Essence du Cap Sauvignon Blanc 2017,South Africa,Western Cape,Fleur du Cap,3.3,8.75,2017.0,Budget
Dorna Velha Branco 2017,Portugal,Douro,Quinta do Silval,3.8,8.77,2017.0,Budget
SL Riesling Kabinett 2017,Germany,Mosel,Schloss Lieser,3.8,11.5,2017.0,Economy
Fendant 2016,Switzerland,Valais,Délival,3.5,17.59,2016.0,Economy
Rausch GG 2018,Germany,Mosel,Forstmeister Geltz-Zilliken,4.0,41.1,2018.0,Mid
Wechselspiel 2018,Germany,Pfalz,Weingut Metzger,3.8,6.77,2018.0,Budget
Cirò Bianco 2019,Italy,Cirò,Tenuta Iuzzolini,3.8,6.7,2019.0,Budget
Viognier Principauté d'Orange 2019,France,Vin de Pays,Domaine de la Janasse,4.0,14.9,2019.0,Economy
Martin Nittnaus Elektra 2018,Austria,Burgenland,Anita Nittnaus Hans,3.7,18.06,2018.0,Economy
Karneid Kerner 2017,Italy,Südtirol - Alto Adige,Franz Gojer,3.8,13.9,2017.0,Economy
Lagar de Darei Private Selection Branco 2015,Portugal,Dão,Darei,3.9,11.7,2015.0,Economy
Ried Schütt Dürnsteiner Riesling Smaragd 2018,Austria,Wachau,Weingut Knoll,4.1,42.0,2018.0,Mid
Qvinterra Scheurebe Trocken 2018,Germany,Rheinhessen,Kühling-Gillot,3.9,10.7,2018.0,Economy
Himmelspfad Silvaner GG Retzstadter Langenberg 2015,Germany,Franken,Rudolf May,4.2,35.0,2015.0,Mid
Moscato 2019,United States,California,Gallo Family Vineyards,3.6,6.05,2019.0,Budget
Reserve Chardonnay 2015,United States,Los Carneros,Robert Mondavi,4.2,61.0,2015.0,Premium
Molino delle Balze Chardonnay 2018,Italy,Toscana,Rocca di Castagnoli,3.9,15.5,2018.0,Economy
Riesling Alsace Grand Cru 'Geisberg' 2013,France,Alsace Grand Cru 'Geisberg',Trimbach,4.3,71.39,2013.0,Premium
Verdejo Fermentado en Barrica 2018,Spain,Rueda,José Pariente,3.9,19.65,2018.0,Economy
Zeltinger Sonnenuhr Riesling Auslese*** 2018,Germany,Mosel,Markus Molitor,4.4,82.86,2018.0,Premium
Villa Mura Chardonnay 2018,Italy,Veneto,Sartori,3.3,4.57,2018.0,Budget
Riesling Trocken 2015,Germany,Pfalz,Schwedhelm Zellertal,3.7,9.37,2015.0,Budget
Chardonnay Réserve 2017,Germany,Rheinhessen,Knewitz,4.0,29.41,2017.0,Mid
Bâtard-Montrachet Grand Cru 2015,France,Bâtard-Montrachet Grand Cru,Domaine Henri Boillot,4.6,520.0,2015.0,
Estate Gewürztraminer 2012,France,Alsace Grand Cru,Hugel,3.9,16.95,2012.0,Economy
1000-Eimerberg Smaragd Riesling 2018,Austria,Wachau,Gritsch Mauritiushof,4.3,28.24,2018.0,Mid
Pouilly-Fumé 2018,France,Pouilly-Fumé,Langlois-Chateau,3.8,19.9,2018.0,Economy
Sauvignon Blanc 2017,South Africa,Stellenbosch,Drostdy-Hof,3.4,6.4,2017.0,Budget
Splattered Toad Sauvignon Blanc 2019,South Africa,Coastal Region,Cape Point Vineyards,3.5,9.5,2019.0,Budget
Chardonnay Unwooded 2019,South Africa,Paarl,Glen Carlou,3.4,10.5,2019.0,Economy
Fiano Salento Acante 2019,Italy,Salento,Castello Monaci,3.8,8.89,2019.0,Budget
RS Weissburgunder 2017,Germany,Baden,Salwey,3.7,16.3,2017.0,Economy
"Weissburgunder Trocken ""Vom Kalk"" 2018",Germany,Rheinhessen,Weingut Gunderloch,3.8,9.7,2018.0,Budget
Grünschiefer Riesling 2018,Germany,Nahe,Prinz Salm,3.6,12.57,2018.0,Economy
Terroir Selection Chenin Blanc 2017,South Africa,Walker Bay,Springfontein,3.9,17.9,2017.0,Economy
Blanco Sensación 2018,Spain,Abona,Flor de Chasna,3.9,11.99,2018.0,Economy
Saleit Chardonnay 2018,Italy,Südtirol - Alto Adige,Cantina Kaltern,3.5,11.6,2018.0,Economy
Crocodile's Lair Kaaimansgat Chardonnay 2018,South Africa,Overberg,Bouchard Finlayson,4.0,17.5,2018.0,Economy
Steinbuckel Riesling GG 2016,Germany,Pfalz,Knipser,4.0,27.0,2016.0,Mid
Picpoul de Pinet 2019,France,Picpoul de Pinet,Gérard Bertrand,3.9,10.42,2019.0,Economy
Chardonnay 2017,South Africa,Stellenbosch,Drostdy-Hof,3.5,6.14,2017.0,Budget
Grüner Veltliner 2016,Austria,Wien,Hajszan Neumann,3.5,26.7,2016.0,Mid
Calaventana Alcamo 2017,Italy,Alcamo,Firriato,3.4,7.99,2017.0,Budget
Talò Verdeca 2019,Italy,Puglia,San Marzano,3.6,8.9,2019.0,Budget
Verdejo 2019,Spain,Rueda,Nava Real,3.4,7.95,2019.0,Budget
Himmelspfad Silvaner GG Retzstadter Langenberg 2017,Germany,Franken,Rudolf May,4.1,42.89,2017.0,Mid
Trebbiano d'Abruzzo 2017,Italy,Trebbiano d'Abruzzo,Villamedoro,3.3,7.3,2017.0,Budget
Nierstein Riesling Trocken 2016,Germany,Rheinhessen,Weingut Gunderloch,3.7,11.69,2016.0,Economy
Vitus Grauburgunder 2017,Germany,Baden,Heger,3.8,12.9,2017.0,Economy
Dalila Riserva 2018,Italy,Sicilia,Feudo Arancio,3.8,8.5,2018.0,Budget
Grüner Veltliner L & T (Leicht und Trocken) 2015,Austria,Niederösterreich,Weingut Bründlmayer,3.5,10.9,2015.0,Economy
Erdeluftgrasundreben WB 2017,Austria,Burgenland,Claus Preisinger,4.0,30.71,2017.0,Mid
Scharzhofberger P Riesling 2018,Germany,Wiltingen,Van Volxem,4.1,37.83,2018.0,Mid
Avesso 2017,Portugal,Vinho Verde,AB Valley,3.8,8.68,2017.0,Budget
Doss Chardonnay 2018,Italy,Südtirol - Alto Adige,Castelfeder,3.6,10.86,2018.0,Economy
Weisser Burgunder Trocken 2018,Germany,Rheinhessen,Wittmann,3.6,11.0,2018.0,Economy
Pouilly-Fuissé Pentacrine 2015,France,Pouilly-Fuissé,Domaine Saumaize-Michelin,3.9,23.49,2015.0,Mid
Roero Pradalupo Arneis 2019,Italy,Roero,Fontanafredda,4.1,11.07,2019.0,Economy
Pouilly-Fuissé 'Les Chailloux' 2017,France,Pouilly-Fuissé,Auvigue,3.9,25.9,2017.0,Mid
Bronzelack Riesling Trocken 2019,Germany,Rheingau,Schloss Johannisberg,4.2,23.28,2019.0,Mid
Riesling Trocken 2019,Germany,Rheingau,Robert Weil,4.0,13.5,2019.0,Economy
Grauer Burgunder Trocken 2017,Germany,Rheinhessen,Wittmann,3.3,11.4,2017.0,Economy
1769 Clos Venturi Blanc 2018,France,Vin de Corse,Domaine Vico,3.7,15.9,2018.0,Economy
Faß 6 Senior Ayler Riesling 2019,Germany,Mosel,Peter Lauer,4.2,16.11,2019.0,Economy
Vignes Blanches Pouilly-Fuissé 2017,France,Pouilly-Fuissé,Domaine Saumaize-Michelin,4.1,25.15,2017.0,Mid
Sauvignon Blanc 2019,New Zealand,Marlborough,Wild Rock,4.0,13.5,2019.0,Economy
Balbino Vermentino di Maremma Toscana 2019,Italy,Maremma Toscana,Terenzi,3.9,10.6,2019.0,Economy
Alte Reben Riesling Trocken 2019,Germany,Baden,Alexander Laible,4.3,13.41,2019.0,Economy
Grauer Burgunder Trocken 2018,Germany,Pfalz,Lergenmüller,3.9,9.73,2018.0,Budget
Riesling Auslese Paradies 2015,Germany,Nahe,Korrell,4.1,13.5,2015.0,Economy
Barrel Selection Viognier 2016,South Africa,Stellenbosch,Anura,4.2,14.95,2016.0,Economy
Montrachet Grand Cru Marquis de Laguiche 2017,France,Montrachet Grand Cru,Joseph Drouhin,4.9,681.37,2017.0,
Weisser Burgunder II 2018,Germany,Pfalz,Von Winning,3.8,13.0,2018.0,Economy
Sauvignon Blanc Trocken 2019,Germany,Pfalz,Weingut Metzger,3.9,9.9,2019.0,Budget
Morstein Riesling 2016,Germany,Rheinhessen,K.Wechsler,3.7,27.69,2016.0,Mid
Graacher Himmelreich Riesling Kabinett 2017,Germany,Mosel,Schloss Lieser,4.1,18.52,2017.0,Economy
Baronne Charlotte Graves Blanc 2016,France,Graves,Baron Philippe de Rothschild,3.8,16.59,2016.0,Economy
Pošip Majstor 2016,Croatia,Dalmatian Coast,Stina,4.1,28.9,2016.0,Mid
Grau - und Weissburgunder Langenloiser Spiegel 2016,Austria,Niederösterreich,Weingut Bründlmayer,3.9,20.54,2016.0,Mid
Sauvignon Blanc 2019,South Africa,Stellenbosch,Zevenwacht,3.8,9.95,2019.0,Budget
Chardonnay 2019,Spain,Navarra,Pago de Cirsus,3.9,6.5,2019.0,Budget
Ürziger Würzgarten Riesling Auslese 2015,Germany,Mosel,Markus Molitor,4.5,99.95,2015.0,Premium
Oberbergener Bassgeige Chardonnay 2018,Germany,Baden,Franz Keller,3.8,13.06,2018.0,Economy
Fiano Di Avellino Pietracalda 2019,Italy,Fiano de Avellino,Feudi di San Gregorio,4.0,18.9,2019.0,Economy
Viognier 2015,France,Vin de Pays,Bomont de Cormeil,4.1,18.9,2015.0,Economy
Ingenuity White Blend 2017,South Africa,Coastal Region,Nederburg,3.9,23.33,2017.0,Mid
Otto Muri 2016,Italy,Toscana,Collazzi,3.7,12.14,2016.0,Economy
Liebfraumilch 2017,Germany,Pfalz,Vom Mann Mit Hut,3.5,8.49,2017.0,Budget
Calasole Vermentino 2019,Italy,Maremma Toscana,Rocca di Montemassi,4.0,8.9,2019.0,Budget
Gavi 2018,Italy,Gavi,Batasiolo,3.4,10.99,2018.0,Economy
Geheimrat J Riesling Spätlese Trocken 2016,Germany,Rheingau,Weingüter Wegeler,3.8,24.9,2016.0,Mid
Frauenweingarten Grüner Veltliner Federspiel 2014,Austria,Wachau,Tegernseerhof,3.6,11.89,2014.0,Economy
Vernaccia di San Gimignano 2019,Italy,Vernaccia di San Gimignano,Teruzzi & Puthod,3.4,8.68,2019.0,Budget
Wiener Gemischter 2019,Austria,Wiener Gemischter Satz,Mayer am Pfarrplatz,3.7,12.99,2019.0,Economy
Viognier 2016,France,Pays d'Oc,Baron Philippe de Rothschild,3.7,8.69,2016.0,Budget
Chassagne-Montrachet Premier Cru 2017,France,Chassagne-Montrachet Premier Cru,Louis Latour,4.0,59.99,2017.0,Premium
C. A.I. Riesling Kabinett 2018,Germany,Mosel,Immich-Batterieberg,3.6,10.82,2018.0,Economy
Dom Riesling Feinherb 2017,Germany,Mosel,Bischöfliche Weingüter Trier,3.9,7.69,2017.0,Budget
Lügle 2015,Germany,Baden,Ziereisen,4.1,18.53,2015.0,Economy
Silvaner Trocken 2019,Germany,Franken,Juliusspital,3.7,8.4,2019.0,Budget
Iglič Furmint 2016,Slovenia,Štajerska,Gross,4.2,32.87,2016.0,Mid
Roter Veltliner Scheiben 2017,Austria,Wagram,Leth,4.0,26.5,2017.0,Mid
Steirische Klassik Weissburgunder 2018,Austria,Südsteiermark,Weingut Erich & Walter Polz,3.6,13.8,2018.0,Economy
Pecorino 2019,Italy,Terre di Chieti,Vanitá,3.9,6.25,2019.0,Budget
Scharzhofberger Riesling Auslese 2018,Germany,Wiltingen,Egon Müller - Scharzhof,4.2,506.89,2018.0,
Weisser Burgunder Trocken 2017,Germany,Rheinhessen,Wittmann,3.9,11.51,2017.0,Economy
Steffensberg 2014,Germany,Mosel,Immich-Batterieberg,3.9,25.24,2014.0,Mid
Reserve Collection Chardonnay 2019,South Africa,Western Cape,Oude Kaap,3.4,5.03,2019.0,Budget
Picpoul de Pinet 2017,France,Picpoul de Pinet,Mas des Mas,3.3,8.68,2017.0,Budget
Röttgen Riesling Kabinett 2018,Germany,Mosel,Reinhard Knebel,3.9,16.58,2018.0,Economy
Chardonnay 2019,South Africa,Western Cape,Plaisir de Merle,3.9,12.11,2019.0,Economy
Grüner Veltliner Federspiel Pichlpoint 2018,Austria,Wachau,Domäne Wachau,3.7,11.21,2018.0,Economy
Hermannsberg GG 2015,Germany,Nahe,Gut Hermannsberg,4.1,43.43,2015.0,Mid
Pinot Bianco 2018,Italy,Südtirol - Alto Adige,Kurtatsch (Cortaccia),3.6,9.4,2018.0,Budget
Riesling Trocken 2018,Germany,Rheingau,Schloss Reinhartshausen,3.6,10.0,2018.0,Budget
Vom Schiefer Riesling Feinherb 2017,Germany,Mosel,Ansgar Clüsserath,3.7,9.26,2017.0,Budget
Sauvignon Blanc 2018,Austria,Steiermark,Erwin Sabathi,3.6,17.2,2018.0,Economy
Colombard - Ugni Blanc 2018,France,Côtes de Gascogne,Château de Millet,3.3,5.5,2018.0,Budget
Hermitage Le Chevalier de Sterimberg 2017,France,Hermitage,Paul Jaboulet Aîné,4.3,78.75,2017.0,Premium
Collio Friulano 2018,Italy,Collio,Marco Felluga,3.7,19.48,2018.0,Economy
Viura 2018,Spain,La Mancha,Finca Antigua,3.9,6.96,2018.0,Budget
Chardonnay 2019,Italy,Venezia Giulia,Jermann,3.9,18.3,2019.0,Economy
Vom Roten Schiefer 2018,Germany,Mosel,Clemens Busch,4.1,16.0,2018.0,Economy
Gewürztraminer 2018,France,Alsace,Boeckel,3.4,12.95,2018.0,Economy
Riesling Alsace Grand Cru 'Engelberg' 2016,France,Alsace Grand Cru 'Engelberg',Domaine Pfister,4.3,28.5,2016.0,Mid
Josephshöfer Riesling Kabinett Feinherb 2018,Germany,Mosel,Reichsgraf von Kesselstatt,3.8,15.16,2018.0,Economy
Poggio ai Ginepri Bianco 2017,Italy,Toscana,Tenuta Argentiera,3.6,18.81,2017.0,Economy
Blanc de Blancs 2018,Spain,Binissalem-Mallorca,Macià Batle,3.6,16.95,2018.0,Economy
Chardonnay 2016,Australia,McLaren Vale,Food Truck,3.3,8.67,2016.0,Budget
Châteauneuf-du-Pape (La Crau) Blanc 2017,France,Châteauneuf-du-Pape,Domaine du Vieux Télégraphe,3.9,73.29,2017.0,Premium
Sauvignon Blanc Ried Steinbach 2017,Austria,Südsteiermark,Lackner Tinnacher,3.8,43.8,2017.0,Mid
Classic White Blend 2019,South Africa,Western Cape,Roodeberg,3.5,7.2,2019.0,Budget
Traiser Rotenfels Riesling Trocken 2016,Germany,Nahe,Dr. Crusius,3.7,18.49,2016.0,Economy
Chardonnay 2017,Austria,Niederösterreich,Weingut Bründlmayer,4.1,35.7,2017.0,Mid
Vineyard Selection Sauvignon Blanc 2019,South Africa,Stellenbosch,Kleine Zalze,3.9,11.5,2019.0,Economy
Pinot Grigio 2018,Italy,delle Venezie,Paladin,3.5,6.7,2018.0,Budget
Riesling Alsace Grand Cru 'Schlossberg' 2014,France,Alsace Grand Cru 'Schlossberg',Trimbach,4.0,48.45,2014.0,Mid
Lenz 2019,Italy,Südtirol - Alto Adige,Ritterhof,4.0,9.46,2019.0,Budget
Ihringer Winklerberg Grauburgunder 2018,Germany,Baden,Dr. Heger,3.9,17.9,2018.0,Economy
La Croix Boissée Chinon Blanc 2018,France,Chinon,Bernard Baudry,4.2,24.95,2018.0,Mid
Gorgorito Verdejo 2019,Spain,Rueda,Bodegas Copaboca,3.7,6.73,2019.0,Budget
Mercurey 'En Pierrelet' Blanc 2016,France,Mercurey,Château de Chamirey,4.1,38.75,2016.0,Mid
Chardonnay 2019,France,Pays d'Oc,Les Jamelles,3.6,6.05,2019.0,Budget
Pinot Grigio 2019,Italy,Südtirol - Alto Adige,Alois Lageder,3.6,11.5,2019.0,Economy
Cordillera Reserva Especial Chardonnay 2019,Chile,Limarí Valley,Miguel Torres,3.6,14.99,2019.0,Economy
Rully 1er Cru 'Rabourcé' 2017,France,Rully 1er Cru 'Rabourcé',Domaine Belleville,4.1,31.0,2017.0,Mid
Gelber Muskateller 2018,Germany,Pfalz,Dr. Von Bassermann-Jordan,3.9,13.69,2018.0,Economy
Straden Grauburgunder 2018,Austria,Steiermark,Neumeister,3.9,14.54,2018.0,Economy
Chardonnay Kleinstein 2018,Italy,Südtirol - Alto Adige,Cantina Bolzano / Kellerei Bozen,3.7,12.6,2018.0,Economy
Singladuras Verdejo 2017,Spain,Rueda,Montecillo,3.7,8.72,2017.0,Budget
Domaine Sainte Barbe La Perrière Viré-Clessé 2016,France,Viré-Clessé,Chaland Jean-Marie,3.7,20.37,2016.0,Mid
Chardonnay 2019,Italy,Südtirol - Alto Adige,Terlan (Terlano),3.8,10.85,2019.0,Economy
Free Run Sauvignon Blanc 2018,South Africa,Western Cape,Flagstone,3.6,14.95,2018.0,Economy
Réserve Graves Blanc 2017,France,Graves,Mouton Cadet,3.4,14.83,2017.0,Economy
Ciari Ribolla Gialla 2018,Italy,Venezia Giulia,Borgo Molino,3.6,10.24,2018.0,Economy
Gavi del Comune di Gavi 2019,Italy,Gavi,Ascheri,3.9,12.85,2019.0,Economy
Falanghina Salento 2018,Italy,Salento,Masseria Altemura,3.5,8.9,2018.0,Budget
LR 2015,Italy,Südtirol - Alto Adige,Colterenzio (Schreckbichl),4.5,77.01,2015.0,Premium
Pinot Bianco (Selezione) 2018,Italy,Südtirol - Alto Adige,Elena Walch,3.8,12.9,2018.0,Economy
Isabella - Chardonnay 2018,South Africa,Stellenbosch,Muratie,3.9,12.83,2018.0,Economy
Catarratto Sicilia Antisa Regaleali 2013,Italy,Terre Siciliane,Tasca d'Almerita,3.2,13.53,2013.0,Economy
The River Garden Flower Collection Unwooded Chardonnay 2018,South Africa,Stellenbosch,Lourensford,3.1,6.99,2018.0,Budget
Little James' Basket Press Blanc 2019,France,Pays d'Oc,Château de Saint Cosme,3.6,7.9,2019.0,Budget
Piesporter Goldtröpfchen Riesling Trocken 2017,Germany,Piesport,Kurt Hain,3.8,16.52,2017.0,Economy
Pinot Grigio (Selezione) 2019,Italy,Südtirol - Alto Adige,Elena Walch,3.7,12.49,2019.0,Economy
Grauburgunder Trocken 2019,Germany,Rheinhessen,Manz,3.8,7.5,2019.0,Budget
Chardonnay Sicilia 2019,Italy,Terre Siciliane,Settesoli,3.4,5.79,2019.0,Budget
Bastei GG 2014,Germany,Nahe,Gut Hermannsberg,3.8,36.5,2014.0,Mid
Grüner Veltliner Lamm 1 ÖTW 2018,Austria,Kamptal,Schloss Gobelsburg,4.2,33.8,2018.0,Mid
Brauneberger Juffer Sonnenuhr Riesling Spätlese 2018,Germany,Brauneberg,Fritz Haag,4.1,20.5,2018.0,Mid
Vintners Blend Chardonnay 2017,United States,California,Ravenswood,3.4,10.35,2017.0,Economy
Weissburgunder Trocken 2017,Germany,Pfalz,Dr. Bürklin-Wolf,3.6,12.19,2017.0,Economy
Shamaris (Grillo) 2019,Italy,Sicilia,Cusumano,3.6,7.7,2019.0,Budget
Tianna Bocchoris Blanc 2018,Spain,Mallorca,Tianna Negre,4.1,15.59,2018.0,Economy
Weissburgunder in der Låmm 2017,Italy,Vigneti delle Dolomiti,Weingut Abraham,4.0,19.82,2017.0,Economy
Chardonnay 2018,France,Pays d'Oc,Les Salices,3.5,7.1,2018.0,Budget
Gaudium Fiano di Avellino 2018,Italy,Fiano de Avellino,I Capitani,4.1,11.61,2018.0,Economy
Melck's Sauvignon Blanc 2019,South Africa,Stellenbosch,Muratie,3.9,9.05,2019.0,Budget
Chardonnay 2019,France,Côtes de Thongue,Domaine Montrose,3.5,8.69,2019.0,Budget
Les Princes Abbés Muscat Alsace 2018,France,Alsace,Domaines Schlumberger,3.6,16.4,2018.0,Economy
Handwerk Riesling 2018,Germany,Pfalz,Leiner,3.6,8.9,2018.0,Budget
Chassagne-Montrachet 1er Cru 'Les Chaumées' 2014,France,Chassagne-Montrachet 1er Cru 'Les Chaumes',Vincent Girardin,4.3,65.9,2014.0,Premium
Hochheimer Mainterrassen Riesling 2016,Germany,Rheingau,Künstler,3.5,12.55,2016.0,Economy
Riesling Fructus 2019,Germany,Rheingau,Barth,4.2,12.53,2019.0,Economy
Corte del Lupo Bianco 2018,Italy,Curtefranca,Ca' del Bosco,3.9,26.5,2018.0,Mid
Gavi Valentino 2019,Italy,Gavi,La Scolca,3.8,12.49,2019.0,Economy
Santigaìni 2015,Italy,Isola dei Nuraghi,Capichera,4.5,116.0,2015.0,Luxury
Meursault 1er Cru 'Les Charmes-Dessus' 2013,France,Meursault 1er Cru 'Charmes',Vincent Girardin,4.2,84.9,2013.0,Premium
Greco Di Tufo Cutizzi 2019,Italy,Greco di Tufo,Feudi di San Gregorio,3.8,17.99,2019.0,Economy
Sauvignon Blanc 2018,Spain,La Mancha,Añoranza,3.1,3.75,2018.0,Budget
Ausstich Grüner Veltliner 2018,Austria,Weinviertel,Setzer,3.7,13.6,2018.0,Economy
Riesling 2019,Germany,Rheinhessen,Krämer - Straight,4.0,8.49,2019.0,Budget
Rjgialla 2019,Italy,Colli Orientali del Friuli,La Tunella,3.8,13.5,2019.0,Economy
Oestricher Klosterberg Riesling Trocken 2017,Germany,Rheingau,Peter Jakob Kühn,3.9,23.4,2017.0,Mid
Grauburgunder 2019,Germany,Pfalz,Oliver Zeter,3.8,8.5,2019.0,Budget
Weisze Freyheit 2017,Austria,Burgenland,Heinrich,3.6,23.61,2017.0,Mid
Trebbiano d'Abruzzo 2017,Italy,Trebbiano d'Abruzzo,Caldora,3.5,4.54,2017.0,Budget
Petit Chablis 2018,France,Petit Chablis,Louis Michel & Fils,3.7,19.35,2018.0,Economy
Oestricher Doosberg Alte Reben Riesling Trocken 2018,Germany,Rheingau,Spreitzer,4.0,18.84,2018.0,Economy
Amstramgram Quartier Libre 2018,France,Languedoc-Roussillon,Calmel & Joseph,3.4,7.75,2018.0,Budget
Gönnheimer Alter Satz Trocken 2018,Germany,Pfalz,Eymann,3.8,8.9,2018.0,Budget
Bertesca Vernaccia di San Gimignano 2018,Italy,Vernaccia di San Gimignano,Castelli del Grevepesa,3.5,9.03,2018.0,Budget
Stromberg Riesling GG 2016,Germany,Nahe,Schäfer-Fröhlich,4.2,42.51,2016.0,Mid
Oestricher Klosterberg Riesling Trocken 2016,Germany,Rheingau,Peter Jakob Kühn,3.9,26.7,2016.0,Mid
Westhofener Weisser Burgunder - Chardonnay Trocken 2018,Germany,Rheinhessen,Wittmann,3.8,19.95,2018.0,Economy
Fief Guérin Vieilles Vignes Muscadet Côtes de Grandlieu Sur Lie 2018,France,Muscadet-Côtes de Grandlieu,Domaine des Herbauges,3.4,10.69,2018.0,Economy
Côtes De Gascogne Amplitude 2018,France,Côtes de Gascogne,Domaine du Tariquet,3.4,9.0,2018.0,Budget
Villa Antinori Pinot Bianco 2018,Italy,Toscana,Tenuta Monteloro,3.8,15.51,2018.0,Economy
Bianco di Custoza 2019,Italy,Bianco di Custoza,Zenato,3.7,5.0,2019.0,Budget
Iphöfer Scheurebe 2017,Germany,Franken,Hans Wirsching,3.8,12.19,2017.0,Economy
Kirchspiel Riesling GG 2017,Germany,Rheinhessen,Groebe,4.1,32.0,2017.0,Mid
Gamlitzer Sauvignon Blanc 2018,Austria,Südsteiermark,Sattlerhof,3.7,16.21,2018.0,Economy
Chardonnay Uno 2012,Spain,Somontano,Enate,4.2,416.02,2012.0,Luxury
Gemischter Satz 2019,Austria,Wien,Zahel,3.5,8.8,2019.0,Budget
Châteauneuf-du-Pape Blanc 2017,France,Châteauneuf-du-Pape,Domaine de Beaurenard,4.0,35.0,2017.0,Mid
Verdejo 2016,Spain,Rueda,Reina de Castilla,4.0,9.99,2016.0,Budget
Gutswein Grauburgunder (Trocken) 2018,Germany,Rheinhessen,Wagner-Stempel,3.8,12.0,2018.0,Economy
Chardonnay 2018,Austria,Burgenland,Scheiblhofer,3.8,17.45,2018.0,Economy
Ca'Nova Lugana 2018,Italy,Lugana,Cecilia Beretta,3.7,11.98,2018.0,Economy
Langenlois Käferberg 2016,Austria,Kamptal,Loimer,4.0,31.59,2016.0,Mid
101 Riesling 2018,Germany,Rheingau,Spreitzer,4.0,10.0,2018.0,Budget
Whale Pod Sauvignon Blanc 2017,South Africa,Walker Bay,Creation,3.7,10.0,2017.0,Budget
Albariño Rías Baixas 2019,Spain,Rías Baixas,Ramón Bilbao,3.6,11.48,2019.0,Economy
Alvarinho 2017,Portugal,Tejo,Quinta da Lapa,3.8,8.77,2017.0,Budget
Gavi 2017,Italy,Gavi,Elio Filippino,3.7,9.9,2017.0,Budget
Chassagne-Montrachet 1er Cru Morgeot Monopole Clos de La Chapelle Blanc 2017,France,Chassagne-Montrachet 1er Cru 'Morgeot',Louis Jadot - Domaine Duc de Magenta,4.4,98.15,2017.0,Premium
Douro Reserva Duas Quintas Branco 2018,Portugal,Douro,Ramos Pinto,3.8,17.44,2018.0,Economy
Herrenbuck Grauburgunder 2018,Germany,Baden,Kiefer,3.9,7.26,2018.0,Budget
Hipping Riesling 2017,Germany,Rheinhessen,Kühling-Gillot,4.4,42.51,2017.0,Mid
Gavi del Comune di Gavi 2019,Italy,Gavi,Monchiero Carbone,3.7,8.99,2019.0,Budget
Chardonnay 2019,Italy,Südtirol - Alto Adige,Tramin,3.6,8.62,2019.0,Budget
Ürziger Würzgarten Riesling Auslese 2015,Germany,Mosel,Karl Erbes,4.0,16.0,2015.0,Economy
Heldenstück Riesling Trocken 2018,Germany,Mosel,Schloss Lieser,3.7,14.4,2018.0,Economy
Pinot Gris Grand Premier Cru 2016,Luxembourg,Côtes de Grevenmacher,Bernard-Massard,3.8,14.83,2016.0,Economy
Corton-Charlemagne Grand Cru 2017,France,Corton-Charlemagne Grand Cru,Joseph Drouhin,4.5,184.23,2017.0,Luxury
9 Riesling 2018,Germany,Mosel,Grans-Fassian,3.8,8.9,2018.0,Budget
Blanc de Noir Cabernet Sauvignon 2017,China,Ningxia,Château Changyu Moser XV 张裕摩塞尔十五世酒庄,3.2,34.8,2017.0,Mid
Vigna Corvino Passerina Abruzzo 2018,Italy,Abruzzo,Contesa,3.8,6.32,2018.0,Budget
Saarburger Rausch Riesling Auslese 2017,Germany,Mosel,Forstmeister Geltz-Zilliken,4.2,54.95,2017.0,Premium
Wachenheimer Böhlig P.C 2016,Germany,Pfalz,Dr. Bürklin-Wolf,3.8,29.0,2016.0,Mid
Sauvignon Blanc 2019,Germany,Rheinhessen,Weedenborn,4.2,9.91,2019.0,Budget
Chenin Blanc 2018,South Africa,Stellenbosch,Fleur du Cap,3.6,8.75,2018.0,Budget
101 Rangs Pouilly-Fumé 2016,France,Pouilly-Fumé,Château de Tracy,4.1,64.34,2016.0,Premium
Sanct Valentin Chardonnay 2018,Italy,Südtirol - Alto Adige,St. Michael-Eppan,4.3,35.69,2018.0,Mid
Niederhäuser Hermannshöhle Riesling Spätlese 2017,Germany,Nahe,Dönnhoff,4.1,29.54,2017.0,Mid
Sauvignon Blanc 2018,Austria,Südsteiermark,Weingut Erich & Walter Polz,3.5,16.9,2018.0,Economy
Graacher Himmelreich Riesling Auslese** 2015,Germany,Mosel,Markus Molitor,4.5,59.95,2015.0,Premium
Petite Arvine 2018,Italy,Valle d'Aosta,Ottin - Viticulteur Encaveur,3.9,18.9,2018.0,Economy
Discover Chenin Blanc - Chardonnay 2019,South Africa,Western Cape,Spier,3.6,5.5,2019.0,Budget
Cuvée Passion Bordeaux Blanc 2016,France,Bordeaux,Château Tour de Mirambeau,3.7,15.5,2016.0,Economy
Plăvaie 2016,Romania,Vrancea,Livia,3.3,5.9,2016.0,Budget
Beaune du Château Premier Cru Blanc 2016,France,Beaune Premier Cru,Bouchard Père & Fils,3.9,38.56,2016.0,Mid
Hermitage Le Chevalier de Sterimberg 2006,France,Hermitage,Paul Jaboulet Aîné,4.1,77.35,2006.0,Premium
Villa Bürklin Cuvée Weiss 2017,Germany,Pfalz,Dr. Bürklin-Wolf,3.3,11.19,2017.0,Economy
Grauburgunder Trocken 2017,Germany,Saale-Unstrut,Winzervereinigung Freyburg-Unstrut,3.2,11.26,2017.0,Economy
Klaus Riesling 2017,Austria,Wachau,Prager,4.4,45.0,2017.0,Mid
Frühlingsplätzchen Riesling GG 2017,Germany,Nahe,Emrich-Schönleber,4.1,39.0,2017.0,Mid
Laurens Campher 2018,South Africa,Stellenbosch,Muratie,3.8,12.89,2018.0,Economy
Toreye Ménage À Trois 2018,Germany,Pfalz,Eymann,3.6,14.9,2018.0,Economy
Chardonnay 2019,South Africa,Robertson,Excelsior,3.8,6.95,2019.0,Budget
Fetească Regala 2018,Romania,Transylvania,Liliac,3.6,12.5,2018.0,Economy
Quintessenz Sauvignon 2017,Italy,Südtirol - Alto Adige,Cantina Kaltern,3.9,22.5,2017.0,Mid
Bürgergarten Riesling 2017,Germany,Pfalz,Müller-Catoir,4.0,17.55,2017.0,Economy
Hermannsberg GG 2016,Germany,Nahe,Gut Hermannsberg,4.3,40.57,2016.0,Mid
Sauvignon Blanc Trocken 2018,Germany,Pfalz,Anselmann,3.7,8.19,2018.0,Budget
Kabinettstück Riesling Trocken 2018,Germany,Mosel,Schloss Lieser,3.7,11.5,2018.0,Economy
Schiefergestein Bockenauer Riesling Trocken 2018,Germany,Nahe,Schäfer-Fröhlich,3.9,19.91,2018.0,Economy
Grüner Veltliner Kamptaler Terrassen 2019,Austria,Kamptal,Weingut Bründlmayer,3.8,12.32,2019.0,Economy
Small Hill White 2018,Austria,Burgenland,Leo Hillinger,3.4,8.49,2018.0,Budget
Löwengang Chardonnay 2017,Italy,Trentino-Alto Adige,Alois Lageder,4.2,45.9,2017.0,Mid
Petrara Verdicchio di Matelica 2018,Italy,Verdicchio di Matelica,Borgo Paglianetto,3.6,12.2,2018.0,Economy
Uhlen B Blaufüsser Lay 2017,Germany,Mosel,Heymann-Löwenstein,3.9,37.9,2017.0,Mid
Laubenheimer St. Remigiusberg Riesling Trocken 2016,Germany,Nahe,Martin Tesch,3.7,15.9,2016.0,Economy
Qvinterra Scheurebe Trocken 2017,Germany,Rheinhessen,Kühling-Gillot,3.8,13.69,2017.0,Economy
Qvinterra Grauer Burgunder Trocken 2015,Germany,Rheinhessen,Kühling-Gillot,3.5,12.49,2015.0,Economy
Kupfergrube GG 2015,Germany,Nahe,Gut Hermannsberg,4.2,46.69,2015.0,Mid
Russiz Superiore Pinot Grigio Collio 2018,Italy,Collio,Marco Felluga,4.1,22.99,2018.0,Mid
Frühlingsplätzchen Riesling GG 2015,Germany,Nahe,Emrich-Schönleber,4.2,39.9,2015.0,Mid
Sauvignon Blanc Trocken 2018,Germany,Nahe,Genheimer Kiltz,3.9,10.28,2018.0,Economy
Meursault 1er Cru 'Genevrières' Blanc 2016,France,Meursault 1er Cru 'Genevrières',Bouchard Père & Fils,4.2,94.57,2016.0,Premium
Capitel Croce 2018,Italy,Veneto,Anselmi,3.9,13.48,2018.0,Economy
Cicinis 2017,Italy,Collio,Attems,3.7,24.24,2017.0,Mid
Ermitage Ex-Voto Blanc 2012,France,Hermitage,E. Guigal,4.4,189.0,2012.0,Luxury
1851 Reserva Chardonnay 2017,Chile,Casablanca Valley,Ochagavia,3.6,11.47,2017.0,Economy
Sauvignon Blanc 2018,Austria,Carnuntum,Markowitsch,3.9,10.9,2018.0,Economy
Chardonnay II 2018,Germany,Pfalz,Von Winning,3.9,14.5,2018.0,Economy
Alvarinho 2018,Portugal,Tejo,Fiuza,3.6,5.75,2018.0,Budget
Weisser Burgunder Trocken (Pinot Blanc Dry) 2018,Germany,Pfalz,Ökonomierat Rebholz,3.5,11.9,2018.0,Economy
Sauvignon Blanc 2019,Germany,Rheinhessen,Peth Wetz,3.9,8.0,2019.0,Budget
Sauvignon Blanc 2018,South Africa,Stellenbosch,Aaldering,4.0,19.9,2018.0,Economy
Chardonnay 2017,Austria,Burgenland,Esterházy,3.4,9.68,2017.0,Budget
Sauvignon Blanc 2017,Chile,Aconcagua Costa,Arboleda,3.7,18.41,2017.0,Economy
Campinovi Toscana 2017,Italy,Toscana,Dievole,3.5,25.9,2017.0,Mid
Sulzfelder Silvaner Alte Reben 2018,Germany,Franken,Zehnthof Luckert,3.7,16.73,2018.0,Economy
Saumur Blanc 2017,France,Saumur,Langlois-Chateau,3.7,12.14,2017.0,Economy
Grüner Veltliner Berg Vogelsang 2012,Austria,Kamptal,Weingut Bründlmayer,3.8,17.13,2012.0,Economy
Gennen Sauvignon 2018,Italy,Südtirol - Alto Adige,Nals Margreid,3.9,11.6,2018.0,Economy
Granée Gavi del Comune di Gavi 2019,Italy,Gavi,Batasiolo,3.8,10.5,2019.0,Economy
Maximin Grünhäuser Bruderberg Riesling 2018,Germany,Mosel,Maximin Grünhaus,4.1,22.23,2018.0,Mid
Leutschacher Chardonnay 2017,Austria,Südsteiermark,Erwin Sabathi,3.6,15.65,2017.0,Economy
Sauvignon Blanc 2019,South Africa,Robertson,Excelsior,3.2,6.95,2019.0,Budget
Coume Gineste Côtes Catalanes 2011,France,Côtes Catalanes,Gauby,3.8,67.26,2011.0,Premium
Iphöfer Kalb Silvaner 2018,Germany,Franken,Hans Wirsching,3.7,12.19,2018.0,Economy
Bockstein Ockfen Riesling Kabinett 2018,Germany,Ockfen,St. Urbans-Hof,3.8,14.9,2018.0,Economy
Grüner Veltliner Federspiel Kollmitz 2018,Austria,Wachau,Domäne Wachau,3.9,13.16,2018.0,Economy
White 2018,United States,Washington,Prayers Of Sinners & Saints,3.6,9.49,2018.0,Budget
Branco 2018,Portugal,Lisboa,Cascas,3.6,5.36,2018.0,Budget
Grüner Veltliner Ried Loibenberg 2016,Austria,Wachau,Pichler-Krutzler,3.9,32.66,2016.0,Mid
Trittenheimer Apotheke Riesling Kabinett 2018,Germany,Mosel,Ansgar Clüsserath,3.9,13.55,2018.0,Economy
Meursault 'Les Chevalières' 2017,France,Meursault,Xavier Monnot,4.2,62.5,2017.0,Premium
Viognier 2017,Germany,Pfalz,Oliver Zeter,4.1,16.52,2017.0,Economy
Retsina 2018,Greece,Markopoulo,Papagiannakos,3.2,7.2,2018.0,Budget
Belvento Vermentino (I Vini Del Mare) 2019,Italy,Toscana,Petra,3.8,9.95,2019.0,Budget
Vinha Centenária Reserva Branco 2011,Portugal,Douro,Dona Berta,4.2,24.27,2011.0,Mid
St. Andrews Chardonnay 2016,Australia,Clare Valley,Taylors / Wakefield,3.7,21.82,2016.0,Mid
Le Sabbie dell’Etna Bianco 2019,Italy,Etna,Firriato,3.5,13.57,2019.0,Economy
Poggio dei Gelsi Est!Est!Est! di Montefiascone 2019,Italy,Est! Est!! Est!!! di Montefiascone,Falesco,3.8,8.9,2019.0,Budget
Johannisberger Klaus Riesling GG 2016,Germany,Rheingau,Prinz von Hessen,4.1,28.17,2016.0,Mid
Old Winery Chardonnay 2017,Australia,Hunter Valley,Tyrrell's,3.4,8.72,2017.0,Budget
Villa Paulus Pouilly-Fumé 2018,France,Pouilly-Fumé,Domaine Masson-Blondelet,3.9,18.04,2018.0,Economy
Grauer Burgunder Trocken 2016,Germany,Rheinhessen,Wittmann,3.4,11.4,2016.0,Economy
Frauenberg Riesling GG 2017,Germany,Rheinhessen,Battenfeld Spanier,4.2,42.51,2017.0,Mid
Castillo de Jumilla Blanco 2018,Spain,Jumilla,Bleda,3.6,5.79,2018.0,Budget
Generations Riesling 2017,Germany,Mosel,Axel Pauly,3.9,9.9,2017.0,Budget
Douro Coche Branco 2018,Portugal,Douro,Niepoort,4.5,66.29,2018.0,Premium
Riesling Classic 2012,Germany,Rheingau,Schloss Reinhartshausen,3.5,12.49,2012.0,Economy
Montiggl Riesling 2019,Italy,Südtirol - Alto Adige,St. Michael-Eppan,4.0,13.25,2019.0,Economy
Pinot Grigio Söll 2018,Italy,Trentino-Alto Adige,Cantina Kaltern,3.8,11.6,2018.0,Economy
J² Gau-Odernheimer Riesling 2018,Germany,Rheinhessen,Becker Landgraf,4.2,20.96,2018.0,Mid
Wiener Klassik 2018,Austria,Wien,Mayer am Pfarrplatz,3.6,11.99,2018.0,Economy
Allgo Branco 2014,Portugal,Dão,CM,3.8,12.28,2014.0,Economy
Chardonnay (Padstal) 2019,South Africa,Coastal Region,MAN,3.5,5.74,2019.0,Budget
Steinterrassen 2011,Germany,Nahe,Gut Hermannsberg,3.9,21.4,2011.0,Mid
Riesling 2016,Germany,Nahe,Korrell,3.9,11.69,2016.0,Economy
Grillo Sicilia 2019,Italy,Terre Siciliane,Settesoli,3.6,5.79,2019.0,Budget
Deidesheimer Herrgottsacker Riesling Trocken 2017,Germany,Pfalz,Georg Mosbacher,3.8,12.25,2017.0,Economy
Steillage Riesling Trocken 2018,Germany,Mosel,Weinhaus Gebruder Steffen,4.0,9.95,2018.0,Budget
Pinot Grigio 2018,Italy,delle Venezie,Villa Cavarena,3.6,8.94,2018.0,Budget
Sauvignon Blanc 2018,Germany,Rheinhessen,Sander,3.9,9.9,2018.0,Budget
Corton-Charlemagne Grand Cru 2015,France,Corton-Charlemagne Grand Cru,Domaine Henri Boillot,4.3,189.0,2015.0,Luxury
Stromberg Riesling GG 2017,Germany,Nahe,Schäfer-Fröhlich,4.2,45.84,2017.0,Mid
Sauvignon Blanc 2018,South Africa,Stellenbosch,Peter Falke,3.6,13.95,2018.0,Economy
Siglo de Oro Reserva Chardonnay 2018,Chile,Central Valley,Santa Helena,3.5,6.2,2018.0,Budget
Faß 12 Ayler Kupp Unterstenberg Riesling 2018,Germany,Mosel,Peter Lauer,4.1,21.94,2018.0,Mid
Mount Hermon White 2019,Israel,Galilee,Hermon,3.6,9.95,2019.0,Budget
Amos 2017,Italy,Trentino-Alto Adige,Kurtatsch (Cortaccia),3.8,21.9,2017.0,Mid
Les Châtillons Chablis 2015,France,Chablis,Domaine des Hâtes,4.1,19.43,2015.0,Economy
RK Riesling 2018,Germany,Mosel,Reichsgraf von Kesselstatt,3.7,8.92,2018.0,Budget
Chassagne-Montrachet Blanc 2016,France,Chassagne-Montrachet,Louis Jadot,4.4,71.39,2016.0,Premium
Bernkasteler Badstube Riesling Auslese ** 2015,Germany,Mosel,Markus Molitor,4.3,35.09,2015.0,Mid
Del Cerro Verdicchio di Matelica 2019,Italy,Verdicchio di Matelica,Belisario,3.6,8.33,2019.0,Budget
Sand & Kalk 2015,Austria,Steiermark,Herrenhof Lamprecht,4.1,24.91,2015.0,Mid
Klassiek Wit 2018,South Africa,Western Cape,Oude Kaap,2.8,3.75,2018.0,Budget
Wehlener Sonnenuhr Riesling Auslese 2016,Germany,Mosel,Markus Molitor,4.1,76.04,2016.0,Premium
Spiegel 2016,Austria,Wagram,Bernhard Ott,3.9,29.9,2016.0,Mid
Les Vignes de Saint Laurent l'Abbaye Pouilly-Fumé 2017,France,Pouilly-Fumé,Domaine Chatelain,3.9,13.6,2017.0,Economy
Toreye Riesling Alte Reben 2018,Germany,Pfalz,Eymann,3.8,14.9,2018.0,Economy
Meursault 1er Cru Les Genevrières 2015,France,Meursault Premier Cru,Domaine Henri Boillot,4.2,119.0,2015.0,Luxury
Niederberg Helden Riesling GG 2016,Germany,Mosel,Schloss Lieser,3.8,29.9,2016.0,Mid
Hermannsberg GG 2014,Germany,Nahe,Gut Hermannsberg,4.1,35.0,2014.0,Mid
Alte Reben Riesling Trocken 2019,Germany,Mosel,Carl Loewen,3.9,11.0,2019.0,Economy
Halgans Riesling Trocken 2017,Germany,Nahe,Emrich-Schönleber,3.9,19.9,2017.0,Economy
Les Chailloux Silex Pouilly-Fumé 2018,France,Pouilly-Fumé,Domaine Chatelain,3.8,14.55,2018.0,Economy
Wachstum Bodenstein Riesling 2016,Austria,Wachau,Prager,4.0,37.83,2016.0,Mid
Espigueiro 2018,Portugal,Vinho Verde,Casa Agricola de Compostela,3.6,5.5,2018.0,Budget
Pass-O 2018,Italy,Puglia,Menhir,3.9,10.95,2018.0,Economy
Graacher Himmelreich Riesling Spätlese 2015,Germany,Mosel,Markus Molitor,4.1,23.95,2015.0,Mid
Saarburger Rausch Riesling Auslese 2018,Germany,Mosel,Forstmeister Geltz-Zilliken,4.1,54.95,2018.0,Premium
Genèse Riesling 2011,France,Alsace,Vignoble des 2 Lunes,4.0,14.57,2011.0,Economy
Roero Arneis 2019,Italy,Roero,Pescaja,4.0,10.92,2019.0,Economy
Terroir d'Altitude Chardonnay 2017,France,Pays d'Oc,Fortant,3.9,9.5,2017.0,Budget
Tertiär Sauvignon Blanc Trocken 2018,Germany,Pfalz,Wageck-Pfaffmann,3.5,9.5,2018.0,Budget
Morena Bianca Lugana 2019,Italy,Lugana,Biscardo,3.8,8.76,2019.0,Budget
Silvaner Escherndorfer 2016,Germany,Franken,Rainer Sauer,3.8,11.51,2016.0,Economy
Volz Riesling 2015,Germany,Wiltingen,Van Volxem,4.0,31.68,2015.0,Mid
Vigne di Catullo Riserva Lugana 2016,Italy,Lugana,Roveglia,4.0,12.58,2016.0,Economy
Tacheles 2018,Germany,Rheinhessen,Weinreich,3.8,13.4,2018.0,Economy
White Block Chardonnay 2018,Australia,Langhorne Creek,Bremerton,3.6,19.3,2018.0,Economy
Saint-Véran 2018,France,Saint-Véran,Trénel,3.8,14.95,2018.0,Economy
Chardonnay Leithakalk 2017,Austria,Burgenland,Kollwentz,3.7,31.63,2017.0,Mid
Sauvignon Blanc 2019,South Africa,Coastal Region,Steenberg,3.9,13.75,2019.0,Economy
El Viaje de Ramón Verdejo 2018,Spain,Rioja,Ramón Bilbao,3.2,6.75,2018.0,Budget
Petit Chablis 2018,France,Petit Chablis,Domaine Philippe Goulley,3.6,17.2,2018.0,Economy
Dajoar Riesling 2018,Germany,Mosel,Andreas Bender,4.1,7.32,2018.0,Budget
Russiz Superiore Col Disôre Bianco Collio 2016,Italy,Collio,Marco Felluga,4.3,35.99,2016.0,Mid
Oppenheim Riesling 2018,Germany,Rheinhessen,Kühling-Gillot,3.9,20.88,2018.0,Mid
Felseneck Riesling Kabinett 2018,Germany,Nahe,Schäfer-Fröhlich,3.8,16.58,2018.0,Economy
Halenberg Riesling GG 2018,Germany,Nahe,Emrich-Schönleber,4.2,42.0,2018.0,Mid
Passerina 2016,Italy,Terre di Chieti,Villamedoro,3.3,5.7,2016.0,Budget
Black Label Nik Weis Goldtröpfchen Kabinett 2018,Germany,Mosel,St. Urbans-Hof,4.3,15.99,2018.0,Economy
Chardonnay II 2017,Germany,Pfalz,Von Winning,3.6,14.5,2017.0,Economy
Sauvignon Blanc 2019,Germany,Rheinhessen,Krämer - Straight,4.1,8.99,2019.0,Budget
Nussberg Grüner Veltliner 2018,Austria,Wien,Wieninger,3.7,13.14,2018.0,Economy
Chardonnay 2018,France,Pays d'Oc,Cap Cette,3.3,7.5,2018.0,Budget
Branco 2017,Portugal,Dão,Quinta da Ponte Pedrinha,3.9,8.8,2017.0,Budget
La Soufrandiére Le Clos de Grand Pére Macon-Vinzelles 2017,France,Mâcon-Vinzelles,Bret Brothers & The Soufrandière,4.1,27.5,2017.0,Mid
Sauvignon Blanc 2018,Germany,Pfalz,Heinrich Spindler,3.8,10.5,2018.0,Economy
Scheurebe Trocken 2018,Germany,Rheinhessen,Wittmann,3.6,15.25,2018.0,Economy
Pouilly-Fumé Terres Blanches 2018,France,Pouilly-Fumé,Pascal Jolivet,3.8,26.18,2018.0,Mid
Niederberg Helden Riesling Spätlese Feinherb 2018,Germany,Mosel,Weingut Thanisch,4.1,12.85,2018.0,Economy
Chardonnay 2018,Germany,Pfalz,Dr. Von Bassermann-Jordan,3.4,9.5,2018.0,Budget
Frühtau Riesling Trocken 2016,Germany,Nahe,Emrich-Schönleber,4.0,17.9,2016.0,Economy
Paulessen Riesling 2018,Germany,Mosel,Andreas Bender,3.8,7.32,2018.0,Budget
Reserva Chardonnay (Classic) 2019,Chile,Central Valley,Montes,3.6,6.89,2019.0,Budget
Domaine Sainte Barbe Les Tilles Mâcon-Villages 2018,France,Mâcon-Villages,Chaland Jean-Marie,3.6,14.5,2018.0,Economy
Montagny 1er Cru 'Les Saint Morilles' 2015,France,Montagny 1er Cru 'Saint-Morille',Berthenet,3.7,19.37,2015.0,Economy
Sancerre Blanc 2017,France,Sancerre,Langlois-Chateau,3.7,10.0,2017.0,Budget
Ευχές (Wishes) 2015,Greece,Macedonia,Pieria Eratini (Πιερία Ερατεινή),4.0,13.95,2015.0,Economy
Vieilles Vignes Châteauneuf-du-Pape Blanc 2015,France,Châteauneuf-du-Pape,Château de Beaucastel,4.4,154.99,2015.0,Luxury
Estate Gewürztraminer 2013,France,Alsace Grand Cru,Hugel,4.0,20.47,2013.0,Mid
Chardonnay 2018,Austria,Burgenland,Paul Achs,3.6,9.65,2018.0,Budget
Muskateller Trocken 2018,Germany,Pfalz,Ökonomierat Rebholz,4.1,18.94,2018.0,Economy
Teppo Riesling 2016,Germany,Mosel,Fio,3.7,17.79,2016.0,Economy
Rioja Fermentado en Barrica Blanco 2017,Spain,Rioja,Baigorri,3.6,14.43,2017.0,Economy
Opale 2018,Italy,Vermentino di Sardegna,Mesa,3.9,22.5,2018.0,Mid
Felseneck Riesling GG 2018,Germany,Nahe,Schäfer-Fröhlich,4.3,46.79,2018.0,Mid
Mineral Riesling Trocken 2018,Germany,Nahe,Emrich-Schönleber,3.9,14.9,2018.0,Economy
Heugumber 2017,Germany,Baden,Ziereisen,3.5,6.4,2017.0,Budget
Frühtau Riesling Trocken 2017,Germany,Nahe,Emrich-Schönleber,4.0,23.06,2017.0,Mid
Lo Cortinelo.Lo Blanc 2016,Spain,Plà i Llevant,Es Fangar,4.3,28.1,2016.0,Mid
Riesling Trocken 2018,Germany,Nahe,Korrell,3.6,9.9,2018.0,Budget
Kupfergrube GG 2016,Germany,Nahe,Gut Hermannsberg,4.4,46.88,2016.0,Mid
Loibenberg Riesling 2017,Austria,Wachau,Pichler-Krutzler,3.9,32.87,2017.0,Mid
Hyde Vineyard Chardonnay 2016,United States,Los Carneros,Patz & Hall,4.3,84.0,2016.0,Premium
Chardonnay Fermentado en Barrica 2018,Spain,Somontano,Enate,4.3,19.99,2018.0,Economy
Pinot Grigio 2018,Italy,Friuli-Venezia Giulia,Sturm,4.0,14.43,2018.0,Economy
Semis Bianco 2015,Italy,Abruzzo,Collefrisio,4.3,29.95,2015.0,Mid
Win Win Riesling 2019,Germany,Pfalz,Von Winning,3.8,9.7,2019.0,Budget
St. Andrews Chardonnay 2017,Australia,Clare Valley,Taylors / Wakefield,4.1,20.0,2017.0,Economy
Chardonnay Leithakalk 2018,Austria,Burgenland,Kollwentz,3.7,20.28,2018.0,Mid
Oberbergener Bassgeige Weissburgunder 2018,Germany,Baden,Franz Keller,3.8,12.5,2018.0,Economy
Materia Prima 2018,Austria,Wagram,Fritsch,4.3,20.84,2018.0,Mid
Grauburgunder Herrenstück 2015,Germany,Baden,Weingut Holger Koch,3.9,14.95,2015.0,Economy
Albariño 2019,Spain,Rías Baixas,Paco & Lola,3.7,9.6,2019.0,Budget
Classic Chardonnay 2018,Austria,Wien,Wieninger,3.5,9.91,2018.0,Budget
Kallstadter Saumagen Riesling Kabinett Trocken 2018,Germany,Pfalz,Koehler-Ruprecht,3.8,12.57,2018.0,Economy
Ölberg Riesling 2016,Germany,Rheinhessen,Kühling-Gillot,4.2,36.95,2016.0,Mid
Vermentino Isola dei Nuraghi 2018,Italy,Isola dei Nuraghi,Capichera,4.2,35.97,2018.0,Mid
Ercavio Blanco 2018,Spain,Castilla,Más Que Vinos,3.5,6.1,2018.0,Budget
Maximin Grünhäuser Abtsberg Superior 2017,Germany,Mosel,Maximin Grünhaus,4.2,25.0,2017.0,Mid
Aragosta Vermentino di Sardegna 2019,Italy,Vermentino di Sardegna,Santa Maria La Palma,3.7,6.9,2019.0,Budget
Perdeblokke Sauvignon Blanc 2017,South Africa,Constantia,Klein Constantia,3.9,24.91,2017.0,Mid
Pinot Blanc Tradition 2018,France,Alsace,Emile Beyer,4.0,11.49,2018.0,Economy
Wehlener Sonnenuhr Riesling Kabinett 2018,Germany,Wehlen,Joh. Jos. Prüm,3.9,25.47,2018.0,Mid
Summer In A Bottle White 2019,United States,Long Island,Wölffer Estate,4.0,24.9,2019.0,Mid
Frühlingsplätzchen Riesling GG 2013,Germany,Nahe,Emrich-Schönleber,4.1,37.95,2013.0,Mid
Leflaive & Associes Auxey-Duresses 2016,France,Auxey-Duresses,Domaine Leflaive,3.9,49.9,2016.0,Mid
Gemischter Satz 2017,Austria,Wiener Gemischter Satz,Bernhard Ott,3.6,11.02,2017.0,Economy
Lou Coucardié Blanc 2015,France,Costières-de-Nîmes,Michel Gassier,4.0,23.05,2015.0,Mid
Monferrato Estrosa Bianco 2018,Italy,Monferrato,Pico Maccario,3.5,10.4,2018.0,Economy
Pettenthal Riesling GG 2017,Germany,Rheinhessen,Kühling-Gillot,4.1,50.0,2017.0,Mid
La Femme Soleil 2018,France,Languedoc-Roussillon,Domaine Hors Champ,3.4,21.45,2018.0,Mid
Meursault Premier Cru 'Les Charmes' 2017,France,Meursault 1er Cru 'Charmes',Domaine du Pavillon,4.2,70.0,2017.0,Premium
Zakynthino 2016,Greece,Slopes of Enos,Sclavus (Sclavos),3.8,17.9,2016.0,Economy
Tselepos Classic Moschofilero Mantinia 2019,Greece,Mantinia,Κτημα Τσελεπου (Ktima Tselepos),3.8,9.95,2019.0,Budget
Sauvignon Blanc Tradition 2017,Germany,Pfalz,Philipp Kuhn,3.8,13.37,2017.0,Economy
Bianco di Merlot 2017,Switzerland,Ticino,Castello di Morcote,4.0,43.87,2017.0,Mid
T.N. 76 Weissburgunder 2013,Italy,Trentino-Alto Adige,Thomas Niedermayr,3.8,33.0,2013.0,Mid
Reserva Sauvignon Blanc 2019,Chile,Maule Valley,Viña Palo Alto,3.1,6.84,2019.0,Budget
Frauenberg Riesling GG 2016,Germany,Rheinhessen,Battenfeld Spanier,3.9,41.58,2016.0,Mid
Cirò Bianco 2017,Italy,Cirò,Fattoria San Francesco,3.7,5.95,2017.0,Budget
Picpoul de Pinet 2019,France,Picpoul de Pinet,Domaine de Belle Mare,3.9,6.73,2019.0,Budget
Steinterrassen - Riesling Federspiel 2018,Austria,Wachau,Franz Hirtzberger,3.7,19.9,2018.0,Economy
Corton-Charlemagne Grand Cru Blanc 2016,France,Corton-Charlemagne Grand Cru,Bouchard Père & Fils,4.5,178.96,2016.0,Luxury
Steinmühle 2017,Austria,Burgenland,Kollwentz,3.8,25.47,2017.0,Mid
Chablis 2018,France,Chablis,Domaine Philippe Goulley,3.8,19.95,2018.0,Economy
Chardonnay 2017,United States,Long Island,Wölffer Estate,3.6,17.9,2017.0,Economy
Berg Rottland Riesling 2017,Germany,Rheingau,Georg Breuer,4.2,38.9,2017.0,Mid
Chardonnay 2018,United States,Long Island,Wölffer Estate,3.8,19.9,2018.0,Economy
Muscadet-Sèvre et Maine Sur Lie 2019,France,Muscadet-Sevre et Maine,Pépière,3.6,9.36,2019.0,Budget
Riesling Alsace Grand Cru 'Sommerberg' 2016,France,Alsace Grand Cru 'Sommerberg',Albert Boxler,4.0,53.22,2016.0,Premium
Riesling Alsace 2015,France,Alsace,Kuehn,3.6,8.48,2015.0,Budget
Just Fucking Good Wine Organic Blanc 2019,Spain,Valencia,Neleman,3.7,9.59,2019.0,Budget
Brauneberger Juffer Riesling Kabinett 2018,Germany,Brauneberg,Schloss Lieser,3.9,15.9,2018.0,Economy
Saarburger Rausch Riesling Auslese 2016,Germany,Mosel,Forstmeister Geltz-Zilliken,3.8,54.95,2016.0,Premium
Whitehall Chardonnay 2016,South Africa,Elgin,Neil Ellis,4.0,23.79,2016.0,Mid
Blanco Fermentado en Barrica 2016,Spain,Rioja,Hacienda el Ternero,3.8,10.9,2016.0,Economy
Sauvignon Blanc 2019,United States,California,Gallo Family Vineyards,3.5,6.05,2019.0,Budget
Saar Alte Reben Riesling 2015,Germany,Mosel,Markus Molitor,3.9,18.95,2015.0,Economy
Als Wär's ein Stück Von Mir 2016,Germany,Rheinhessen,Weingut Gunderloch,3.6,11.4,2016.0,Economy
Wehlener Sonnenuhr Riesling Kabinett 2017,Germany,Wehlen,Schloss Lieser,3.9,14.95,2017.0,Economy
Fehérburgundi 2015,Hungary,Sopron,Weninger,3.7,15.6,2015.0,Economy
Puligny-Montrachet 2017,France,Puligny-Montrachet,Domaine Henri Boillot,4.3,59.9,2017.0,Premium
Graacher Domprobst Riesling Auslese*** 2003,Germany,Mosel,Markus Molitor,4.1,50.0,2003.0,Mid
Chardonnay 2019,Australia,South Eastern Australia,Barramundi,3.0,6.5,2019.0,Budget
Chardonnay Bambule! 2015,Austria,Burgenland,Judith Beck,3.9,26.9,2015.0,Mid
Pinot Gris Tradition 2017,France,Alsace,Emile Beyer,3.8,13.2,2017.0,Economy
Burgberg Riesling GG 2015,Germany,Nahe,Diel,4.1,42.0,2015.0,Mid
Bianco 2019,Spain,Valencia,Vergel,3.4,6.2,2019.0,Budget
Klostersatz Grüner Veltliner 2017,Austria,Wachau,Pichler-Krutzler,3.9,15.5,2017.0,Economy
Circumstance Chenin Blanc 2018,South Africa,Stellenbosch,Waterkloof,3.9,19.5,2018.0,Economy
Albariño 2018,Spain,Rías Baixas,Los Amantes,3.7,7.0,2018.0,Budget
Hermitage Le Chevalier de Sterimberg 2016,France,Hermitage,Paul Jaboulet Aîné,4.2,78.75,2016.0,Premium
Setzberg - Riesling Smaragd 2017,Austria,Wachau,Franz Hirtzberger,4.2,32.0,2017.0,Mid
Corton-Charlemagne Grand Cru 2016,France,Corton-Charlemagne Grand Cru,Domaine Henri Boillot,4.5,189.0,2016.0,Luxury
Sancerre Blanc 2018,France,Sancerre,Michel Thomas & Fils,3.7,18.08,2018.0,Economy
Estoras Sauvignon Blanc 2017,Austria,Burgenland,Esterházy,3.6,12.25,2017.0,Economy
Sauvignon Blanc 2019,South Africa,Walker Bay,Southern Right,3.7,11.9,2019.0,Economy
Wachenheimer Goldbächel P.C 2016,Germany,Pfalz,Dr. Bürklin-Wolf,4.0,29.0,2016.0,Mid
Pechstein GG 2017,Germany,Pfalz,Reichsrat von Buhl,4.1,45.0,2017.0,Mid
Gelblack Riesling Trocken 2019,Germany,Rheingau,Schloss Johannisberg,4.0,15.0,2019.0,Economy
Südtiroler Sauvignon Porphyr & Kalk 2018,Italy,Südtirol - Alto Adige,Ignaz Niedrist,4.0,20.9,2018.0,Mid
Steinhaus Riesling Trocken 2016,Germany,Rheingau,Trenz,3.8,9.21,2016.0,Budget
Brauneberger Riesling Trocken 2018,Germany,Brauneberg,Fritz Haag,3.8,14.5,2018.0,Economy
Meursault-Charmes Premier Cru 2016,France,Meursault 1er Cru 'Charmes',Domaine Jean Monnier & Fils,3.8,86.62,2016.0,Premium
Pouilly-Fumé 2016,France,Pouilly-Fumé,Langlois-Chateau,3.7,21.66,2016.0,Mid
Chenin Blanc 2018,Germany,Pfalz,Oliver Zeter,4.0,22.0,2018.0,Mid
Coronata Integration 2016,South Africa,Durbanville,Nitída,4.3,17.5,2016.0,Economy
Niederberg Helden Riesling GG 2018,Germany,Mosel,Schloss Lieser,3.9,29.9,2018.0,Mid
Mâcon-Villages 2016,France,Mâcon-Villages,Daniel Pollier,3.6,9.54,2016.0,Budget
Lesca Chardonnay 2018,South Africa,Robertson,De Wetshof,3.9,13.58,2018.0,Economy
Weisser Burgunder I 2013,Germany,Pfalz,Von Winning,4.0,29.95,2013.0,Mid
Gavi 2018,Italy,Gavi,Giacosa Fratelli,3.7,9.95,2018.0,Budget
Sauvignon Blanc (Markgräflerland) 2018,Germany,Baden,Martin Waßmer,3.5,10.9,2018.0,Economy
Auxerrois Grand Premier Cru 2017,Luxembourg,Côtes de Grevenmacher,Bernard-Massard,3.8,12.7,2017.0,Economy
Le Creete 2019,Italy,Lugana,Ottella,4.0,11.9,2019.0,Economy
Weissburgunder Steirische Klassik 2017,Austria,Südsteiermark,Tement,3.8,14.4,2017.0,Economy
Diego 2019,Spain,Valencia,De Moya,3.8,13.33,2019.0,Economy
Wunderwerk Riesling 2016,Germany,Rheinhessen,Dreissigacker,3.9,20.96,2016.0,Mid
Stettener Riesling Schilfsandstein 2016,Germany,Württemberg,Beurer,3.7,16.35,2016.0,Economy
Chablis 2018,France,Chablis,Joseph Drouhin,3.6,19.3,2018.0,Economy
Ried Steinriegl Gelber Muskateller 2018,Austria,Südsteiermark,Wohlmuth,3.8,15.65,2018.0,Economy
Vom Schiefer 2018,Germany,Nahe,Gut Hermannsberg,3.9,15.65,2018.0,Economy
Florence Sauvignon Blanc - Chardonnay 2018,South Africa,Stellenbosch,Aaldering,3.9,11.5,2018.0,Economy
Collectors Reserve The Cableway Chardonnay 2018,South Africa,Western Cape,Durbanville Hills,3.8,16.99,2018.0,Economy
Château-Thébaud 2014,France,Muscadet-Sevre et Maine,Pépière,4.0,17.06,2014.0,Economy
Riesling Alsace Grand Cru 'Kitterlé' 2017,France,Alsace Grand Cru 'Kitterle',Domaines Schlumberger,3.9,25.24,2017.0,Mid
Côte de Rouffach Gewürztraminer 2016,France,Alsace,René Muré,3.9,15.5,2016.0,Economy
Graf Morillon 2013,Austria,Südsteiermark,Sepp & Maria Muster,4.0,29.5,2013.0,Mid
Kiechlinsberger Vulkanfelsen Grauerburgunder Trocken 2018,Germany,Baden,Königschaffhausen-Kiechlinsbergen,4.0,10.24,2018.0,Economy
Platin Riesling 2019,Austria,Kamptal,Jurtschitsch,3.6,10.09,2019.0,Economy
Classic Graves Blanc 2016,France,Graves,Château Brondelle,3.6,11.95,2016.0,Economy
Eden Valley Dry Riesling 2015,Australia,Eden Valley,Langmeil,3.6,15.5,2015.0,Economy
1000-Eimerberg Riesling Federspiel 2018,Austria,Wachau,Gritsch Mauritiushof,3.8,12.87,2018.0,Economy
Vis Uvae 2013,Italy,Friuli-Venezia Giulia,Il Carpino,3.7,26.77,2013.0,Mid
Gelber Muskateller 2017,Austria,Burgenland,Leo Hillinger,3.6,8.89,2017.0,Budget
Vermentino 2019,Italy,Salento,Timo,3.9,6.95,2019.0,Budget
Altenberg Alte Reben 2015,Germany,Mosel,Van Volxem,4.1,39.95,2015.0,Mid
Great Expectations Sauvignon Blanc 2019,South Africa,Robertson,Goedverwacht,3.6,6.77,2019.0,Budget
Les Menétrieres Pouilly-Fuissé (Cuvée Hors-Classe) 2016,France,Pouilly-Fuissé,J.A. Ferret,4.4,63.06,2016.0,Premium
Ermitage de l'Orée 2004,France,Hermitage,M. Chapoutier,4.8,189.95,2004.0,Luxury
Eins Zu Eins Gewürztraminer 2018,Germany,Pfalz,Weingut A. Diehl,4.0,6.8,2018.0,Budget
Signature Blanc 2019,France,Côtes de Gascogne,Domaine Saint-Lannes,3.7,5.95,2019.0,Budget
Appius 2015,Italy,Südtirol - Alto Adige,St. Michael-Eppan,4.5,101.75,2015.0,Luxury
Blanco 2017,Spain,Rioja Alta,Tarón,3.4,5.2,2017.0,Budget
Steinbuckel Riesling GG 2015,Germany,Pfalz,Knipser,4.0,31.19,2015.0,Mid
Chardonnay 2017,South Africa,Western Cape,Laborie,3.1,8.49,2017.0,Budget
Dürnsteiner Kellerberg Riesling Smaragd 2017,Austria,Wachau,F.X. Pichler,4.4,59.73,2017.0,Premium
Châteauneuf-du-Pape La Bernardine Blanc 2016,France,Châteauneuf-du-Pape,M. Chapoutier,3.6,33.46,2016.0,Mid
Les Vieilles Vignes Meursault 2016,France,Meursault,Vincent Girardin,4.0,70.3,2016.0,Premium
Viognier 2019,South Africa,Breede River Valley,Excelsior,3.6,6.95,2019.0,Budget
Magréd Chardonnay 2018,Italy,Südtirol - Alto Adige,Nals Margreid,3.6,14.13,2018.0,Economy
Grauburgunder Herrenstück 2017,Germany,Baden,Weingut Holger Koch,4.0,12.57,2017.0,Economy
Venezia Giulia Picol 2017,Italy,Venezia Giulia,Lis Neris,4.0,25.9,2017.0,Mid
Gloria 2017,Austria,Burgenland,Kollwentz,4.5,79.68,2017.0,Premium
Sciare di Est Grillo 2017,Italy,Terre Siciliane,Antichi Vinai,3.7,7.42,2017.0,Budget
Gaia White Blend 2016,Argentina,Tupungato,Domaine Bousquet,3.7,11.01,2016.0,Economy
Sauvignon Blanc - Riesling 2018,Germany,Rheinhessen,Nico Espenschied,3.9,9.85,2018.0,Budget
Grecanico - Inzolia 2016,Italy,Terre Siciliane,Corte dei Mori,3.7,6.5,2016.0,Budget
Riesling Abtsberg GG 2018,Germany,Mosel,Maximin Grünhaus,4.0,26.66,2018.0,Mid
Pinot Grigio 2019,Italy,Südtirol - Alto Adige,Tramin,3.5,8.9,2019.0,Budget
Chardonnay vom Kalkmergel 2018,Germany,Pfalz,Philipp Kuhn,3.6,14.89,2018.0,Economy
Barón de Chirel Verdejo Viñas Centenarias 2016,Spain,Castilla y León,Marqués de Riscal,4.3,41.61,2016.0,Mid
Chardonnay 2017,United States,Central Coast,Ryder Estate,3.7,15.9,2017.0,Economy
Corton-Charlemagne Grand Cru 2016,France,Corton-Charlemagne Grand Cru,Joseph Drouhin,4.3,195.0,2016.0,Luxury
Just Riesling! 2012,Germany,Nahe,Gut Hermannsberg,3.5,9.21,2012.0,Budget
Gewürztraminer Trentino 2018,Italy,Trentino,Endrizzi,3.8,12.2,2018.0,Economy
Copper Series Wilde Chardonnay 2017,Australia,Hunter Valley,Tempus Two,3.8,16.83,2017.0,Economy
Macabeo 2018,Spain,Castilla,Las Corazas,3.4,6.0,2018.0,Budget
Sauvignon Blanc Bordeaux 2010,France,Bordeaux,Dourthe N°1,3.0,8.95,2010.0,Budget
Sauvignon Blanc - Sémillon 2017,Turkey,Thrace,Suvla,3.2,12.0,2017.0,Economy
Königsschild Riesling 2016,Germany,Nahe,Martin Tesch,3.5,13.9,2016.0,Economy
Reserva Sauvignon Blanc 2019,Chile,Central Valley,Caliterra,3.7,8.32,2019.0,Budget
Grüner Veltliner Weinviertel 2019,Austria,Weinviertel,Ingrid Groiss,4.2,10.95,2019.0,Economy
Vermentino Toscana 2019,Italy,Toscana,Aia Vecchia,3.5,9.95,2019.0,Budget
Sauvignon Blanc 2019,New Zealand,Marlborough,Mount Nelson,4.1,14.99,2019.0,Economy
Nachschlag 2019,Germany,Franken,Stahl,3.8,6.95,2019.0,Budget
Domaine de Fontenille Pouilly-Fumé 2018,France,Pouilly-Fumé,Patrick Maudry,3.9,18.97,2018.0,Economy
Pinot Grigio delle Venezie 2019,Italy,delle Venezie,Corte Giara,3.6,6.43,2019.0,Budget
Oroya Created For Sushi 2018,Spain,Castilla y León,Oroya,3.4,6.9,2018.0,Budget
Hole In The Water Sauvignon Blanc 2019,New Zealand,Marlborough,Konrad,4.1,10.9,2019.0,Economy
Deidesheimer Kieselberg Riesling Trocken 2018,Germany,Pfalz,Dr. Von Bassermann-Jordan,3.7,16.47,2018.0,Economy
Les Deux Tours Sauvignon Blanc 2018,France,Loire Valley,de Ladoucette,4.0,15.3,2018.0,Economy
Grauer Burgunder Trocken 2019,Germany,Baden,Alexander Laible,4.2,11.94,2019.0,Economy
Castello della Sala San Giovanni della Sala Classico Superiore 2019,Italy,Orvieto,Antinori,3.9,14.85,2019.0,Economy
Penon Pinot Bianco 2018,Italy,Südtirol - Alto Adige,Nals Margreid,3.7,12.8,2018.0,Economy
Classic Riesling 2018,France,Alsace,Hugel,3.7,14.75,2018.0,Economy
Efeso Bianco 2017,Italy,Val di Neto,Librandi,3.9,11.4,2017.0,Economy
Laudàri Chardonnay 2018,Italy,Terre Siciliane,Baglio del Cristo di Campobello,4.1,17.23,2018.0,Economy
Nonnenberg Monopol Riesling 2016,Germany,Rheingau,Georg Breuer,4.2,52.0,2016.0,Premium
Roero Arneis 2019,Italy,Roero,Bruno Giacosa,3.8,19.4,2019.0,Economy
Pedra de Guix 2016,Spain,Priorat,Terroir Al Límit Soc. Lda,4.3,60.0,2016.0,Premium
La Falaise Languedoc Blanc 2016,France,Languedoc,Château la Négly,4.1,19.01,2016.0,Economy
Bordeaux Blanc 2016,France,Bordeaux,Château de Ricaud,3.4,7.44,2016.0,Budget
Grauer Burgunder vom Löss 2018,Germany,Pfalz,Philipp Kuhn,4.0,14.89,2018.0,Economy
The Y Series Unwooded Chardonnay 2019,Australia,South Australia,Yalumba,3.2,11.9,2019.0,Economy
Marienburg GG Fahrlay 2016,Germany,Mosel,Clemens Busch,4.3,33.5,2016.0,Mid
Kleine Rust Chenin Blanc - Sauvignon Blanc 2019,South Africa,Stellenbosch,Stellenrust,3.6,5.76,2019.0,Budget
Friulano 2017,Italy,Colli Orientali del Friuli,Torre Rosazza,4.0,13.93,2017.0,Economy
Kalk & Stein 2018,Germany,Pfalz,Weingut Seckinger,3.7,8.8,2018.0,Budget
Reiterpfad G.C 2014,Germany,Pfalz,Dr. Bürklin-Wolf,4.1,54.17,2014.0,Premium
Riesling Alsace 2016,France,Alsace,Kuehn,3.7,8.48,2016.0,Budget
Sauvignon Blanc Reserve 2017,South Africa,Walker Bay,Bouchard Finlayson,3.6,16.95,2017.0,Economy
Chardonnay 2018,South Africa,Stellenbosch,Edgebaston,4.0,12.95,2018.0,Economy
Unplugged Riesling 2018,Germany,Nahe,Martin Tesch,3.7,9.9,2018.0,Budget
Timpa del Principe 2017,Italy,Calabria,Ferrocinto,3.8,7.1,2017.0,Budget
Corton-Charlemagne Grand Cru 2016,France,Corton-Charlemagne Grand Cru,Domaine des Héritiers Louis Jadot,4.4,189.39,2016.0,Luxury
Bertesca Vernaccia di San Gimignano 2017,Italy,Vernaccia di San Gimignano,Castelli del Grevepesa,3.1,7.42,2017.0,Budget
Kirchleiten Sauvignon 2013,Italy,Südtirol - Alto Adige,Tiefenbrunner,3.8,15.59,2013.0,Economy
Chardonnay 2016,United States,Russian River Valley,Gallo Signature Series,4.2,32.01,2016.0,Mid
Sauvignon Blanc Trocken 2019,Germany,Rheinhessen,Hofmann,3.8,10.0,2019.0,Budget
Three Terraces Waihopai Sauvignon Blanc 2017,New Zealand,Marlborough,Marisco Vineyards,3.8,15.95,2017.0,Economy
Réserve Royale Goruli Mtsvane 2015,Georgia,Kakheti,Mukhrani,4.1,29.9,2015.0,Mid
Chardonnay 2019,South Africa,Coastal Region,Protea,3.3,8.95,2019.0,Budget
Lores Chardonnay 2017,Austria,Thermenregion,Johanneshof Reinisch,3.9,24.1,2017.0,Mid
Nosiola 2018,Italy,Vigneti delle Dolomiti,Madonna delle Vittorie,3.7,12.57,2018.0,Economy
Golden Grüner Veltliner Reserve 2018,Austria,Weinviertel,Weingut R&A Pfaffl,4.0,22.5,2018.0,Mid
Chardonnay 2018,France,Pays d'Oc,Croix d'Or,3.8,6.9,2018.0,Budget
Gelber Muskateller Steirische Klassik 2019,Austria,Südsteiermark,Tement,3.7,13.61,2019.0,Economy
Schieferterrassen Reserve Riesling 2017,Austria,Kremstal,Domane Krems,4.2,14.72,2017.0,Economy
Châteauneuf-du-Pape Vieilles Vignes Blanc 2006,France,Châteauneuf-du-Pape,Tardieu-Laurent,4.2,46.95,2006.0,Mid
Reserva Chardonnay 2018,Chile,Casablanca Valley,Caliterra,3.2,6.99,2018.0,Budget
Wehlener Sonnenuhr Riesling Spätlese 2017,Germany,Wehlen,Joh. Jos. Prüm,4.2,30.47,2017.0,Mid
Zeltinger Schlossberg Riesling Auslese** 2007,Germany,Mosel,Markus Molitor,4.5,43.65,2007.0,Mid
Fiano Salento Roycello 2018,Italy,Salento,Tormaresca,3.5,13.25,2018.0,Economy
Chablis Vieilles Vignes 2017,France,Chablis,Château de Chemilly,4.0,16.5,2017.0,Economy
Talò Chardonnay 2018,Italy,Puglia,San Marzano,3.8,6.85,2018.0,Budget
Manzanile Vermentino di Sardegna 2018,Italy,Vermentino di Sardegna,Gabbas,3.6,11.0,2018.0,Economy
Rivaner 2018,Germany,Baden,Karl H. Johner,3.3,7.72,2018.0,Budget
de Vite 2019,Italy,Vigneti delle Dolomiti,J. Hofstätter,4.0,11.16,2019.0,Economy
Sauvignon Blanc 2018,Italy,Südtirol - Alto Adige,Alois Lageder,3.6,12.9,2018.0,Economy
Obere Steilterrassen Atzberg Grüner Veltliner 2016,Austria,Wachau,Gritsch Mauritiushof,4.4,56.05,2016.0,Premium
Sa Fita Blanco 2017,Spain,Plà i Llevant,Es Fangar,4.2,18.9,2017.0,Economy
Sauvignon Blanc 2019,South Africa,Stellenbosch,Stellenrust,3.5,7.29,2019.0,Budget
Supperin Grüner Veltliner 2016,Austria,Wachau,Pichler-Krutzler,3.8,27.5,2016.0,Mid
Bourgogne Hautes-Côtes de Beaune Chardonnay 2018,France,Bourgogne Hautes-Côtes de Beaune,Domaine Henri Delagrange et Fils,3.4,16.83,2018.0,Economy
Chassagne-Montrachet 1er Cru 'Cailleret' 2012,France,Chassagne-Montrachet 1er Cru 'Cailleret',Jean-Marc Morey,4.0,86.62,2012.0,Premium
Donnaluce 2019,Italy,Lazio,Poggio le Volpi,4.1,12.9,2019.0,Economy
Frühlingsplätzchen Riesling GG 2014,Germany,Nahe,Emrich-Schönleber,4.2,38.95,2014.0,Mid
Mâcon-Verzé 2018,France,Mâcon-Villages,Domaine Leflaive,4.1,31.9,2018.0,Mid
Deidesheimer Herrgottsacker Riesling Trocken 2018,Germany,Pfalz,Georg Mosbacher,4.0,10.84,2018.0,Economy
Muti Albariño 2014,Spain,Rías Baixas,Raúl Pérez,3.9,21.9,2014.0,Mid
Perdaudin Roero Arneis 2018,Italy,Roero,Negro Angelo,3.9,15.5,2018.0,Economy
Anteprima Tonda Trebbiano Spoletino 2017,Italy,Spoleto,Antonelli San Marco,4.1,20.9,2017.0,Mid
Riesling Trocken 2016,Germany,Rheingau,Prinz,3.5,8.95,2016.0,Budget
Sémillon - Chardonnay 2018,Australia,South Australia,Rawson's Retreat,3.3,7.9,2018.0,Budget
La Galopine Condrieu 2017,France,Condrieu,Delas,4.1,44.75,2017.0,Mid
Le G de Guiraud Bordeaux Blanc Sec 2019,France,Bordeaux,Château Guiraud,4.0,14.52,2019.0,Economy
Weissenkirchner Achleithen Grüner Veltliner Smaragd 2015,Austria,Wachau,Rudi Pichler,4.2,54.0,2015.0,Premium
Reserve Sauvignon Blanc 2017,South Africa,Cape Point,Cape Point Vineyards,4.1,21.5,2017.0,Mid
Escheburg 2011,Germany,Mosel,Immich-Batterieberg,4.0,16.47,2011.0,Economy
Halgans Riesling Trocken 2016,Germany,Nahe,Emrich-Schönleber,3.7,20.9,2016.0,Mid
Rías Baixas Albariño 2019,Spain,Rías Baixas,Martin Codax,3.7,7.93,2019.0,Budget
Riesling Grand Premier Cru 2018,Luxembourg,Côtes de Grevenmacher,Bernard-Massard,3.7,14.83,2018.0,Economy
Grauburgunder 2018,Germany,Pfalz,Rings,3.6,9.45,2018.0,Budget
Wattle Brae Riesling 2017,Australia,Eden Valley,Langmeil,3.7,14.13,2017.0,Economy
Baron Salvadori Chardonnay Riserva 2016,Italy,Südtirol - Alto Adige,Nals Margreid,4.0,25.9,2016.0,Mid
Les Côtes aux Valets Sancerre Blanc 2015,France,Sancerre,Henri Bourgeois,4.2,50.69,2015.0,Premium
Grüner Veltliner Smaragd Classic 2017,Austria,Wachau,Domäne Wachau,3.9,14.99,2017.0,Economy
Pouilly-Fuissé Vielles Vignes 2016,France,Pouilly-Fuissé,Daniel Pollier,3.7,16.08,2016.0,Economy
Limousin 2018,Spain,Rueda,Marqués de Riscal,4.0,10.45,2018.0,Economy
Terroir Series Torrontes 2019,Argentina,Salta,Kaiken,3.7,8.54,2019.0,Budget
Timeo Grillo 2016,Italy,Terre Siciliane,Baglio di Pianetto,3.8,12.58,2016.0,Economy
Villa Torre Verdicchio dei Castelli di Jesi Classico Superiore 2018,Italy,Verdicchio dei Castelli di Jesi,Tenuta di Tavignano,3.3,8.76,2018.0,Budget
Sauvignon Blanc 2019,New Zealand,Marlborough,Moroki,3.7,8.41,2019.0,Budget
Runcneuv Arneis 2019,Italy,Langhe,Roberto Sarotto,3.8,9.26,2019.0,Budget
Kirchspiel Riesling GG 2018,Germany,Rheinhessen,Wittmann,4.0,46.4,2018.0,Mid
Grand Marrenon Blanc 2018,France,Luberon,Marrenon,3.5,11.5,2018.0,Economy
Ganz Horn Im Sonnenschein GG 2015,Germany,Pfalz,Ökonomierat Rebholz,4.1,49.0,2015.0,Mid
Therese Sauvignon Blanc 2018,Austria,Südsteiermark,Weingut Erich & Walter Polz,3.7,23.8,2018.0,Mid
Nierstein Riesling Trocken 2016,Germany,Rheinhessen,Kühling-Gillot,3.8,19.4,2016.0,Economy
Sauvignon Blanc 2017,South Africa,Coastal Region,Diemersfontein,3.4,7.5,2017.0,Budget
Blanco 2019,Spain,Rioja,Baron de Ley,3.7,5.69,2019.0,Budget
Le Fornaci Lugana 2019,Italy,Lugana,Tommasi,3.9,10.5,2019.0,Economy
Oberhäuser Brücke Riesling Spätlese 2015,Germany,Nahe,Dönnhoff,4.2,25.84,2015.0,Mid
Sauvignon 2018,France,Bordeaux,Le Petit Baigneur,3.4,6.49,2018.0,Budget
Riesling 2015,France,Alsace,Albert Boxler,4.0,25.44,2015.0,Mid
Inzolia Sicilia 2018,Italy,Terre Siciliane,Caleo,3.2,4.9,2018.0,Budget
Riesling 2016,Germany,Pfalz,Friedrich Becker,3.6,10.69,2016.0,Economy
Meursault 'Les Narvaux' 2017,France,Meursault,David Moret-Nomine,4.2,63.9,2017.0,Premium
Premium Chardonnay 2016,New Zealand,Marlborough,Saint Clair,3.7,15.84,2016.0,Economy
Viognier 2016,Australia,Barossa Valley,Langmeil,3.9,11.21,2016.0,Economy
Chardonnay Dei Sassi Cavi 2015,Italy,Collio,Collavini,3.3,9.99,2015.0,Budget
Loiserberg Grüner Veltliner Reserve 2017,Austria,Kamptal,Loimer,3.8,17.55,2017.0,Economy
Buntsandstein Riesling 2017,Germany,Pfalz,Frank John,3.8,17.5,2017.0,Economy
Oktav Grauburgunder 2014,Germany,Baden,Heger,3.7,10.67,2014.0,Economy
Berg Schlossberg GG 2016,Germany,Rheingau,Weingüter Wegeler,3.9,25.0,2016.0,Mid
Sauvignon Blanc 2019,South Africa,Stellenbosch,Anura,3.5,9.99,2019.0,Budget
Luberon 2019,France,Luberon,Famille Perrin,3.6,5.71,2019.0,Budget
Branco (Antão Vaz - Viognier - Verdelho) 2018,Portugal,Alentejano,Ciconia,3.5,4.92,2018.0,Budget
Montserre Chablis 2017,France,Chablis,Château de Béru,4.2,35.0,2017.0,Mid
Wehlener Sonnenuhr Riesling Kabinett 2018,Germany,Wehlen,Schloss Lieser,3.8,15.9,2018.0,Economy
Sauvignon 2019,Italy,Colli Orientali del Friuli,Livio Felluga,3.9,18.9,2019.0,Economy
Sauvignon Blanc Organic 2019,Chile,Casablanca Valley,Veramonte,3.5,8.4,2019.0,Budget
Solaris Chorb Rheinau 2018,Switzerland,Zürich,Staatskellerei Zürich,3.8,22.91,2018.0,Mid
La Froscà Soave Classico 2016,Italy,Soave Classico,Gini,3.8,21.45,2016.0,Mid
Les Grands Calcaires Cotes du Rhône 2017,France,Côtes-du-Rhône,Domaine Santa Duc,3.6,9.2,2017.0,Budget
Chardonnay Puglia 2019,Italy,Puglia,Tormaresca,3.6,7.39,2019.0,Budget
Chardonnay 2018,New Zealand,Marlborough,Nautilus,4.1,19.9,2018.0,Economy
Pittermännchen Riesling GG 2015,Germany,Nahe,Diel,3.8,47.76,2015.0,Mid
Meursault-Charmes Premier Cru 2015,France,Meursault 1er Cru 'Charmes',Domaine Jean Monnier & Fils,4.2,90.2,2015.0,Premium
Chablis Grand Cru 'Les Preuses' 2015,France,Chablis Grand Cru 'Preuses',Domaine William Fèvre,4.1,97.81,2015.0,Premium
Riverbank Riesling 2017,United States,Arroyo Seco,Wente,3.6,12.23,2017.0,Economy
Alte Reben Grüner Veltliner 2016,Austria,Niederösterreich,Kracher & Sohm,4.0,14.65,2016.0,Economy
Chardonnay 2016,New Zealand,Marlborough,Greywacke,3.8,29.5,2016.0,Mid
Bell-Ringer Albariño 2015,New Zealand,Gisborne,Coopers Creek,3.7,12.5,2015.0,Economy
Eylo Rueda 2017,Spain,Castilla y León,Val de Vid,3.5,6.23,2017.0,Budget
Collio Friulano 2018,Italy,Collio,Schiopetto,3.9,17.9,2018.0,Economy
Riesling 2018,Germany,Rheinhessen,Schätzel,3.6,12.1,2018.0,Economy
Vieilles Vignes Chablis 2013,France,Chablis,Roland Lavantureux,3.9,52.0,2013.0,Premium
Vigna Runc Friulano 2016,Italy,Friuli-Venezia Giulia,Il Carpino,3.7,14.73,2016.0,Economy
Les Cépages Sauvignon Blanc 2018,France,Pays d'Oc,Baron Philippe de Rothschild,3.1,7.75,2018.0,Budget
Grillo 2018,Italy,Terre Siciliane,Poggio Graffetta,4.0,9.5,2018.0,Budget
Condrieu 2017,France,Condrieu,Tardieu-Laurent,3.8,47.2,2017.0,Mid
Gianni Masciarelli Trebbiano d'Abruzzo 2018,Italy,Trebbiano d'Abruzzo,Masciarelli,3.7,7.66,2018.0,Budget
Castello della Sala Conte della Vipera 2019,Italy,Umbria,Antinori,4.1,20.85,2019.0,Mid
Viré-Clessé 2015,France,Viré-Clessé,Chanson,3.8,18.08,2015.0,Economy
Danger 380 Volts 2019,Czech Republic,Morava,Milan Nestarec,4.1,21.9,2019.0,Mid
Maximin Grünhäuser Herrenberg Riesling Kabinett 2018,Germany,Mosel,Maximin Grünhaus,4.1,15.5,2018.0,Economy
Trebes Ribolla Gialla 2017,Italy,Collio,Attems,3.9,18.42,2017.0,Economy
Gewürztraminer 2019,Italy,Südtirol - Alto Adige,Terlan (Terlano),3.9,13.54,2019.0,Economy
Nicole Vineyard Viognier Réserve 2019,France,Pays d'Oc,Paul Mas,3.7,8.32,2019.0,Budget
Wallufer Walkenberg Riesling Spätlese Trocken 1998,Germany,Rheingau,J.B. Becker,4.1,25.0,1998.0,Mid
Rosengarten Rüdesheim Monopole GG 2016,Germany,Rheingau,Leitz,4.1,38.99,2016.0,Mid
Langhe Chardonnay 2017,Italy,Langhe,Enzo Boglietti,3.8,15.5,2017.0,Economy
Lahn Sauvignon 2019,Italy,Südtirol - Alto Adige,St. Michael-Eppan,3.9,11.54,2019.0,Economy
Sistina Pecorino Terre di Chieti 2019,Italy,Terre di Chieti,Citra,3.7,6.73,2019.0,Budget
ST23 Weissburgunder Trocken 2016,Germany,Mosel,Weinhaus Gebruder Steffen,3.4,5.63,2016.0,Budget
Weissburgunder Trocken 2017,Germany,Nahe,Dönnhoff,3.6,11.9,2017.0,Economy
Wiener Grüner Veltliner 2017,Austria,Wien,Wieninger,3.3,13.69,2017.0,Economy
Chablis 1er Cru 'Vau Ligneau' 2018,France,Chablis 1er Cru 'Vau Ligneau',Alain Geoffroy,3.6,24.18,2018.0,Mid
Blandine Le Blanc 2018,France,Côtes de Gascogne,Château du Cèdre,3.6,5.9,2018.0,Budget
Chardonnay 2018,Australia,South Australia,Oxford Landing,3.1,8.78,2018.0,Budget
Volz Riesling 2016,Germany,Wiltingen,Van Volxem,4.3,31.19,2016.0,Mid
Cavanera Ripa di Scorciavacca Etna Bianco 2017,Italy,Etna,Firriato,3.8,19.99,2017.0,Economy
Kirchspiel Riesling GG 2017,Germany,Rheinhessen,Wittmann,4.2,51.8,2017.0,Premium
Eight Rows Sauvignon Blanc 2019,South Africa,Durbanville,Diemersdal,4.0,18.5,2019.0,Economy
The Wine Collection Sauvignon 2016,Italy,Südtirol - Alto Adige,St. Michael-Eppan,4.7,142.01,2016.0,Luxury
Petit Chablis 2017,France,Petit Chablis,Château de Chemilly,4.0,13.9,2017.0,Economy
Zeltinger Schlossberg Riesling Trockenbeerenauslese 2006,Germany,Mosel,Markus Molitor,4.6,95.55,2006.0,Premium
Vom Stein Pinot Bianco 2018,Italy,Südtirol - Alto Adige,Castelfeder,3.6,9.25,2018.0,Budget
Wolfer Sonnenlay Riesling Kabinett 2017,Germany,Mosel,Weiser-Künstler,3.9,13.9,2017.0,Economy
Tradition Grüner Veltliner 2017,Austria,Weinviertel,Dürnberg,3.8,11.5,2017.0,Economy
Scheurebe Trocken 2018,Germany,Pfalz,Weingut Weegmüller,3.7,8.4,2018.0,Budget
Circle of Life White 2016,South Africa,Stellenbosch,Waterkloof,4.0,16.9,2016.0,Economy
Les Vieilles Vignes Chablis 2017,France,Chablis,Pascal Bouchard,4.1,23.5,2017.0,Mid
Trittenheimer Apotheke Riesling Kabinett 2017,Germany,Mosel,Ansgar Clüsserath,4.0,14.26,2017.0,Economy
Verdejo 2019,Spain,Rueda,Val de Vid,3.6,9.65,2019.0,Budget
Riesling Berg Roseneck Kabinett Trocken 2012,Germany,Rheingau,Künstler,4.0,17.29,2012.0,Economy
Chardonnay 2018,Italy,Terre Siciliane,Feudi Branciforti dei Bordonaro,3.5,6.9,2018.0,Budget
Extra Blanc 2018,France,Languedoc-Roussillon,Gérard Bertrand,3.4,10.68,2018.0,Economy
Viognier 2016,Germany,Pfalz,Oliver Zeter,3.9,16.58,2016.0,Economy
Kranachberg Sauvignon Blanc 2016,Austria,Südsteiermark,Sattlerhof,4.1,41.58,2016.0,Mid
Als Wär's ein Stück Von Mir 2015,Germany,Rheinhessen,Weingut Gunderloch,3.6,11.4,2015.0,Economy
Chardonnay 2017,United States,California,Stone Barn,3.8,7.6,2017.0,Budget
Collezione Lugana 2018,Italy,Lugana,Bertani,3.4,11.63,2018.0,Economy
Loibner Grüner Veltliner Smaragd Vinothekfüllung 2018,Austria,Wachau,Weingut Knoll,4.2,45.0,2018.0,Mid
Lenz Riesling 2017,Germany,Nahe,Emrich-Schönleber,4.0,12.0,2017.0,Economy
Scharzhofberger P Riesling 2015,Germany,Wiltingen,Van Volxem,4.1,44.95,2015.0,Mid
Iphöfer Kronsberg Scheurebe Alte Reben 2017,Germany,Franken,Hans Wirsching,4.2,20.89,2017.0,Mid
Vom Schiefer Riesling Trocken 2018,Germany,Mosel,Ansgar Clüsserath,3.7,9.26,2018.0,Budget
Piesporter Goldtröpfchen Riesling Feinherb 2016,Germany,Mosel,Ansgar Clüsserath,3.9,15.4,2016.0,Economy
Sulz Morillon 2013,Austria,Südsteiermark,Tement,4.0,34.73,2013.0,Mid
Custoza 2018,Italy,Bianco di Custoza,Menegotti,3.6,7.25,2018.0,Budget
Petit Salé de Villeneuve 2019,France,Provence,Château de Roquefort,3.7,12.9,2019.0,Economy
Schweigen Chardonnay 2017,Germany,Pfalz,Friedrich Becker,4.1,23.06,2017.0,Mid
Private Selection Vinhas Velhas Branco 2016,Portugal,Alentejo,Paulo Laureano,4.0,13.65,2016.0,Economy
Heugumber 2016,Germany,Baden,Ziereisen,3.4,5.5,2016.0,Budget
L'Elfo Pinot Grigio 2019,Italy,Veneto,Sacchetto,3.7,6.19,2019.0,Budget
Inzolia - Chardonnay 2018,Italy,Terre Siciliane,Roccaperciata,3.4,5.68,2018.0,Budget
Gorges 2015,France,Muscadet-Sevre et Maine,Pépière,3.9,17.06,2015.0,Economy
Juffer Riesling Trocken GG 2018,Germany,Mosel,Fritz Haag,3.9,23.9,2018.0,Mid
Zeltinger Sonnenuhr Riesling Auslese*** 2003,Germany,Mosel,Markus Molitor,4.1,49.99,2003.0,Mid
Steirische Klassik Sauvignon Blanc 2014,Austria,Südsteiermark,Gross,3.7,19.39,2014.0,Economy
Varietal Chardonnay 2019,Chile,Central Valley,Santa Helena,3.1,4.89,2019.0,Budget
Sauvignon Blanc 2018,Argentina,Mendoza,Mariflor,4.3,22.42,2018.0,Mid
Chardonnay Toscana Collezione Privata 2018,Italy,Toscana,Isole e Olena,4.4,53.84,2018.0,Premium
Geheimrat J Riesling Spätlese Trocken 2012,Germany,Rheingau,Weingüter Wegeler,4.1,24.9,2012.0,Mid
Gewürztraminer Alsace Grand Cru Hatschbourg 2017,France,Alsace Grand Cru,Wolfberger,4.0,18.42,2017.0,Economy
Héritage Chardonnay 2018,France,Pays d'Oc,Château Guilhem,3.7,6.58,2018.0,Budget
Albarino 2018,Spain,Rías Baixas,Atlantik,3.8,9.9,2018.0,Budget
Chardonnay 2018,Germany,Pfalz,Friedrich Becker,3.6,10.72,2018.0,Economy
Premium Tămâioasă Românească Sec 2018,Romania,Dealu Mare,Budureasca,3.6,10.5,2018.0,Economy
Camino del Pelegrino (Peregrino) Albariño 2018,Spain,Galicia,Pazo Señorans,3.5,14.13,2018.0,Economy
Sauvignon Blanc Rueda 2018,Spain,Rueda,Blume,3.4,5.99,2018.0,Budget
Chardonnay 2017,South Africa,Cape Point,Cape Point Vineyards,3.9,19.9,2017.0,Economy
Isliedh 2018,South Africa,Cape Point,Cape Point Vineyards,4.1,31.95,2018.0,Mid
Pinot Bianco Vial 2018,Italy,Trentino-Alto Adige,Cantina Kaltern,3.7,11.6,2018.0,Economy
Ungstein Scheurebe 2017,Germany,Pfalz,Pfeffingen,3.8,12.95,2017.0,Economy
Mercurey Clos Rochette 2018,France,Mercurey,Faiveley,4.1,20.95,2018.0,Mid
Alleskönner Weiss 2018,Germany,Rheinhessen,Becker Landgraf,3.8,7.7,2018.0,Budget
Pratto Bianco (Pratto Benaco Bresciano) 2018,Italy,Benaco Bresciano,Cà dei Frati,4.1,14.52,2018.0,Economy
Chablis 2018,France,Chablis,Domaine des Héritières,3.6,15.06,2018.0,Economy
Klausen Sauvignon Blanc 2017,Austria,Steiermark,Neumeister,3.9,23.52,2017.0,Mid
Amarela 2018,Italy,Marche,Garofoli,3.3,5.9,2018.0,Budget
Chardonnay 2013,Slovenia,Goriška Brda,Edi Simčič,3.8,20.99,2013.0,Mid
Markus Pfaffmann Grauburgunder Trocken 2019,Germany,Pfalz,Karl Pfaffmann,3.9,6.6,2019.0,Budget
Chardonnay Prestige Cuvée 2018,South Africa,Robertson,Bon Courage,3.8,7.79,2018.0,Budget
Vignes Blanches Pouilly-Fuissé 2016,France,Pouilly-Fuissé,Domaine Saumaize-Michelin,3.9,24.95,2016.0,Mid
Am Schwarzen Herrgott Riesling 2016,Germany,Rheinhessen,Battenfeld Spanier,4.2,41.58,2016.0,Mid
Oppenheim Riesling 2017,Germany,Rheinhessen,Kühling-Gillot,4.0,17.45,2017.0,Economy
L'U Umbria Bianco 2018,Italy,Umbria,Lungarotti,3.8,10.71,2018.0,Economy
Riesling 2018,Hungary,Tolna,Tűzkő,3.4,7.66,2018.0,Budget
Verdejo 2018,Spain,Rueda,Intruso,3.6,8.28,2018.0,Budget
Riesling Heiligenstein 2018,Austria,Kamptal,Weingut Bründlmayer,3.9,22.91,2018.0,Mid
Moscato 2018,Spain,Valencia,The Tapas Wine Collection,3.9,7.53,2018.0,Budget
Chardonnay 2018,South Africa,Stellenbosch,Vergelegen,3.6,13.99,2018.0,Economy
Sauvignon Blanc Trocken 2019,Germany,Pfalz,Knipser,4.0,9.85,2019.0,Budget
Wehlener Sonnenuhr Riesling Kabinett 2015,Germany,Mosel,Markus Molitor,3.9,19.95,2015.0,Economy
Μαλαγουζιά (Malagouziá) 2017,Greece,Achaia,Tetramythos,3.5,9.9,2017.0,Budget
Müller Thurgau 2018,Italy,Südtirol - Alto Adige,Tiefenbrunner,3.7,10.09,2018.0,Economy
Punggl Pinot Grigio 2018,Italy,Südtirol - Alto Adige,Nals Margreid,3.9,14.9,2018.0,Economy
Chablis 2018,France,Chablis,Chartron et Trébuchet,3.8,22.95,2018.0,Mid
Fabelhaft Riesling 2017,Germany,Mosel,Fio,3.4,10.35,2017.0,Economy
Ferentano Lazio 2016,Italy,Lazio,Falesco,3.9,26.18,2016.0,Mid
Taylors Pass Vineyard Chardonnay 2016,New Zealand,Marlborough,Villa Maria,3.8,22.1,2016.0,Mid
La Fontaine Aux Enfants Cru d'Alsace 2016,France,Alsace,Marc Kreydenweiss,3.7,22.0,2016.0,Mid
Mandelpfad Riesling GG 2017,Germany,Pfalz,Knipser,3.8,27.0,2017.0,Mid
Gewurztraminer 2016,France,Alsace,Jean-Rémy Haeffelin,3.6,10.71,2016.0,Economy
La Fontaine Aux Enfants Cru d'Alsace 2015,France,Alsace,Marc Kreydenweiss,3.8,22.0,2015.0,Mid
Blauschiefer Riesling Trocken 2018,Germany,Mosel,Kerpen,3.6,7.9,2018.0,Budget
Pago de los Balagueses Chardonnay 2017,Spain,Utiel-Requena,Vegalfaro,3.9,16.47,2017.0,Economy
Côtes du Rhône Blanc 2018,France,Côtes-du-Rhône,Domaine de la Solitude,4.0,8.5,2018.0,Budget
Circumstance Sauvignon Blanc 2018,South Africa,Stellenbosch,Waterkloof,3.8,15.5,2018.0,Economy
Mountain White 2015,South Africa,Stellenbosch,Thelema,3.6,10.9,2015.0,Economy
Gaisböhl G.C 2016,Germany,Pfalz,Dr. Bürklin-Wolf,4.2,54.0,2016.0,Premium
Villa Torre Verdicchio dei Castelli di Jesi Classico Superiore 2017,Italy,Verdicchio dei Castelli di Jesi,Tenuta di Tavignano,3.6,9.95,2017.0,Budget
Ried Steinriegl Sauvignon Blanc 2018,Austria,Südsteiermark,Wohlmuth,3.8,17.4,2018.0,Economy
Castel Firmian Chardonnay Trentino 2018,Italy,Trentino,Mezzacorona,3.3,6.9,2018.0,Budget
Moscatel Old Vines 2018,Spain,Sierras de Málaga,Botani,4.1,16.74,2018.0,Economy
Riesling Classic 2018,Germany,Rheingau,Prinz von Hessen,3.9,9.5,2018.0,Budget
Malterdingen Weisser Burgunder 2016,Germany,Baden,Bernhard Huber,3.9,27.6,2016.0,Mid
Loibenberg Riesling 2015,Austria,Wachau,Pichler-Krutzler,4.3,33.0,2015.0,Mid
Cuvée Vauban Pouilly-Vinzelles 2014,France,Pouilly-Vinzelles,Château de Vinzelles,3.8,17.54,2014.0,Economy
Altima Sauvignon Blanc 2018,South Africa,Overberg,Cape of Good Hope,4.3,13.99,2018.0,Economy
Danie de Wet Chardonnay Sur Lie 2019,South Africa,Robertson,De Wetshof,3.7,8.72,2019.0,Budget
Pinot Gris Alsace Grand Cru 'Kitterlé' 2010,France,Alsace Grand Cru,Domaines Schlumberger,3.9,35.58,2010.0,Mid
Danie de Wet Sauvignon Blanc 2019,South Africa,Robertson,De Wetshof,3.4,6.15,2019.0,Budget
Sulz Sauvignon Blanc 2015,Austria,Südsteiermark,Gross,4.0,27.9,2015.0,Mid
Sancerre Grande Cuvée Blanc 2017,France,Sancerre,Comte Lafond,4.2,38.9,2017.0,Mid
Chardonnay 2018,France,Côtes de Thongue,Domaine Montrose,3.7,8.39,2018.0,Budget
Molamatta Collio Bianco 2015,Italy,Collio,Marco Felluga,3.8,25.99,2015.0,Mid
Grauer Burgunder Trocken 2018,Germany,Rheinhessen,Wittmann,3.7,11.4,2018.0,Economy
Wachstum Bodenstein Grüner Veltliner 2016,Austria,Wachau,Prager,4.4,38.75,2016.0,Mid
Dürnstein Grüner Veltliner 2018,Austria,Wachau,Pichler-Krutzler,3.6,13.7,2018.0,Economy
Riesling 2016,France,Alsace,Albert Boxler,3.9,26.32,2016.0,Mid
Chardonnay 2017,Austria,Burgenland,Paul Achs,3.3,23.61,2017.0,Mid
Blanco 2018,Spain,Rioja Alta,Tarón,3.3,5.76,2018.0,Budget
Perlita Chardonnay 2018,Argentina,Uco Valley,DiamAndes,3.7,9.99,2018.0,Budget
Chardonnay 2018,Germany,Rheinhessen,Knewitz,3.6,8.9,2018.0,Budget
Schiste 2018,France,Vins des Allobroges,Domaine des Ardoisieres,4.3,44.85,2018.0,Mid
Muros Antigos Alvarinho 2019,Portugal,Monção e Melgaço,Anselmo Mendes,3.9,11.5,2019.0,Economy
The King's Bastard Chardonnay 2017,New Zealand,Marlborough,The Kings Series,4.1,16.95,2017.0,Economy
Hinter der Burg Grüner Veltliner 2019,Austria,Wachau,Prager,4.1,19.95,2019.0,Economy
Cap Maritime Chardonnay 2017,South Africa,Hemel-en-Aarde Valley,Boekenhoutskloof,4.1,50.56,2017.0,Premium
Westhofen Riesling Trocken 2018,Germany,Rheinhessen,K.Wechsler,3.8,12.87,2018.0,Economy
Königsbacher Ölberg Riesling 2018,Germany,Pfalz,Von Winning,4.2,19.45,2018.0,Economy
Terresinis 2018,Italy,Valle del Tirso,Vernaccia Oristano,3.9,7.35,2018.0,Budget
Riesling Alte Reben 2018,Germany,Mosel,Maximin Grünhaus,3.9,15.65,2018.0,Economy
Mosel Alte Reben Riesling 2018,Germany,Mosel,Markus Molitor,4.0,17.8,2018.0,Economy
Hydra Vernaccia di San Gimignano 2017,Italy,Vernaccia di San Gimignano,Il Palagione,3.7,11.2,2017.0,Economy
Grüner Veltliner 2017,Hungary,Tolna,Tűzkő,3.3,7.66,2017.0,Budget
Grauburgunder Trocken 2018,Germany,Pfalz,Knipser,3.9,13.8,2018.0,Economy
Karthäuser Riesling 2016,Germany,Nahe,Martin Tesch,3.6,13.9,2016.0,Economy
Saint-Véran 2016,France,Saint-Véran,Les Héritiers du Comte Lafon,4.0,36.33,2016.0,Mid
Serruria Chardonnay 2017,South Africa,Overberg,Cape of Good Hope,4.1,13.99,2017.0,Economy
Axpoint Grüner Veltliner 2017,Austria,Wachau,Gritsch Mauritiushof,3.7,13.54,2017.0,Economy
Orvieto Classico Bianco 2019,Italy,Orvieto,Ruffino,3.6,6.49,2019.0,Budget
Riesling 2018,Germany,Mosel,Weiser-Künstler,4.1,11.5,2018.0,Economy
Sauvignon Blanc 2020,South Africa,Robertson,Arabella,4.0,5.95,2020.0,Budget
Sirmian Pinot Bianco 2018,Italy,Südtirol - Alto Adige,Nals Margreid,3.7,17.45,2018.0,Economy
Chablis Premier Cru Fourchaume 2017,France,Chablis Premier Cru,Domaine William Fèvre,4.2,49.37,2017.0,Mid
The King's Favour Sauvignon Blanc 2018,New Zealand,Marlborough,The Kings Series,4.0,13.9,2018.0,Economy
Pinot Bianco 2018,Italy,Südtirol - Alto Adige,Cantina Bolzano / Kellerei Bozen,3.5,11.02,2018.0,Economy
Gavi 2017,Italy,Gavi,Fontanafredda,3.6,8.59,2017.0,Budget
Cellar Selection Bosstok Chenin Blanc 2018,South Africa,Paarl,Rhebokskloof,3.8,8.29,2018.0,Budget
Pettenthal Riesling GG 2016,Germany,Rheinhessen,Kühling-Gillot,4.0,46.0,2016.0,Mid
Côtes-Du-Rhône Guy Louis Blanc 2017,France,Côtes-du-Rhône,Tardieu-Laurent,3.7,19.8,2017.0,Economy
One Man Band White 2016,South Africa,Elgin,Iona,4.1,24.9,2016.0,Mid
Condrieu 2018,France,Condrieu,E. Guigal,3.9,45.0,2018.0,Mid
Faß 25 Ayler Riesling 2016,Germany,Mosel,Peter Lauer,3.9,15.5,2016.0,Economy
Pioneer Block 3 43 Degrees Sauvignon Blanc 2019,New Zealand,Marlborough,Saint Clair,4.0,18.95,2019.0,Economy
Pettenthal Riesling GG Trocken 2014,Germany,Rheinhessen,Weingut Gunderloch,3.9,26.81,2014.0,Mid
Two Princes Riesling 2018,Germany,Nahe,Prinz Salm,4.0,8.96,2018.0,Budget
Maximin Grünhäuser Abtsberg Riesling Spätlese 2018,Germany,Mosel,Maximin Grünhaus,4.2,18.43,2018.0,Economy
Aurelia Langhe Arneis 2018,Italy,Langhe,Rivetti Massimo,3.6,9.65,2018.0,Budget
Las Pizarras Chardonnay 2017,Chile,Aconcagua Costa,Errazuriz,4.0,75.76,2017.0,Premium
Mercurey Blanc 2017,France,Mercurey,Château de Chamirey,4.0,32.0,2017.0,Mid
Kalmuck White 2018,Austria,Wachau,Gritsch Mauritiushof,3.5,9.74,2018.0,Budget
Pouilly-Fuissé Clos Sur la Roche 2017,France,Pouilly-Fuissé,Domaine Saumaize-Michelin,4.2,28.07,2017.0,Mid
Saint-Romain 2017,France,Saint-Romain,David Moret-Nomine,4.3,29.9,2017.0,Mid
Family Vineyards Chardonnay 2016,Brazil,Rio Grande do Sul,Miolo,3.2,9.9,2016.0,Budget
Cuvée Especial Verdejo 2016,Spain,Rueda,José Pariente,4.0,32.5,2016.0,Mid
Grüner Veltliner Federspiel Kaiserberg 2018,Austria,Wachau,Domäne Wachau,3.5,12.3,2018.0,Economy
Wachenheimer Altenburg P.C 2016,Germany,Pfalz,Dr. Bürklin-Wolf,3.9,28.0,2016.0,Mid
Nierstein Riesling Trocken 2017,Germany,Rheinhessen,Weingut Gunderloch,3.8,13.64,2017.0,Economy
Sancerre 'Les Caillottes' 2019,France,Sancerre,Dauny,3.8,15.7,2019.0,Economy
Corton-Charlemagne Grand Cru 2016,France,Corton-Charlemagne Grand Cru,Vincent Girardin,4.5,156.7,2016.0,Luxury
Paradies Riesling 2017,Germany,Nahe,Korrell,3.9,22.89,2017.0,Mid
El Afrutado 2015,Spain,Lanzarote,El Grifo,3.7,9.65,2015.0,Budget
Toscana Bianco 2016,Italy,Toscana,Ornellaia,4.5,251.23,2016.0,Luxury
Centenaire Côtes du Roussillon Blanc 2018,France,Côtes du Roussillon,Domaine Lafage,3.7,12.1,2018.0,Economy
Pessac-Léognan Blanc (Grand Cru Classé de Graves) 2005,France,Pessac-Léognan,Domaine de Chevalier,4.2,107.95,2005.0,Luxury
Riesling 2018,Germany,Rheinhessen,Dreissigacker,3.8,11.21,2018.0,Economy
Geheimrat J Riesling Spätlese Trocken 2011,Germany,Rheingau,Weingüter Wegeler,4.2,24.9,2011.0,Mid
Müller Thurgau 2018,Italy,Südtirol - Alto Adige,Cantina Kaltern,3.6,9.65,2018.0,Budget
From Black to White Il Bianco 2018,Italy,Veneto,Zýmē,3.9,15.04,2018.0,Economy
Escheburg 2014,Germany,Mosel,Immich-Batterieberg,3.8,15.5,2014.0,Economy
Von den Terrassen Riesling 2018,Germany,Mosel,Reinhard Knebel,4.0,14.35,2018.0,Economy
Corton-Charlemagne Grand Cru 1993,France,Corton-Charlemagne Grand Cru,Bonneau du Martray,4.3,249.95,1993.0,Luxury
Villa Grand Cap Blanc 2018,France,Vin de France,Lionel Osmin & Cie,3.4,7.3,2018.0,Budget
Chardonnay 2017,Argentina,Lujan de Cuyo,Sottano,3.5,9.7,2017.0,Budget
Blanc 2011,France,Côtes Catalanes,Domaine de l'Horizon,3.9,39.96,2011.0,Mid
Vom Buntsandstein Riesling Trocken 2016,Germany,Pfalz,Ökonomierat Rebholz,3.8,21.5,2016.0,Mid
Hullabaloo 2019,Germany,Pfalz,Schneider,4.1,16.9,2019.0,Economy
Silvaner VDP.Erste Lage Escherndorfer Lump 2016,Germany,Franken,Rainer Sauer,3.7,14.57,2016.0,Economy
La Soufrandière Climat Les Quarts Pouilly-Vinzelles 2017,France,Pouilly-Vinzelles,Bret Brothers & The Soufrandière,4.0,46.5,2017.0,Mid
Bandol Blanc 2019,France,Bandol,La Suffrene,3.5,17.5,2019.0,Economy
Killka Chardonnay 2017,Argentina,Uco Valley,Salentein,3.5,9.25,2017.0,Budget
Alea Riesling 2018,Australia,Clare Valley,Grosset,4.0,25.9,2018.0,Mid
Riesling Trocken 2018,Germany,Nahe,Emrich-Schönleber,3.9,9.9,2018.0,Budget
Scharzhofberger Riesling Auslese 2017,Germany,Wiltingen,Egon Müller - Scharzhof,4.5,450.0,2017.0,Luxury
Lugana 2019,Italy,Lugana,Bulgarini,4.0,8.89,2019.0,Budget
'Rosso & Bianco' Chardonnay 2017,United States,California,Francis Ford Coppola,3.7,13.25,2017.0,Economy
Colle Sant'Antonio Soave Classico 2014,Italy,Soave Classico,Prà,4.1,26.7,2014.0,Mid
Masseria Surani Arthemis Fiano 2017,Italy,Puglia,Tommasi,4.0,8.9,2017.0,Budget
Pinot Grigio delle Venezie 2019,Italy,delle Venezie,Lenotti,4.0,5.95,2019.0,Budget
The Beautiful Lady Gewürztraminer 2018,South Africa,Stellenbosch,Nederburg,4.2,18.52,2018.0,Economy
Bandol Blanc 2018,France,Bandol,Château de Pibarnon,4.0,26.04,2018.0,Mid
Grande Réserve Muscadet de Sèvre et Maine Sur Lie 2018,France,Muscadet-Sevre et Maine,Dominique Salmon,3.6,9.99,2018.0,Budget
Chardonnay 2018,Chile,Central Valley,Carmen,3.6,6.5,2018.0,Budget
Parallèle 45 Côtes Du Rhône Blanc 2018,France,Côtes-du-Rhône,Paul Jaboulet Aîné,3.6,11.47,2018.0,Economy
Riesling K 2016,France,Alsace,Paul Kubler,3.5,13.55,2016.0,Economy
Kalk & Kreide Sauvignon Blanc 2019,Austria,Südsteiermark,Tement,4.0,13.71,2019.0,Economy
Nahesteiner Riesling Trocken 2017,Germany,Nahe,Diel,3.7,15.39,2017.0,Economy
Les Preuses Chablis Grand Cru 2017,France,Chablis Grand Cru,Domaine Nathalie et Gilles Fevre,4.3,65.0,2017.0,Premium
Chardonnay 2019,South Africa,Robertson,Arabella,3.7,5.95,2019.0,Budget
Meursault 2016,France,Meursault,Faiveley,4.2,46.5,2016.0,Mid
Chardonnay 2018,United States,California,Crane Lake,3.5,9.26,2018.0,Budget
Riesling Trocken Brauneberger Juffer Sonnenuhr GG 2018,Germany,Brauneberg,Fritz Haag,4.1,28.7,2018.0,Mid
Chenin Blanc (Steen op Hout) 2019,South Africa,Stellenbosch,Mulderbosch,3.3,10.49,2019.0,Economy
Puro Torrontes 2019,Argentina,Mendoza,Dieter Meier,3.8,10.89,2019.0,Economy
M Capriva Del Friuli 2015,Italy,Friuli-Venezia Giulia,Schiopetto,4.3,75.9,2015.0,Premium
Cellar Selection Chardonnay 2019,Chile,Central Valley,Santa Carolina,3.4,5.95,2019.0,Budget
Weissburgunder Trocken 2018,Germany,Saale-Unstrut,Winzervereinigung Freyburg-Unstrut,3.2,7.63,2018.0,Budget
Gavi di Gavi 2019,Italy,Gavi,Fontanafredda,3.8,12.25,2019.0,Economy
Sauvignon Blanc 2019,South Africa,Constantia,Klein Constantia,4.0,15.5,2019.0,Economy
Sauvignon Blanc 2017,New Zealand,Marlborough,Curious Kiwi,3.6,7.74,2017.0,Budget
Treaty Tree Reserve Sauvignon Blanc - Semillon 2017,South Africa,Western Cape,Flagstone,3.7,9.95,2017.0,Budget
Sauvignon 2019,Italy,Colli Orientali del Friuli,La Tunella,4.3,13.16,2019.0,Economy
Weisser Burgunder II 2015,Germany,Pfalz,Von Winning,3.8,15.95,2015.0,Economy
Bechtheimer Riesling 2016,Germany,Rheinhessen,Dreissigacker,3.6,18.94,2016.0,Economy
Zeltinger Sonnenuhr Riesling Spätlese 2016,Germany,Zeltingen,Joh. Jos. Prüm,4.3,26.32,2016.0,Mid
Chardonnay Piemonte Costebianche 2017,Italy,Piemonte,Coppo,3.4,18.75,2017.0,Economy
Gamlitzer Gelber Muskateller 2017,Austria,Südsteiermark,Gross,4.1,19.4,2017.0,Economy
Riesling No 1 Trocken 2018,Germany,Rheingau,Eser,3.7,7.79,2018.0,Budget
Faß 25 Ayler Riesling 2018,Germany,Mosel,Peter Lauer,4.1,13.35,2018.0,Economy
Kranachberg Sauvignon Blanc 2017,Austria,Südsteiermark,Sattlerhof,3.9,41.58,2017.0,Mid
Staforte Soave Classico 2017,Italy,Soave Classico,Prà,4.0,15.9,2017.0,Economy
Pinot Blanc Classic 2017,France,Alsace,Bestheim,3.4,7.99,2017.0,Budget
Fernão Pires 2016,Portugal,Península de Setúbal,Portinho do Covo,3.6,5.7,2016.0,Budget
JT Blanc Costières de Nîmes 2016,France,Costières-de-Nîmes,Château de Nages,4.0,18.03,2016.0,Economy
Santenay Premier Cru 'Gravières' Blanc 2015,France,Santenay 1er Cru 'Les Gravières',Château de la Crée,4.3,73.63,2015.0,Premium
Höhenflug Chardonnay 2018,Germany,Pfalz,Hensel,4.3,16.77,2018.0,Economy
Sancerre Blanc 2018,France,Sancerre,Dominique et Janine Crochet,4.0,15.5,2018.0,Economy
Sauvignon Blanc 2017,Germany,Pfalz,Georg Mosbacher,3.8,12.5,2017.0,Economy
Nuovo Quadro Gavi 2019,Italy,Gavi,La Battistina,3.9,14.73,2019.0,Economy
Achenio Bolgheri Bianco 2015,Italy,Bolgheri,Campo Alla Sughera,3.8,15.4,2015.0,Economy
Musbrugger 2016,Germany,Baden,Ziereisen,4.3,18.42,2016.0,Economy
Gundian Albariño 2018,Spain,Rías Baixas,Adega Valdes,3.8,9.55,2018.0,Budget
Vita Bella Côtes de Provence 2016,France,Côtes de Provence,La Mascaronne,3.9,16.5,2016.0,Economy
Scheu... Aber Geil! 2018,Germany,Pfalz,Emil Bauer & Söhne,3.5,9.65,2018.0,Budget
Sauvignon Blanc 2019,Chile,Central Valley,TerraNoble,3.6,6.83,2019.0,Budget
Wehlener Sonnenuhr Riesling Kabinett 2015,Germany,Wehlen,Kerpen,3.7,9.5,2015.0,Budget
Isabelino Verdejo 2018,Spain,Rueda,Reina de Castilla,3.7,8.5,2018.0,Budget
Sémillon 2017,South Africa,Franschhoek,Boekenhoutskloof,3.9,25.5,2017.0,Mid
Weissburgunder 2018,Germany,Rheinhessen,Dreissigacker,3.9,10.9,2018.0,Economy
Turmhof Chardonnay 2017,Italy,Südtirol - Alto Adige,Tiefenbrunner,3.4,13.5,2017.0,Economy
Contessa Entellina Chiarandà 2017,Italy,Contessa Entellina,Donnafugata,4.0,23.9,2017.0,Mid
Reserve Chardonnay 2018,Argentina,Tupungato,Domaine Bousquet,3.6,8.58,2018.0,Budget
Halenberg Riesling GG 2017,Germany,Nahe,Emrich-Schönleber,4.2,42.0,2017.0,Mid
Kerner 2016,Romania,Tarnave,Villa Vinea,3.8,9.9,2016.0,Budget
Chenin Blanc 2018,South Africa,Western Cape,Laborie,3.5,7.32,2018.0,Budget
Ried Renner Grüner Veltliner 2015,Austria,Kamptal,Hirsch,3.8,23.01,2015.0,Mid
Solosole Vermentino 2019,Italy,Bolgheri,Poggio Al Tesoro,4.1,14.9,2019.0,Economy
Viognier 2018,France,Pays d'Oc,Baron Philippe de Rothschild,3.6,8.78,2018.0,Budget
Cà da Bosio Gavi 2016,Italy,Gavi,Vite Colte,3.6,8.95,2016.0,Budget
The Wolftrap White Blend 2019,South Africa,Franschhoek,Boekenhoutskloof,3.5,6.3,2019.0,Budget
Darling Sauvignon Blanc 2018,South Africa,Darling,Fairview,3.6,12.96,2018.0,Economy
Deux Roches Tradition Mâcon-Villages 2017,France,Mâcon-Villages,Collovray & Terrier,3.9,10.97,2017.0,Economy
Chardonnay 2017,South Africa,Stellenbosch,Vergelegen,3.7,15.16,2017.0,Economy
Vom Lehm Gewürztraminer 2017,Italy,Südtirol - Alto Adige,Castelfeder,3.9,12.7,2017.0,Economy
Asia Cuvée 2019,Austria,Wien,Mayer am Pfarrplatz,4.1,11.99,2019.0,Economy
Weissburgunder Trocken 2018,Germany,Pfalz,Weingut Metzger,3.9,8.04,2018.0,Budget
Horizont Grüner Veltliner 2018,Austria,Weinviertel,Herbert Zillinger,3.7,11.67,2018.0,Economy
Vinha Centenária Reserva Branco 2012,Portugal,Douro,Dona Berta,4.2,24.27,2012.0,Mid
Qvinterra Riesling 2017,Germany,Rheinhessen,Kühling-Gillot,3.8,13.69,2017.0,Economy
Riesling Trocken 2018,Germany,Rheinhessen,Bischel,3.7,8.2,2018.0,Budget
Sauvignon Blanc 2019,France,Pays d'Oc,Les Jamelles,3.5,5.46,2019.0,Budget
Pinot Grigio 2019,Italy,Colli Orientali del Friuli,Livio Felluga,4.1,18.9,2019.0,Economy
Chassagne-Montrachet 1er Cru Morgeot Monopole Clos de La Chapelle Blanc 2016,France,Chassagne-Montrachet 1er Cru 'Morgeot',Louis Jadot - Domaine Duc de Magenta,4.3,98.15,2016.0,Premium
Trebbiano - Pinot Grigio 2019,Italy,Puglia,Cielo e Terra,4.0,4.25,2019.0,Budget
Terroir de Saint Alban Blanc Sec 2018,France,Savoie,Mathieu Apffel,3.4,16.47,2018.0,Economy
Nuragus di Cagliari 2018,Italy,Nuragus di Cagliari,Antonella Corda,3.6,13.55,2018.0,Economy
Kallstadter Saumagen Riesling Spätlese Trocken 2016,Germany,Pfalz,Koehler-Ruprecht,4.0,17.45,2016.0,Economy
Chablis 2018,France,Chablis,Domaine des Hâtes,4.0,15.5,2018.0,Economy
1300 Torrontés 2019,Argentina,Tupungato,Andeluna,3.8,7.99,2019.0,Budget
Louro do Bolo Godello Valdeorras 2019,Spain,Valdeorras,Rafael Palacios,3.9,15.9,2019.0,Economy
Heerkretz Riesling GG 2017,Germany,Rheinhessen,Wagner-Stempel,3.9,46.41,2017.0,Mid
Weissburgunder Trocken 2018,Germany,Pfalz,Dr. Bürklin-Wolf,3.6,8.9,2018.0,Budget
Touraine Sauvignon 2018,France,Touraine,Domaine Malet,3.6,8.57,2018.0,Budget
Paula Chardonnay 2018,Argentina,Mendoza,Doña Paula,3.5,6.73,2018.0,Budget
Pechstein Riesling GG 2017,Germany,Pfalz,Dr. Von Bassermann-Jordan,4.3,37.04,2017.0,Mid
Chassagne-Montrachet 1er Cru 'Cailleret' 2013,France,Chassagne-Montrachet 1er Cru 'Cailleret',Jean-Marc Morey,4.1,72.0,2013.0,Premium
Grauburgunder 2018,Germany,Baden,Salwey,3.7,11.5,2018.0,Economy
Steinporz Smaragd Grüner Veltliner 2015,Austria,Wachau,Gritsch Mauritiushof,4.1,20.95,2015.0,Mid
Select Chardonnay 2017,Austria,Wien,Wieninger,4.1,20.28,2017.0,Mid
Ratscher Sauvignon Blanc 2016,Austria,Südsteiermark,Gross,3.8,19.4,2016.0,Economy
Le Margherite 2018,Italy,Langhe,Brandini,4.0,14.65,2018.0,Economy
Lugana 2019,Italy,Lugana,Zonin,3.3,8.94,2019.0,Budget
Chenin Blanc 2019,South Africa,Stellenbosch,Kaapzicht,3.5,8.5,2019.0,Budget
Valle Escondido Torrontes 2016,Argentina,Mendoza,Gouguenheim,3.4,7.9,2016.0,Budget
Ermita Veracruz Verdejo 2018,Spain,Rueda,Bodegas Veracruz,3.6,8.8,2018.0,Budget
Frühlingsplätzchen Riesling GG 2016,Germany,Nahe,Emrich-Schönleber,4.1,38.9,2016.0,Mid
Terre di Tufi Toscana Bianco 2017,Italy,Toscana,Teruzzi & Puthod,3.6,16.0,2017.0,Economy
Floreado Sauvignon Blanc 2019,Italy,Südtirol - Alto Adige,Andrian,4.1,12.95,2019.0,Economy
Zeltinger Himmelreich Riesling Kabinett 2018,Germany,Mosel,Markus Molitor,4.1,14.25,2018.0,Economy
Oktav Grauburgunder 2018,Germany,Baden,Heger,3.9,10.7,2018.0,Economy
Leithaberg Chardonnay 2017,Austria,Neusiedlersee-Hügelland,Esterházy,3.5,14.63,2017.0,Economy
Reserva 347 Vineyards Sauvignon Blanc 2017,Chile,Casablanca Valley,De Martino,3.7,8.8,2017.0,Budget
Pessac-Léognan Blanc 2016,France,Pessac-Léognan,Château de Fieuzal,3.9,58.29,2016.0,Premium
Weissburgunder 2018,Germany,Rheinhessen,Pfannebecker,3.6,7.25,2018.0,Budget
Chardonnay Salento Charà 2018,Italy,Salento,Castello Monaci,3.8,8.5,2018.0,Budget
Cool-Climate Chenin Blanc 2018,South Africa,Walker Bay,Creation,3.6,16.99,2018.0,Economy
Grüner Veltliner Federspiel Himmelstiege 2019,Austria,Wachau,Domäne Wachau,3.7,10.3,2019.0,Economy
Éo Blanc 2018,Switzerland,Zürich,Staatskellerei Zürich,3.9,27.29,2018.0,Mid
Página Sauvignon Blanc 2017,Portugal,Lisboa,Romana Vini,4.0,16.57,2017.0,Economy
Weissburgunder 2018,Germany,Rheinhessen,Stefan Winter,3.8,8.74,2018.0,Budget
Ermitage de l'Orée 2003,France,Hermitage,M. Chapoutier,4.0,181.5,2003.0,Luxury
Riesling Stein Gaisberg Reserve 2018,Austria,Kremstal,Petra Unger,3.9,14.57,2018.0,Economy
Eins Zu Eins Grauer Burgunder 2019,Germany,Pfalz,Weingut A. Diehl,3.9,7.24,2019.0,Budget
Rachel's Chenin Blanc 2019,South Africa,Coastal Region,Boschendal,3.7,8.41,2019.0,Budget
Chardonnay 2018,Chile,Casablanca Valley,Montes Alpha,3.8,16.4,2018.0,Economy
Little Yering Chardonnay 2017,Australia,Yarra Valley,Yering Station,3.3,11.95,2017.0,Economy
Chenin Blanc 2016,South Africa,Citrusdal Mountain,Botanica,4.0,27.95,2016.0,Mid
Pinot Grigio 2018,Italy,Friuli Isonzo,I Feudi di Romans,3.8,14.53,2018.0,Economy
Villa Solais Vermentino di Sardegna 2019,Italy,Vermentino di Sardegna,Santadi,3.6,7.87,2019.0,Budget
Fabelhaft Riesling 2018,Germany,Mosel,Fio,3.5,10.42,2018.0,Economy
Chablis 2017,France,Chablis,Domaine Jean Dauvissat,3.9,22.0,2017.0,Mid
Pessac-Léognan Blanc 2005,France,Pessac-Léognan,Château de Fieuzal,4.0,44.95,2005.0,Mid
Riesling SONNE 2017,Austria,Niederösterreich,Weingut R&A Pfaffl,3.9,16.59,2017.0,Economy
Tannenberg Sauvignon Blanc 2018,Italy,Südtirol - Alto Adige,Manincor,3.9,23.06,2018.0,Mid
Arneis Roero 2019,Italy,Roero,Vietti,3.8,14.9,2019.0,Economy
Protocolo Blanco 2016,Spain,Castilla,Dominio de Eguren,3.5,4.95,2016.0,Budget
Langenlois Spiegel 1.ÖTW Reserve 2011,Austria,Kamptal,Loimer,3.9,28.0,2011.0,Mid
T.N. 06 Abendrot 2015,Italy,Trentino-Alto Adige,Thomas Niedermayr,3.9,29.9,2015.0,Mid
Schüttenberg Chardonnay 2018,Austria,Niederösterreich,Markowitsch,4.0,16.58,2018.0,Economy
Von Den Grossen Lagen 2018,Germany,Nahe,Korrell,4.0,19.44,2018.0,Economy
Pessac-Léognan Blanc (Grand Cru Classé de Graves) 2005,France,Pessac-Léognan,Château Latour-Martillac,3.9,48.95,2005.0,Mid
Sancerre Blanc 2018,France,Sancerre,Domaine Salmon,3.9,14.9,2018.0,Economy
Contrada Salvarenza Vecchie Vigne Soave Classico 2016,Italy,Soave Classico,Gini,3.9,28.18,2016.0,Mid
Pettenthal Riesling GG Trocken 2016,Germany,Rheinhessen,Weingut Gunderloch,3.9,32.5,2016.0,Mid
Pošip 2016,Croatia,Dalmatian Coast,Kunjas,3.9,15.9,2016.0,Economy
Grauburgunder Herrenstück 2016,Germany,Baden,Weingut Holger Koch,3.8,12.95,2016.0,Economy
Riesling Graacher Domprobst Kabinett 2015,Germany,Mosel,Markus Molitor,3.9,17.29,2015.0,Economy
Torrontes 2017,Argentina,Mendoza,Argento,3.9,9.99,2017.0,Budget
Beaune 1er Cru 'Clos des Mouches' Blanc 2017,France,Beaune 1er Cru 'Le Clos des Mouches',Joseph Drouhin,4.4,121.85,2017.0,Luxury
Vouvray 2018,France,Vouvray,Famille Bougrier,3.8,6.95,2018.0,Budget
Côtes de Gascogne Les 4 Réserve 2017,France,Côtes de Gascogne,Domaine du Tariquet,3.5,8.5,2017.0,Budget
La Ripe Bianchello del Metauro 2017,Italy,Bianchello del Metauro,Roberto Lucarelli,3.4,9.5,2017.0,Budget
Nounat 2019,Spain,Mallorca,Binigrau,4.2,18.75,2019.0,Economy
Fendant 2017,Switzerland,Valais,Domaines Rouvinez,3.5,17.4,2017.0,Economy
Sauvignon Blanc 2016,South Africa,Cape Agulhas,Lomond,3.5,9.65,2016.0,Budget
Berg Roseneck Riesling 2014,Germany,Rüdesheim,Georg Breuer,4.2,39.0,2014.0,Mid
Le Saline Vermentino di Gallura Superiore 2017,Italy,Vermentino di Gallura,Vigneti Zanatta,4.2,17.9,2017.0,Economy
Albizzia Chardonnay 2019,Italy,Toscana,Frescobaldi,3.7,8.73,2019.0,Budget
Muskat Freyheit 2017,Austria,Niederösterreich,Heinrich,3.6,29.0,2017.0,Mid
Elbling Trocken 2018,Germany,Sachsen,Weingut Schloss Proschwitz,3.8,11.9,2018.0,Economy
Riesling 2018,Germany,Rheinhessen,Weingut Baeder,3.6,11.25,2018.0,Economy
Esprit de Crès Ricards Viognier 2016,France,Pays d'Oc,Domaine des Crès Ricards,3.7,7.28,2016.0,Budget
Chardonnay - Weissburgunder 2018,Germany,Pfalz,Rings,3.9,8.9,2018.0,Budget
Wehlener Sonnenuhr Riesling Kabinett 2016,Germany,Wehlen,Schloss Lieser,4.1,16.95,2016.0,Economy
Collio Sauvignon 2017,Italy,Collio,Schiopetto,3.8,16.9,2017.0,Economy
Organic Chardonnay - Muscat 2018,Spain,Valencia,Neleman,3.6,6.5,2018.0,Budget
Chardonnay Vigneti delle Dolomiti 2019,Italy,Vigneti delle Dolomiti,Santa Margherita,3.3,8.49,2019.0,Budget
Falerio 2018,Italy,Falerio,Velenosi,3.5,5.9,2018.0,Budget
Jesuitengarten Riesling GG 2014,Germany,Pfalz,Dr. Von Bassermann-Jordan,4.1,39.95,2014.0,Mid
Turmhof Gewürztraminer 2017,Italy,Südtirol - Alto Adige,Tiefenbrunner,4.2,18.15,2017.0,Economy
Ungeheuer GG 2016,Germany,Pfalz,Georg Mosbacher,4.0,32.27,2016.0,Mid
The King's Thorn Pinot Gris 2016,New Zealand,Marlborough,The Kings Series,3.4,31.9,2016.0,Mid
Riesling Sonnenberg GG 2011,Germany,Pfalz,Friedrich Becker,3.7,22.69,2011.0,Mid
Cellar Selection Sauvignon Blanc 2019,Chile,Central Valley,Santa Carolina,3.1,5.95,2019.0,Budget
Pinot Grigio 2019,Italy,Südtirol - Alto Adige,St. Michael-Eppan,3.8,9.31,2019.0,Budget
Goldriesling Trocken 2018,Germany,Sachsen,Weingut Schloss Proschwitz,3.8,12.5,2018.0,Economy
Obere Steigen Grüner Veltliner 2019,Austria,Traisental,Markus Huber,3.7,8.89,2019.0,Budget
Le Merle Blanc de Château Clarke Bordeaux Blanc 2018,France,Bordeaux,Château Clarke,4.1,27.27,2018.0,Mid
Volx Riesling 2017,Germany,Mosel,Van Volxem,3.9,13.5,2017.0,Economy
Laurens Campher 2017,South Africa,Stellenbosch,Muratie,3.9,13.68,2017.0,Economy
Wehlener Sonnenuhr Riesling Kabinett 2014,Germany,Mosel,Markus Molitor,3.9,14.43,2014.0,Economy
Le Cornillard Anjou 2015,France,Anjou,Domaine Patrick Baudouin,4.1,33.83,2015.0,Mid
Sauvignon Blanc 2017,New Zealand,Marlborough,Leefield Station,3.7,14.9,2017.0,Economy
Müller-Thurgau Trocken 2018,Germany,Saale-Unstrut,Winzervereinigung Freyburg-Unstrut,3.3,6.26,2018.0,Budget
Stein Sauvignon 2018,Italy,Südtirol - Alto Adige,Nals Margreid,4.0,11.95,2018.0,Economy
Pinot Grigio 2018,Italy,Veneto,Gorgo,3.7,7.9,2018.0,Budget
Pulpo Albariño 2019,Spain,Galicia,Pagos del Rey,3.9,7.7,2019.0,Budget
Alteni di Brassica Langhe 2017,Italy,Langhe,Gaja,4.1,109.0,2017.0,Luxury
Ungeheuer GG 2017,Germany,Pfalz,Reichsrat von Buhl,4.0,29.9,2017.0,Mid
Bianco N.V.,Italy,Vino d'Italia,Apericena,3.8,5.7,,Budget
Fiano Di Avellino 2019,Italy,Fiano de Avellino,Feudi di San Gregorio,4.0,11.5,2019.0,Economy
Lenchen Riesling Kabinett 2018,Germany,Rheingau,Peter Jakob Kühn,4.0,18.9,2018.0,Economy
Sonett Grauburgunder 2018,Germany,Baden,Heger,3.8,9.48,2018.0,Budget
Aulerde Riesling GG 2017,Germany,Rheinhessen,Wittmann,4.2,34.73,2017.0,Mid
Riesling Alsace Signature 2017,France,Alsace,Wolfberger,3.5,8.28,2017.0,Budget
Vignes de Nicole Chardonnay - Viognier Pays d'Oc 2019,France,Pays d'Oc,Paul Mas,3.8,7.37,2019.0,Budget
Rüdesheimer Berg Rottland Hinterhaus Riesling 2016,Germany,Rheingau,Leitz,3.9,37.04,2016.0,Mid
Weissburgunder 2019,Germany,Pfalz,Schneider,3.9,12.5,2019.0,Economy
Estates Douro Branco 2018,Portugal,Douro,Churchill's,3.7,14.73,2018.0,Economy
Kinheimer Hubertuslay Riesling Auslese 2015,Germany,Mosel,Markus Molitor,4.5,115.95,2015.0,Luxury
The Long Walk Chardonnay 2019,South Africa,Western Cape,Footprint,3.6,6.5,2019.0,Budget
Chardonnay 2018,United States,Washington,Two Vines,3.4,9.7,2018.0,Budget
Branu Vermentino di Gallura 2019,Italy,Vermentino di Gallura,Surrau,4.0,9.65,2019.0,Budget
Vieilles Vignes Entre-deux-Mers 2019,France,Entre-deux-Mers,Château Sainte-Marie,3.8,10.49,2019.0,Economy
Muros Antigos Escolha 2019,Portugal,Vinho Verde,Anselmo Mendes,3.6,6.32,2019.0,Budget
Viognier 2018,France,Vin de France,Maison de La Villette,3.6,6.41,2018.0,Budget
Riesling Trocken 2019,Germany,Rheinhessen,Keller,3.9,12.9,2019.0,Economy
White Blend 2017,South Africa,Swartland,Badenhorst,4.2,24.49,2017.0,Mid
Sauvignon Blanc 2016,Romania,Tarnave,Villa Vinea,3.8,10.5,2016.0,Economy
Sauvignon Blanc 2018,New Zealand,Marlborough,Te Whare Ra,3.9,17.9,2018.0,Economy
Sauvignon Blanc 2019,Germany,Pfalz,Dr. Von Bassermann-Jordan,4.1,11.95,2019.0,Economy
Grauburgunder 2019,Germany,Pfalz,Ellermann-Spiegel,4.0,6.8,2019.0,Budget
Effusion Anjou 2018,France,Anjou,Domaine Patrick Baudouin,3.9,19.88,2018.0,Economy
Dame Nature Petit Chablis 2018,France,Petit Chablis,La Chablisienne,3.8,13.58,2018.0,Economy
Grauburgunder 2017,Germany,Baden,Salwey,3.4,9.54,2017.0,Budget
Grüner Veltliner 2019,Austria,Kremstal,Domane Krems,3.8,7.26,2019.0,Budget
Langhe Sauvignon Rovella 2016,Italy,Langhe,Parusso,4.0,24.2,2016.0,Mid
Riesling Reserve Zöbinger Heiligenstein Lyra 2015,Austria,Kamptal,Weingut Bründlmayer,4.2,49.47,2015.0,Mid
Riesling 2018,Germany,Rheingau,Schloss Vollrads,3.8,10.53,2018.0,Economy
Maximin Grünhäuser Abtsberg Riesling Kabinett 2018,Germany,Mosel,Maximin Grünhaus,4.1,15.65,2018.0,Economy
Bourgogne Blanc 2016,France,Bourgogne,Domaine Henri Boillot,4.1,26.5,2016.0,Mid
Edición Limitada Lías Verdejo 2016,Spain,Rueda,Ramón Bilbao,3.8,13.57,2016.0,Economy
Festival Sauvignon 2018,Italy,Südtirol - Alto Adige,Kellerei Meran,3.7,9.65,2018.0,Budget
Chassagne-Montrachet Premier Cru Morgeot Marquis de Laguiche 2016,France,Chassagne-Montrachet Premier Cru,Joseph Drouhin,4.4,112.94,2016.0,Luxury
Chablis 2018,France,Chablis,Ropiteau Freres,3.5,16.34,2018.0,Economy
Ehrenhausen Muschelkalk 2017,Austria,Südsteiermark,Tement,3.7,16.85,2017.0,Economy
Sauvignon Blanc Trocken 2019,Germany,Pfalz,Frederik Janus,3.9,7.6,2019.0,Budget
Rüdesheimer Berg Roseneck Katerloch Riesling 2016,Germany,Rheingau,Leitz,4.1,34.12,2016.0,Mid
Gönnheimer Riesling Trocken 2018,Germany,Pfalz,Eymann,3.6,8.9,2018.0,Budget
Riesling Tradition 2015,Austria,Kamptal,Schloss Gobelsburg,4.0,31.1,2015.0,Mid
Chardonnay 2018,Spain,Somontano,Bodega Otto Bestué,3.8,8.22,2018.0,Budget
Chenin Blanc Wild Ferment 2018,South Africa,Stellenbosch,Delheim,3.8,12.49,2018.0,Economy
Whitehall Chardonnay 2017,South Africa,Elgin,Neil Ellis,3.8,17.95,2017.0,Economy
Chablis Grand Cru 'Les Clos' 2016,France,Chablis Grand Cru,Louis Michel & Fils,4.3,80.57,2016.0,Premium
Côtes De Gascogne Chardonnay 2018,France,Côtes de Gascogne,Domaine du Tariquet,3.5,7.0,2018.0,Budget
Königsbach Riesling 2017,Germany,Pfalz,A. Christmann,4.0,18.42,2017.0,Economy
Luces Chardonnay - Sauvignon Blanc - Macabeo 2019,Spain,Somontano,Viñas del Vero,3.5,5.75,2019.0,Budget
The Young Airhawk 2017,South Africa,Coastal Region,Nederburg,3.8,18.84,2017.0,Economy
Aristargos 2018,South Africa,Swartland,David & Nadia,4.2,34.15,2018.0,Mid
Condrieu Les Cassines 2016,France,Condrieu,Paul Jaboulet Aîné,3.9,47.52,2016.0,Mid
T.N. 99 Sonnrain 2016,Italy,Südtirol - Alto Adige,Thomas Niedermayr,3.9,18.9,2016.0,Economy
Langenlois Käferberg 2011,Austria,Kamptal,Loimer,3.9,29.5,2011.0,Mid
Sauvignon Blanc 2016,Portugal,Bairrada,Quinta do Ortigao,3.6,9.75,2016.0,Budget
Fourchaume Chablis Premier Cru 2018,France,Chablis Premier Cru,Domaine Nathalie et Gilles Fevre,4.0,27.9,2018.0,Mid
Kirchenstück GG 2015,Germany,Pfalz,Von Winning,4.3,59.0,2015.0,Premium
Schulthauser Weissburgunder (Pinot Bianco) 2019,Italy,Südtirol - Alto Adige,St. Michael-Eppan,3.8,12.6,2019.0,Economy
Riesling Trocken 2017,Germany,Rheinhessen,Weingut Gunderloch,3.4,8.7,2017.0,Budget
Sauvignon Blanc 2019,South Africa,Stellenbosch,Lanzerac,3.7,10.9,2019.0,Economy
Alta Colección Pinot Gris 2019,Argentina,Uco Valley,Bodega Piedra Negra,3.7,8.72,2019.0,Budget
Yattarna Chardonnay (BIN 144) 2016,Australia,Adelaide Hills,Penfolds,4.2,221.95,2016.0,Luxury
Organic Chardonnay 2018,Australia,South Australia,Farm Hand,3.7,7.69,2018.0,Budget
Sauvignon Blanc 2018,United States,Sonoma Coast,Schug,4.0,25.04,2018.0,Mid
Straw 2018,South Africa,Stellenbosch,Rustenberg,4.0,14.43,2018.0,Economy
Hard 2016,Germany,Baden,Ziereisen,4.1,26.0,2016.0,Mid
Méthode Ancienne Chardonnay 2017,South Africa,Robertson,Springfield Estate,4.2,33.95,2017.0,Mid
Rausch Kabinett 2018,Germany,Mosel,Forstmeister Geltz-Zilliken,4.1,18.9,2018.0,Economy
Sauvignon Blanc 2018,New Zealand,Marlborough,Salomon & Andrew,3.6,14.9,2018.0,Economy
Ried Klostersatz Grüner Veltliner Federspiel 2016,Austria,Wachau,F.X. Pichler,3.8,25.5,2016.0,Mid
Small Hill White 2016,Austria,Burgenland,Leo Hillinger,3.3,11.19,2016.0,Economy
Riesling 2018,France,Alsace,Boeckel,3.6,9.5,2018.0,Budget
Bechtheimer Riesling 2013,Germany,Rheinhessen,Dreissigacker,3.8,42.01,2013.0,Mid
Riesling Trocken 2018,Germany,Pfalz,Krebs,3.7,10.01,2018.0,Economy
Savennières Bellevue 2016,France,Savennières,Domaine Patrick Baudouin,4.1,36.84,2016.0,Mid
Blutsbruder für Immer Vereint Weiss 2017,Germany,Rheinhessen,Karl May,3.7,10.67,2017.0,Economy
Hill Pinot Grigio 2018,Italy,Südtirol - Alto Adige,Nals Margreid,3.7,10.4,2018.0,Economy
Chablis 'Champ des Ducs' 2018,France,Chablis,Alain Geoffroy,3.8,18.03,2018.0,Economy
Nuwedam Old Vine Chenin Blanc 2017,South Africa,Swartland,Huis Van Chevallerie,4.2,35.0,2017.0,Mid
Suavis Vernaccia de San Gimignano 2018,Italy,San Gimignano,Mormoraia,3.9,11.6,2018.0,Economy
La Mateo Tempranillo Blanco 2017,Spain,Rioja,D. Mateos,3.9,20.95,2017.0,Mid
Pfaffenberg Riesling 2017,Austria,Kremstal,Pichler-Krutzler,3.8,22.0,2017.0,Mid
Le Merle Blanc de Château Clarke Bordeaux Blanc 2017,France,Bordeaux,Château Clarke,4.3,27.06,2017.0,Mid
Les Menétrieres Pouilly-Fuissé (Cuvée Hors-Classe) 2015,France,Pouilly-Fuissé,J.A. Ferret,4.2,55.24,2015.0,Premium
Lieben Aich 2015,Italy,Südtirol - Alto Adige,Manincor,4.1,40.84,2015.0,Mid
Grauburgunder Trocken 2019,Germany,Pfalz,Frederik Janus,3.7,7.6,2019.0,Budget
Meursault 'Les Grands Charrons' 2017,France,Meursault,Michel Bouzereau,4.2,53.61,2017.0,Premium
Chardonnay 2015,United States,Monterey County,Ranch 32,3.5,21.57,2015.0,Mid
Chardonnay Penedès 3055 2019,Spain,Penedès,Jean Leon,3.8,13.37,2019.0,Economy
Châteauneuf-du-Pape Clos La Roquète Blanc 2017,France,Châteauneuf-du-Pape,Domaine La Roquète,4.2,49.76,2017.0,Mid
Karthäuser Riesling 2018,Germany,Nahe,Martin Tesch,3.9,13.75,2018.0,Economy
Sauvignon Blanc Tradition 2018,Germany,Pfalz,Philipp Kuhn,3.7,11.6,2018.0,Economy
Brauneberger Juffer Riesling Spätlese 2018,Germany,Brauneberg,Fritz Haag,4.2,15.95,2018.0,Economy
Capsula Viola Chardonnay 2019,Italy,Toscana,Antinori,3.8,6.95,2019.0,Budget
Kalkmergel Riesling 2018,Germany,Pfalz,Rings,3.6,9.25,2018.0,Budget
El Rincón de Nekeas Chardonnay 2018,Spain,Navarra,Bodegas Nekeas,3.7,8.54,2018.0,Budget
Wiltinger Riesling 2017,Germany,Wiltingen,Van Volxem,4.0,14.7,2017.0,Economy
Sauvignon Blanc 2020,South Africa,Durbanville,Diemersdal,3.8,8.9,2020.0,Budget
Deidesheimer Kalkofen GG 2017,Germany,Pfalz,Von Winning,4.1,32.12,2017.0,Mid
Umbria Bianco 2019,Italy,Umbria,Santa Cristina,3.5,9.5,2019.0,Budget
Las Pizarras Chardonnay 2014,Chile,Aconcagua Costa,Errazuriz,4.1,75.76,2014.0,Premium
Chardonnay 2013,United States,Anderson Valley,Domaine Anderson,3.9,48.26,2013.0,Mid
Bairrada Vinha Formal Branco 2011,Portugal,Bairrada,Luis Pato,3.9,32.17,2011.0,Mid
Siefersheim Porphyr Riesling 2018,Germany,Rheinhessen,Wagner-Stempel,3.9,16.57,2018.0,Economy
Chardonnay Leithaberg 2016,Austria,Neusiedlersee-Hügelland,Heinrich,3.8,13.98,2016.0,Economy
Côte de Rouffach Riesling 2016,France,Alsace,René Muré,3.7,15.5,2016.0,Economy
Scharzhofberger Riesling Auslese 2014,Germany,Wiltingen,Egon Müller - Scharzhof,4.5,554.1,2014.0,
Sauvignon Blanc 2019,South Africa,Stellenbosch,Delheim,3.4,7.69,2019.0,Budget
Albariño 2019,Spain,Rías Baixas,Lagar de Cervera,3.9,13.25,2019.0,Economy
Riesling Trocken 2018,Germany,Nahe,Schäfer-Fröhlich,3.9,14.63,2018.0,Economy
Friulano 2017,Italy,Friuli-Venezia Giulia,Borgo Magredo,3.5,8.78,2017.0,Budget
Riesling Stielweg Alte Reben 2018,Germany,Rheingau,Künstler,3.9,16.9,2018.0,Economy
Reserve Chardonnay 2017,Argentina,Tupungato,Domaine Bousquet,3.9,12.18,2017.0,Economy
Selección Finca Monte Alto 2015,Spain,Rías Baixas,Fillaboa,4.0,21.5,2015.0,Mid
Wallufer Walkenberg Riesling Kabinett Trocken 2013,Germany,Rheingau,J.B. Becker,3.6,12.0,2013.0,Economy
Chardonnay 2018,South Africa,Stellenbosch,Anura,3.7,10.6,2018.0,Economy
Darscho 2017,Austria,Weinland,Velich,4.2,29.54,2017.0,Mid
Wehlener Klosterberg Pinot Blanc 2016,Germany,Mosel,Markus Molitor,3.9,44.89,2016.0,Mid
Chassagne-Montrachet Premier Cru Morgeot Marquis de Laguiche 2017,France,Chassagne-Montrachet Premier Cru,Joseph Drouhin,4.5,120.56,2017.0,Luxury
Dittelsheim Riesling 2016,Germany,Rheinhessen,Stefan Winter,3.9,13.68,2016.0,Economy
Sangre de Toro Chardonnay Selection 2017,Spain,Penedès,Torres,3.4,10.18,2017.0,Economy
Penon Pinot Bianco 2016,Italy,Südtirol - Alto Adige,Nals Margreid,3.7,10.9,2016.0,Economy
Pettenthal Riesling GG 2015,Germany,Rheinhessen,Kühling-Gillot,4.3,48.64,2015.0,Mid
Sauvignon Blanc 2018,South Africa,Stellenbosch,Vergelegen,3.6,13.4,2018.0,Economy
Chardonnay 2019,Italy,Südtirol - Alto Adige,Alois Lageder,3.6,9.9,2019.0,Budget
Forster Ungeheuer Ziegler 2017,Germany,Rheinhessen,Dr. Von Bassermann-Jordan,3.9,23.79,2017.0,Mid
Castel Firmian Pinot Grigio Trentino 2019,Italy,Trentino,Mezzacorona,3.5,6.75,2019.0,Budget
Villata Roero Arneis 2019,Italy,Roero,Vite Colte,3.5,8.45,2019.0,Budget
Domaine Ciringa Fosilni Breg Sauvignon Blanc 2018,Slovenia,Štajerska,Tement,3.6,13.43,2018.0,Economy
Weissburgunder Trocken 2018,Germany,Nahe,Dönnhoff,3.6,12.19,2018.0,Economy
Branco 2018,Portugal,Algarve,João Clara,3.5,11.7,2018.0,Economy
Les Tourelles de la Crée Montagny Premier Cru 2014,France,Montagny Premier Cru,Château de la Crée,3.9,46.64,2014.0,Mid
Milia 2018,France,Provence,Clos de l'Ours,3.7,21.9,2018.0,Mid
Collezione di Famiglia Viognier 2018,Italy,Terre Siciliane,Barone Montalto,3.7,8.29,2018.0,Budget
Loibner Burgstall Riesling Smaragd 2015,Austria,Wachau,F.X. Pichler,4.0,27.0,2015.0,Mid
Pinot Grigio 2018,Italy,Friuli Grave,Bidoli,3.8,8.0,2018.0,Budget
Fermentado en Barrica Verdejo 2017,Spain,Rueda,Protos,3.8,18.99,2017.0,Economy
Historic Blanco 2017,Spain,Priorat,Terroir Al Límit Soc. Lda,3.8,18.0,2017.0,Economy
Saint Joseph Fruit d'Avilleran 2017,France,Saint-Joseph,Francois Villard,4.0,22.0,2017.0,Mid
Reserve Sauvignon Blanc 2018,New Zealand,Marlborough,Villa Maria,4.0,20.5,2018.0,Mid
Bianco di Custoza Superiore Cà del Magro 2018,Italy,Bianco di Custoza,Monte del Frá,3.9,9.6,2018.0,Budget
Grüner Veltliner ZEISEN Weinviertel DAC 2019,Austria,Weinviertel,Weingut R&A Pfaffl,3.8,8.9,2019.0,Budget
Riesling Auslese Westhofen Morstein 2015,Germany,Rheinhessen,Keller,4.3,35.0,2015.0,Mid
Sauvignon Blanc - Sémillon 2018,Turkey,Thrace,Suvla,3.5,12.0,2018.0,Economy
Blanco Sobre Lías 2019,Spain,Cariñena,Bodegas Care,4.0,5.7,2019.0,Budget
Pouilly-Fuissé Vielles Vignes 2017,France,Pouilly-Fuissé,Daniel Pollier,3.9,15.98,2017.0,Economy
Kalkmergel Grauburgunder 2018,Germany,Pfalz,Friedrich Becker,4.2,17.0,2018.0,Economy
Petit Bourgeois Sauvignon Blanc 2019,France,Val de Loire,Henri Bourgeois,3.6,9.95,2019.0,Budget
Röttgen 2017,Germany,Mosel,Heymann-Löwenstein,4.0,31.0,2017.0,Mid
Chardonnay Bourgogne 2017,France,Bourgogne,Paul Pillot,3.6,29.45,2017.0,Mid
Idig GG 2016,Germany,Pfalz,A. Christmann,4.1,67.26,2016.0,Premium
Casamaro Verdejo 2019,Spain,Rueda,Garciarevalo,4.1,6.24,2019.0,Budget
Sancerre Sauvage Blanc 2016,France,Sancerre,Pascal Jolivet,4.0,44.11,2016.0,Mid
Chardonnay 2018,South Africa,Walker Bay,Creation,3.7,16.79,2018.0,Economy
Pinot Grigio 2019,Italy,Sicilia,Stemmari,3.8,5.2,2019.0,Budget
Oranžista 2017,Slovakia,Slovakia,Slobodné Vinárstvo,3.7,19.9,2017.0,Economy
Aurora Gavi 2017,Italy,Gavi,Roberto Sarotto,3.7,9.9,2017.0,Budget
Classic Collection Chardonnay 2019,South Africa,Western Cape,KWV,3.3,6.84,2019.0,Budget
Puligny-Montrachet 2017,France,Puligny-Montrachet,Jacques Carillon,4.1,59.9,2017.0,Premium
Finca Montico 2018,Spain,Rueda,Marqués de Riscal,3.9,14.99,2018.0,Economy
Kies Grüner Veltliner 2018,Austria,Kamptal,Kurt Angerer,3.9,10.9,2018.0,Economy
Arthur Chardonnay 2017,United States,Dundee Hills,Domaine Drouhin,3.9,36.95,2017.0,Mid
Sancerre Blanc 2019,France,Sancerre,Michel Thomas & Fils,4.0,14.54,2019.0,Economy
Chablis Grand Cru 'Les Preuses' 2016,France,Chablis Grand Cru 'Preuses',Domaine William Fèvre,4.3,95.0,2016.0,Premium
Kleine Rust Chenin Blanc - Sauvignon Blanc 2017,South Africa,Stellenbosch,Stellenrust,3.3,5.8,2017.0,Budget
Steinbuckel Riesling GG 2017,Germany,Pfalz,Knipser,4.0,26.9,2017.0,Mid
Réserve Chardonnay 2018,France,Limoux,Domaines Astruc,3.9,8.45,2018.0,Budget
Mantel Blanco Verdejo 2019,Spain,Rueda,Álvarez y Díez,3.8,7.45,2019.0,Budget
Bianchi Grilli Per la Testa Trebbiano d'Abruzzo 2016,Italy,Trebbiano d'Abruzzo,Torre dei Beati,3.7,21.39,2016.0,Mid
Wachtberg Grüner Veltliner 2015,Austria,Kremstal,Salomon Undhof,3.7,17.35,2015.0,Economy
Verdeca 2017,Italy,Puglia,Terrecarsiche 1939,3.5,7.42,2017.0,Budget
Riesling 2017,Germany,Pfalz,Oliver Zeter,3.6,8.5,2017.0,Budget
Forster U 500 Riesling 2013,Germany,Pfalz,Von Winning,4.2,45.95,2013.0,Mid
Ungeheuer GG 2017,Germany,Pfalz,Georg Mosbacher,4.3,28.59,2017.0,Mid
Vernaccia di San Gimignano 2018,Italy,San Gimignano,Rocca delle Macìe,3.2,8.9,2018.0,Budget
Riesling 2018,New Zealand,Nelson,Seifried Estate,4.0,12.69,2018.0,Economy
Le Bouquet 2019,South Africa,Western Cape,Boschendal,3.8,6.94,2019.0,Budget
Sauvage Sauvignon Blanc - Semillon 2015,Australia,Margaret River,Domaine Naturaliste,4.0,18.95,2015.0,Economy
Torrontés 2019,Argentina,Calchaqui Valley,Colomé,4.1,8.24,2019.0,Budget
Pinot Gris 2017,New Zealand,Marlborough,Leefield Station,3.5,14.9,2017.0,Economy
Vaudésir Chablis Grand Cru 2016,France,Chablis Grand Cru,Roland Lavantureux,4.3,122.0,2016.0,Luxury
Silvaner Trocken 2014,Germany,Rheinhessen,Wittmann,3.5,9.16,2014.0,Budget
Guardiani di Aralto 2017,Italy,Sciacca,Baglio Oro,3.9,12.9,2017.0,Economy
Chardonnay 2018,United States,California,Gnarly Head,3.5,9.65,2018.0,Budget
Nespolino Trebbiano - Chardonnay 2017,Italy,Emilia-Romagna,Poderi dal Nespoli,3.2,5.76,2017.0,Budget
Chardonnay - Fiano Puglia 2018,Italy,Puglia,Montecore,3.9,5.5,2018.0,Budget
Wehlener Klosterberg Riesling Spätlese 2016,Germany,Mosel,Markus Molitor,3.6,18.9,2016.0,Economy
Bisamberg Wiener Gemischter Satz 2018,Austria,Wiener Gemischter Satz,Wieninger,3.8,15.5,2018.0,Economy
Geheimrat J Riesling Spätlese Trocken 2013,Germany,Rheingau,Weingüter Wegeler,4.3,24.9,2013.0,Mid
Wehlener Sonnenuhr Riesling Auslese 2015,Germany,Mosel,Markus Molitor,4.6,99.95,2015.0,Premium
Mrs. English 2017,South Africa,Stellenbosch,Lanzerac,4.4,27.1,2017.0,Mid
Berg 2017,Italy,Trentino-Alto Adige,Colterenzio (Schreckbichl),3.7,14.57,2017.0,Economy
Le Petiot Touraine 2016,France,Touraine,Domaine Ricard,3.7,9.5,2016.0,Budget
Vulcanico Falanghina 2017,Italy,Basilicata,Paternoster,3.7,10.9,2017.0,Economy
Riesling Deidesheimer Herrgottsacker 2017,Germany,Pfalz,Reichsrat von Buhl,4.0,18.0,2017.0,Economy
Santenay Premier Cru 'Gravières' Blanc 2014,France,Santenay 1er Cru 'Les Gravières',Château de la Crée,4.1,69.26,2014.0,Premium
Oberbergener Bassgeige Grauburgunder 2018,Germany,Baden,Franz Keller,3.7,12.5,2018.0,Economy
Clos des Criots Pouilly-Fumé 2017,France,Pouilly-Fumé,Domaine Salmon,3.9,14.13,2017.0,Economy
Blanco 2018,Spain,Navarra,Bodegas Nekeas,3.5,5.5,2018.0,Budget
Riesling Forster 2018,Germany,Pfalz,Reichsrat von Buhl,3.6,12.9,2018.0,Economy
Verdicchio dei Castelli di Jesi Classico 2018,Italy,Verdicchio dei Castelli di Jesi,Vignedileo,3.7,9.26,2018.0,Budget
Collection Secrète White 2014,Georgia,Kakheti,Mukhrani,4.0,17.5,2014.0,Economy
Patatsblanc N Versnit Wit 2018,South Africa,Montagu,Boschkloof,3.6,19.3,2018.0,Economy
Riesling Alsace Grand Cru Steingrubler 2016,France,Alsace Grand Cru,Wolfberger,3.9,19.49,2016.0,Economy
Chardonnay Gran Reserva 2016,Chile,Casablanca Valley,Casas del Bosque,3.9,13.95,2016.0,Economy
Langenmorgen GG 2015,Germany,Pfalz,Von Winning,4.3,34.95,2015.0,Mid
Timeo Grillo 2018,Italy,Terre Siciliane,Baglio di Pianetto,3.6,12.99,2018.0,Economy
Falanghina del Sannio 2019,Italy,Sannio,Mastroberardino,3.5,9.9,2019.0,Budget
Chardonnay Trocken 2014,Germany,Pfalz,Knipser,4.3,28.24,2014.0,Mid
Chardonnay 2017,Australia,Murray Darling,Deakin Estate,3.2,9.23,2017.0,Budget
Riesling Reserve Zöbinger Heiligenstein Alte Reben 2011,Austria,Kamptal,Weingut Bründlmayer,4.1,45.28,2011.0,Mid
Puligny-Montrachet 2015,France,Puligny-Montrachet,Domaine Henri Boillot,4.0,65.0,2015.0,Premium
Hole In The Water Sauvignon Blanc 2018,New Zealand,Marlborough,Konrad,3.9,12.96,2018.0,Economy
Pinot Blanc 2016,France,Alsace,Hugel,3.8,13.71,2016.0,Economy
Insolia - Chardonnay Calanica 2018,Italy,Terre Siciliane,Duca di Salaparuta,3.6,6.89,2018.0,Budget
Milmanda 2016,Spain,Conca de Barberà,Torres,4.2,38.5,2016.0,Mid
Masianco 2019,Italy,Venezia,Masi,3.6,10.99,2019.0,Economy
Corbières Blanc 2018,France,Corbières,Domaine des Deux Cles,3.9,16.9,2018.0,Economy
Sancerre La Côte Des Monts Damnés 2018,France,Sancerre,Henri Bourgeois,4.0,27.5,2018.0,Mid
Estate Rauenthal Riesling 2018,Germany,Rheingau,Georg Breuer,3.8,15.0,2018.0,Economy
50 HL Riesling Spätlese Trocken 2015,Germany,Pfalz,Heinrich Vollmer,3.8,20.86,2015.0,Mid
Chardonnay 2018,Italy,Friuli-Venezia Giulia,Attems,3.9,10.66,2018.0,Economy
Gavi 2018,Italy,Gavi,Il Poggio di Gavi,3.9,9.42,2018.0,Budget
Oropasso 2019,Italy,Veneto,Biscardo,3.9,7.69,2019.0,Budget
Sauvignon Blanc 2019,South Africa,Western Cape,Du Toitskloof,3.3,7.5,2019.0,Budget
Glimmerschiefer Riesling Feinherb 2018,Germany,Mosel,Weingut Loersch,4.2,10.3,2018.0,Economy
Zelen 2015,Slovenia,Vipava,Guerila,3.6,13.9,2015.0,Economy
Ribet Blanc Chardonnay - Viognier 2019,France,Pays d'Oc,Arrogant Frog,3.4,5.8,2019.0,Budget
Jesuitengarten Riesling GG 2018,Germany,Pfalz,Dr. Von Bassermann-Jordan,4.4,48.64,2018.0,Mid
Goruli Mtsvane 2018,Georgia,Kakheti,Mukhrani,4.1,17.74,2018.0,Economy
Branco 2015,Portugal,Douro,Poeira,4.1,27.29,2015.0,Mid
Rotschiefer Riesling Kabinett 2018,Germany,Mosel,Van Volxem,4.0,12.6,2018.0,Economy
Passofino Pecorino 2018,Italy,Terre di Chieti,Feudi Bizantini,3.8,9.5,2018.0,Budget
Riesling 2017,Germany,Rheinhessen,Dreissigacker,3.8,6.58,2017.0,Budget
Berg Rottland Riesling 2016,Germany,Rheingau,Georg Breuer,4.0,43.87,2016.0,Mid
Chenin Blanc 2018,South Africa,Western Cape,Holden Manz,3.6,10.5,2018.0,Economy
Sauvignon Blanc 2018,South Africa,Western Cape,Du Toitskloof,3.4,7.3,2018.0,Budget
Bolina 2018,Italy,Salento,Cantina Rosa del Golfo,3.6,11.82,2018.0,Economy
TO 2017,Austria,Burgenland,Velich,4.0,14.72,2017.0,Economy
Belvento Viognier (I Vini Del Mare) 2018,Italy,Toscana,Petra,3.5,11.92,2018.0,Economy
Olli 2018,Italy,Sicilia,Feudo Maccari,3.7,9.17,2018.0,Budget
Eichhorn Pinot Bianco 2018,Italy,Südtirol - Alto Adige,Manincor,4.2,24.27,2018.0,Mid
Verdejo 2018,Spain,Rueda,Valdecuevas,3.7,7.9,2018.0,Budget
Vernaccia di San Gimignano 2018,Italy,Vernaccia di San Gimignano,Abbazia Monte Oliveto,3.8,8.5,2018.0,Budget
Somereto Chardonnay 2018,Italy,Südtirol - Alto Adige,Andrian,3.4,9.9,2018.0,Budget
Rotschiefer Riesling 2018,Germany,Rheinhessen,St. Antony,3.9,10.4,2018.0,Economy
Private Collection Chardonnay 2017,South Africa,Stellenbosch,Saxenburg,3.9,17.5,2017.0,Economy
Liebfraumilch 2018,Germany,Pfalz,Hammel & Cie,3.7,7.63,2018.0,Budget
Châteauneuf-du-Pape Blanc 2017,France,Châteauneuf-du-Pape,Domaine des Sénéchaux,4.1,34.73,2017.0,Mid
GG Henkenberg Weissburgunder 2015,Germany,Baden,Salwey,4.2,29.08,2015.0,Mid
K 2016,Austria,Burgenland,Kracher,4.1,24.99,2016.0,Mid
Vermentino di Sardegna 2018,Italy,Vermentino di Sardegna,Su'entu,3.7,12.49,2018.0,Economy
Kammern Grüner Veltliner 2017,Austria,Kamptal,Hirsch,3.8,12.87,2017.0,Economy
Moscatel 2016,Chile,Itata Valley,Viña La Causa,3.6,12.81,2016.0,Economy
Blanc de Blancs 2018,Spain,Binissalem-Mallorca,Bodegas José L. Ferrer,3.6,9.5,2018.0,Budget
Soave Classico 2017,Italy,Soave Classico,Lenotti,3.7,4.83,2017.0,Budget
Riesling Alte Reben 2017,Germany,Mosel,Maximin Grünhaus,3.8,15.3,2017.0,Economy
Unwooded Chardonnay 2018,South Africa,Stellenbosch,Neethlingshof Estate,3.5,8.95,2018.0,Budget
Riesling Trocken 2017,Germany,Pfalz,Ökonomierat Rebholz,3.6,11.9,2017.0,Economy
Edición Blanca 2016,Spain,Navarra,Bodegas Príncipe de Viana,3.6,11.95,2016.0,Economy
Kastelberg Grand Cru 2016,France,Alsace Grand Cru 'Kastelberg',Marc Kreydenweiss,4.2,49.5,2016.0,Mid
Vulkangestein Riesling Trocken 2018,Germany,Nahe,Schäfer-Fröhlich,4.0,15.1,2018.0,Economy
Grande Réserve Chardonnay 2018,France,Languedoc,Paul Mas,4.1,13.58,2018.0,Economy
Dornleiten Riesling 2017,Austria,Kremstal,Nigl,3.5,14.95,2017.0,Economy
Grüner Veltliner Frauengrund 2018,Austria,Kremstal,Josef Dockner,3.6,8.7,2018.0,Budget
Sauvignon 2019,Italy,Südtirol - Alto Adige,Tramin,3.8,9.45,2019.0,Budget
Riesling Alsace Signature 2018,France,Alsace,Wolfberger,3.7,8.28,2018.0,Budget
Kiedrich Gräfenberg Riesling Trocken GG 2017,Germany,Rheingau,Robert Weil,4.0,41.4,2017.0,Mid
Sauvignon Blanc 2017,South Africa,Coastal Region,Fleur du Cap,3.2,9.3,2017.0,Budget
Chardonnay Sonoma Coast 2017,United States,Sonoma Coast,Schug,3.6,29.37,2017.0,Mid
Spring Fever Chardonnay 2016,Australia,Eden Valley,Langmeil,3.6,8.68,2016.0,Budget
Silvaner Trocken 2015,Germany,Rheinhessen,Wittmann,3.5,9.36,2015.0,Budget
Graacher Himmelreich Riesling Auslese 2006,Germany,Graach,Joh. Jos. Prüm,4.1,62.0,2006.0,Premium
Venezia Giulia Sauvignon Blanc 2018,Italy,Venezia Giulia,Lis Neris,3.8,18.9,2018.0,Economy
Berg Pinot Bianco 2018,Italy,Südtirol - Alto Adige,Nals Margreid,3.5,9.9,2018.0,Budget
Batteriberg Detonation Riesling 2017,Germany,Mosel,Immich-Batterieberg,3.8,13.5,2017.0,Economy
Alma Terra 2018,Italy,Franciacorta,Bellavista,3.7,23.12,2018.0,Mid
Puligny-Montrachet 2016,France,Puligny-Montrachet,Domaine Henri Boillot,4.0,59.9,2016.0,Premium
Serra Lupini Roero Arneis 2019,Italy,Roero,Negro Angelo,3.9,10.5,2019.0,Economy
Saar Alte Reben Riesling 2016,Germany,Mosel,Markus Molitor,4.0,17.35,2016.0,Economy
Würzburger Stein Riesling Trocken 2018,Germany,Würzburg,Bürgerspital,3.7,14.57,2018.0,Economy
Zellertal Riesling 2018,Germany,Pfalz,Schwedhelm Zellertal,3.8,9.94,2018.0,Budget
Riserva Nova Domus Terlaner 2017,Italy,Südtirol - Alto Adige,Terlan (Terlano),4.3,35.85,2017.0,Mid
Pinot Grigio 2019,Italy,Südtirol - Alto Adige,Peter Zemmer,3.9,9.26,2019.0,Budget
Côte des Roses Sauvignon Blanc 2019,France,Pays d'Oc,Gérard Bertrand,3.8,10.8,2019.0,Economy
Vernaccia di San Gimignano 2018,Italy,Vernaccia di San Gimignano,Teruzzi & Puthod,3.5,10.57,2018.0,Economy
Sandstein Riesling Trocken 2019,Germany,Rheinhessen,Gysler,4.0,10.21,2019.0,Economy
Castel Firmian Sauvignon Trentino 2018,Italy,Trentino,Mezzacorona,3.6,6.75,2018.0,Budget
Santenay Premier Cru 'Gravières' Blanc 2013,France,Santenay 1er Cru 'Les Gravières',Château de la Crée,4.3,65.9,2013.0,Premium
Chardonnay Unwooded 2018,South Africa,Paarl,Glen Carlou,3.4,8.95,2018.0,Budget
Pleno Blanco 2018,Spain,Navarra,Agronavarra,3.4,5.16,2018.0,Budget
Loibner Federspiel Grüner Veltliner 2018,Austria,Wachau,F.X. Pichler,4.1,26.77,2018.0,Mid
Bourgogne Blanc 2017,France,Bourgogne,Domaine Henri Boillot,3.9,32.55,2017.0,Mid
Wairau Reserve Sauvignon Blanc 2019,New Zealand,Marlborough,Saint Clair,4.4,26.95,2019.0,Mid
Director's Cut Chardonnay 2018,United States,Russian River Valley,Francis Ford Coppola,4.1,26.5,2018.0,Mid
Chardonnay 2018,South Africa,Western Cape,Cathedral,3.5,10.42,2018.0,Economy
Riesling Trocken 2016,Germany,Nahe,Kruger-Rumpf,3.8,16.95,2016.0,Economy
Zeltinger Sonnenuhr Riesling Auslese*** 2014,Germany,Mosel,Markus Molitor,4.2,79.93,2014.0,Premium
Estate Rauenthal Riesling 2017,Germany,Rheingau,Georg Breuer,3.7,17.0,2017.0,Economy
Riesling Trocken 2018,Germany,Rheingau,Prinz von Hessen,3.8,8.9,2018.0,Budget
Petit Chablis 2018,France,Petit Chablis,Domaine du Chardonnay,3.7,16.5,2018.0,Economy
Greca Terra Retsina N.V.,Greece,Peloponnesos,Tsantali,2.2,5.35,,Budget
Höllenpfad Riesling Trocken 2018,Germany,Nahe,Dönnhoff,4.1,20.5,2018.0,Mid
Reméage Blanc 2018,France,Vin de France,Les Vins de Vienne - Cuilleron-Gaillard-Villard,3.8,9.5,2018.0,Budget
Well Done Riesling Trocken 2018,Germany,Pfalz,Weingut Metzger,3.6,6.77,2018.0,Budget
Nostre Païs Blanc 2017,France,Costières-de-Nîmes,Michel Gassier,3.9,13.58,2017.0,Economy
Fendant 2018,Switzerland,Valais,Domaines Rouvinez,3.8,18.9,2018.0,Economy
IL Bianco 2018,Italy,Toscana,Brancaia,3.7,10.9,2018.0,Economy
Riesling Trocken 2018,Germany,Pfalz,Ökonomierat Rebholz,3.6,14.42,2018.0,Economy
Riesling Feinherb 2017,Germany,Kanzem,Von Othegraven,3.5,10.67,2017.0,Economy
Chardonnay Dolomiti 2018,Italy,Vigneti delle Dolomiti,Terre del Noce,3.4,5.2,2018.0,Budget
Grauburgunder Trocken 2019,Germany,Pfalz,Weingut Metzger,3.8,8.28,2019.0,Budget
Weissburgunder Trocken 2018,Germany,Rheinhessen,Battenfeld Spanier,3.8,10.09,2018.0,Economy
Gelber Muskateller Steirische Klassik 2017,Austria,Südoststeiermark,Neumeister,3.6,14.5,2017.0,Economy
Chardonnay - Terret 2018,France,Pays d'Oc,Josselin,3.3,8.67,2018.0,Budget
Erdener Treppchen Riesling Kabinett 2015,Germany,Mosel,Markus Molitor,3.9,13.46,2015.0,Economy
Kellermeister Privat Kremser Goldberg Grüner Veltliner 2018,Austria,Kremstal,Winzer Krems,3.6,9.55,2018.0,Budget
Black Label Nik Weis Bockstein Kabinett 2018,Germany,Mosel,St. Urbans-Hof,4.1,15.99,2018.0,Economy
Macabeo 2018,Spain,Castilla,Crin Roja,2.9,4.25,2018.0,Budget
Schloss Reichartshausen Riesling Kabinett 2016,Germany,Rheingau,Balthasar Ress,3.8,14.5,2016.0,Economy
Grauer Burgunder 2019,Germany,Pfalz,Weingut A. Diehl,3.9,6.49,2019.0,Budget
Marlborough Sauvignon Blanc 2019,New Zealand,Marlborough,Waipara Hills,3.8,12.9,2019.0,Economy
Yattarna Chardonnay (BIN 144) 2015,Australia,Adelaide Hills,Penfolds,4.2,221.95,2015.0,Luxury
Chablis Montmains 1er Cru 2015,France,Chablis 1er Cru 'Montmains',Domaine des Marronniers,4.1,19.9,2015.0,Economy
Gemischter Satz 2018,Austria,Wien,Zahel,3.4,9.9,2018.0,Budget
Solosole Pagus Camilla 2015,Italy,Bolgheri,Poggio Al Tesoro,4.1,44.9,2015.0,Mid
Strassertal Grüner Veltliner 2018,Austria,Kamptal,Johann Topf,3.5,12.41,2018.0,Economy
Bourgogne Le Chardonnay de Chardonnay 2017,France,Bourgogne,Bouchard Père & Fils,3.7,44.59,2017.0,Mid
Rotes Tor - Grüner Veltliner Smaragd 2018,Austria,Wachau,Franz Hirtzberger,4.1,42.5,2018.0,Mid
Le Petit Cheval Bordeaux Blanc 2016,France,Bordeaux,Château Cheval Blanc,4.4,138.6,2016.0,Luxury
Belleruche Côtes-du-Rhône Blanc 2019,France,Côtes-du-Rhône,M. Chapoutier,3.7,10.47,2019.0,Economy
Chardonnay 2018,South Africa,Elgin,Iona,4.1,23.5,2018.0,Mid
Weißer Burgunder 2018,Germany,Nahe,Gut Hermannsberg,3.8,9.9,2018.0,Budget
Riesling Suez 2016,Germany,Pfalz,Reichsrat von Buhl,3.8,17.9,2016.0,Economy
Douro Fabelhaft Branco 2017,Portugal,Douro,Niepoort,3.7,10.35,2017.0,Economy
Grauburgunder Vom Löss 2018,Germany,Baden,Franz Keller,3.4,8.5,2018.0,Budget
Sauvignon 2017,Italy,Friuli Grave,Borgo Magredo,3.7,8.78,2017.0,Budget
Norheimer Kirschheck Riesling Spätlese 2017,Germany,Nahe,Dönnhoff,4.1,23.49,2017.0,Mid
Chardonnay 2018,Spain,Navarra,Castillo de Enériz,3.6,6.54,2018.0,Budget
Vom Vulkan 2018,Germany,Nahe,Gut Hermannsberg,4.0,15.65,2018.0,Economy
Meursault-Blagny 1er Cru 'La Pièce sous le Bois' 2015,France,Blagny 1er Cru 'La Pièce sous le Bois',Domaine Sylvain Langoureau,4.3,85.0,2015.0,Premium
Côtes de Tablas Blanc 2015,United States,Paso Robles,Tablas Creek Vineyard,3.9,32.0,2015.0,Mid
Chenin Blanc 2018,South Africa,Swartland,David & Nadia,3.9,34.15,2018.0,Mid
Chardonnay 2018,South Africa,Western Cape,Obikwa,3.6,5.62,2018.0,Budget
Eins Zu Eins Blanc de Noirs 2019,Germany,Pfalz,Weingut A. Diehl,4.3,6.75,2019.0,Budget
La Mar 2016,Spain,Rías Baixas,Terras Gauda,4.0,20.25,2016.0,Mid
Les Cépages Sauvignon Blanc 2012,France,Pays d'Oc,Baron Philippe de Rothschild,3.2,8.69,2012.0,Budget
Blanc Secret Côtes de Provence 2016,France,Côtes de Provence,Château des Sarrins,4.1,16.52,2016.0,Economy
Sauvignon 2017,Italy,Südtirol - Alto Adige,Franz Haas,4.1,35.44,2017.0,Mid
Volratz Riesling Trocken 2018,Germany,Rheingau,Schloss Vollrads,3.7,9.5,2018.0,Budget
Deidesheimer Kieselberg Riesling Trocken 2017,Germany,Pfalz,Dr. Von Bassermann-Jordan,3.8,19.99,2017.0,Economy
Bussiador 2016,Italy,Langhe,Aldo Conterno,4.1,48.4,2016.0,Mid
Reméage Blanc 2017,France,Vin de France,Les Vins de Vienne - Cuilleron-Gaillard-Villard,3.8,9.5,2017.0,Budget
Sobaja Sauvignon 2018,Italy,Friuli Grave,Pradio,3.8,10.51,2018.0,Economy
Lion Grüner Veltliner 2018,Austria,Niederösterreich,Kracher & Sohm,3.8,12.49,2018.0,Economy
Alte Reben Riesling 2018,Germany,Mosel,Van Volxem,4.0,17.69,2018.0,Economy
Semillón 2017,Argentina,Mendoza,El Enemigo,3.9,19.01,2017.0,Economy
Alpi Retiche 2018,Italy,Vino d'Italia,Nino Negri,3.7,13.26,2018.0,Economy
Tributo Chardonnay 2016,Chile,Casablanca Valley,Caliterra,3.5,10.23,2016.0,Economy
Pouilly-Fumé La Chantereine 2018,France,Pouilly-Fumé,Henri Bourgeois,3.6,22.42,2018.0,Mid
Condrieu Le Grand Vallon 2017,France,Condrieu,Francois Villard,4.2,40.9,2017.0,Mid
Sauvignon Blanc 2019,Chile,Leyda Valley,Amaral,3.7,8.99,2019.0,Budget
Todo Sobre Mi Chardonnay 2018,Spain,Jumilla,Bodega Cerrón,3.7,9.5,2018.0,Budget
L'Abeille de Fieuzal Pessac-Léognan Blanc 2015,France,Pessac-Léognan,Château de Fieuzal,3.9,27.78,2015.0,Mid
The Whip White Blend 2017,United States,Livermore Valley,Murrieta's Well,3.8,26.31,2017.0,Mid
Federspiel Grüner Veltliner 2018,Austria,Wachau,Domäne Wachau,3.6,10.49,2018.0,Economy
Langenlois Grüner Veltliner 2018,Austria,Kamptal,Loimer,3.7,8.87,2018.0,Budget
Sauvignon Blanc 2016,New Zealand,Marlborough,Leefield Station,3.9,13.9,2016.0,Economy
GT-V Viognier 2018,France,Rhone Valley,LePlan-Vermeersch,3.9,15.37,2018.0,Economy
Gaudium Fiano di Avellino 2016,Italy,Fiano de Avellino,I Capitani,4.1,12.53,2016.0,Economy
Chiaramonte Inzolia Sicilia 2018,Italy,Terre Siciliane,Firriato,3.6,7.9,2018.0,Budget
Chardonnay 2017,New Zealand,Marlborough,Nautilus,4.0,22.22,2017.0,Mid
Langhe Chardonnay 2018,Italy,Langhe,Fontanafredda,3.4,7.51,2018.0,Budget
Vouvray Sec 2017,France,Vouvray,Clos de Nouys,3.8,10.92,2017.0,Economy
Gewürztraminer 2016,France,Alsace,Hugel,3.8,16.47,2016.0,Economy
Chenin Blanc 2019,South Africa,Citrusdal Mountain,Cederberg,3.6,13.15,2019.0,Economy
Hattenheim Engelmannsberg Riesling Trocken 2018,Germany,Rheingau,Balthasar Ress,4.1,17.9,2018.0,Economy
Corton-Charlemagne Grand Cru 2013,France,Corton-Charlemagne Grand Cru,Joseph Drouhin,4.5,193.99,2013.0,Luxury
Ried Schütt Dürnsteiner Riesling Smaragd 2017,Austria,Wachau,Weingut Knoll,4.3,42.0,2017.0,Mid
Cassis Blanc 2017,France,Cassis,Ferme Blanche,3.6,15.9,2017.0,Economy
Merol Chardonnay 2017,Italy,Südtirol - Alto Adige,St. Michael-Eppan,3.7,12.6,2017.0,Economy
Selida Gewürztraminer 2019,Italy,Südtirol - Alto Adige,Tramin,3.9,13.5,2019.0,Economy
Doosberg Riesling Trocken 2016,Germany,Rheingau,Peter Jakob Kühn,4.4,42.89,2016.0,Mid
Riesling Trocken 2018,Germany,Rheinhessen,P. J. Valckenberg,3.8,6.2,2018.0,Budget
Benchmark Chardonnay 2014,Australia,Barossa,Grant Burge,3.2,6.95,2014.0,Budget
Chardonnay Bourgogne 2016,France,Bourgogne,Ropiteau Freres,3.6,12.08,2016.0,Economy
Moonlite Toscana 2018,Italy,Toscana,Rocca delle Macìe,3.7,9.99,2018.0,Budget
Gris 2009,Italy,Friuli Isonzo,Lis Neris,4.0,44.28,2009.0,Mid
Grüner Veltliner Loiser Berg 2016,Austria,Kamptal,Weingut Bründlmayer,3.6,18.5,2016.0,Economy
Grüner Sylvaner Trocken 2016,Germany,Rheinhessen,Battenfeld Spanier,3.9,12.19,2016.0,Economy
Hallgartener Hendelberg Riesling Trocken 2017,Germany,Rheingau,Peter Jakob Kühn,4.0,24.0,2017.0,Mid
Gavi Riserva 2016,Italy,Gavi,La Raia,4.0,18.5,2016.0,Economy
Sauvignon Blanc 2017,Italy,Friuli Isonzo,I Feudi di Romans,3.8,14.53,2017.0,Economy
Villa Blanche Chardonnay 2019,France,Pays d'Oc,Calmel & Joseph,3.8,6.77,2019.0,Budget
Chassagne-Montrachet Blanc 2017,France,Chassagne-Montrachet,Joseph Drouhin,4.2,58.39,2017.0,Premium
Jesuitengarten GG 2012,Germany,Pfalz,Reichsrat von Buhl,4.3,42.0,2012.0,Mid
Modello Pinot Grigio 2019,Italy,Veneto,Masi,3.8,8.99,2019.0,Budget
Terroir Series Sauvignon Blanc 2019,New Zealand,Marlborough,Brancott Estate,4.0,12.1,2019.0,Economy
Fransola 2018,Spain,Penedès,Torres,3.8,23.75,2018.0,Mid
Scharzhofberger Riesling Kabinett 2011,Germany,Mosel,Bischöfliche Weingüter Trier,3.8,9.64,2011.0,Budget
Riesling Federspiel Terrassen 2019,Austria,Wachau,Domäne Wachau,3.7,9.49,2019.0,Budget
Graacher Himmelreich Riesling Kabinett 2018,Germany,Mosel,Willi Schaefer,3.9,17.9,2018.0,Economy
Terre d'Argence Gard 2016,France,Coteaux du Pont du Gard,Château Mourgues du Grès,3.8,12.9,2016.0,Economy
L'Elfo Pinot Grigio 2018,Italy,Veneto,Sacchetto,3.6,5.9,2018.0,Budget
Terlaner Classico 2019,Italy,Südtirol - Alto Adige,Terlan (Terlano),4.0,12.89,2019.0,Economy
Piano dei Daini Etna Bianco 2017,Italy,Etna,Tenute Bosco,3.8,24.73,2017.0,Mid
Johannisberger Riesling Trocken 2017,Germany,Rheingau,Prinz von Hessen,3.8,11.31,2017.0,Economy
Spätburgunder Blanc de Noir 2018,Germany,Ahr,Jean Stodden,3.6,12.4,2018.0,Economy
Seven Flags Chardonnay 2017,South Africa,Elgin,Paul Cluver,4.4,53.35,2017.0,Premium
Chardonnay (Barrel Fermented) 2018,South Africa,Breede River Valley,Bergsig Estate,3.7,9.25,2018.0,Budget
Corton-Charlemagne Grand Cru 2015,France,Corton-Charlemagne Grand Cru,Domaine des Héritiers Louis Jadot,4.6,221.95,2015.0,Luxury
Saint-Joseph Blanc 2016,France,Saint-Joseph,E. Guigal,3.7,25.92,2016.0,Mid
Lugana 2019,Italy,Lugana,Ottella,3.8,9.3,2019.0,Budget
Podium Verdicchio dei Castelli di Jesi Classico Superiore 2017,Italy,Verdicchio dei Castelli di Jesi,Garofoli,3.7,14.9,2017.0,Economy
Kalkmergel Riesling Trocken 2017,Germany,Pfalz,Knipser,3.9,15.38,2017.0,Economy
Pessac-Léognan Blanc 2005,France,Pessac-Léognan,Château Smith Haut-Lafitte,4.2,119.95,2005.0,Luxury
Bourgogne Chardonnay 2017,France,Bourgogne,Olivier Leflaive,3.8,19.99,2017.0,Economy
Château-Thébaud 2015,France,Muscadet-Sevre et Maine,Pépière,3.9,18.9,2015.0,Economy
Gavi 2018,Italy,Gavi,Cascina la Doria,3.4,8.93,2018.0,Budget
Appius 2014,Italy,Südtirol - Alto Adige,St. Michael-Eppan,4.4,110.0,2014.0,Luxury
Val dei Molini Custoza 2018,Italy,Bianco di Custoza,Cantina di Custoza,3.4,7.3,2018.0,Budget
Villa Cordevigo Bianco 2016,Italy,Rosso Veronese,Villabella,4.3,19.07,2016.0,Economy
Randemar Blanc De Blancs 2016,Spain,Binissalem-Mallorca,Tianna Negre,3.5,8.99,2016.0,Budget
Les Princes Abbés Pinot Gris Alsace 2017,France,Alsace,Domaines Schlumberger,3.8,11.6,2017.0,Economy
Chardonnay - Weissburgunder Trocken 2018,Germany,Pfalz,Knipser,3.6,13.15,2018.0,Economy
Garnacha Blanca 2018,Spain,Rioja,La Maldita,3.8,8.7,2018.0,Budget
Pinot Gris Alsace Signature 2018,France,Alsace,Wolfberger,3.9,7.66,2018.0,Budget
Viognier 2018,France,Côtes de Thongue,Domaine Montrose,3.6,8.68,2018.0,Budget
Grüner Veltliner vom Haus 2019,Austria,Niederösterreich,Weingut R&A Pfaffl,3.8,7.5,2019.0,Budget
Vineyard Selection Chardonnay (Barrel Fermented) 2019,South Africa,Western Cape,Kleine Zalze,3.9,11.5,2019.0,Economy
Appius 2013,Italy,Südtirol - Alto Adige,St. Michael-Eppan,4.5,100.99,2013.0,Luxury
Pinot Grigio 2018,Italy,Colli Orientali del Friuli,Torre Rosazza,3.8,13.93,2018.0,Economy
Chardonnay 2016,United States,Washington,Red Diamond,3.6,14.13,2016.0,Economy
Barrel Fermented Chardonnay 2017,South Africa,Franschhoek,Holden Manz,4.1,23.95,2017.0,Mid
Agneau Bordeaux Blanc 2018,France,Bordeaux,Baron Philippe de Rothschild,3.2,6.05,2018.0,Budget
Gewürztraminer 2019,Italy,Südtirol - Alto Adige,Wilhelm Walch,3.8,11.0,2019.0,Economy
Viognier 2015,Australia,South Australia,Oxford Landing,3.2,8.78,2015.0,Budget
Sauvignon Blanc 2019,South Africa,Paarl,Niel Joubert,3.7,5.56,2019.0,Budget
Kinheimer Rosenberg Riesling Kabinett 2015,Germany,Mosel,Markus Molitor,3.9,15.95,2015.0,Economy
Conde de Valdemar Blanco 2018,Spain,Rioja,Bodegas Valdemar,3.5,8.19,2018.0,Budget
Schlossberg 2016,Germany,Rheingau,Schloss Vollrads,3.9,27.78,2016.0,Mid
Cà del Lago Lugana 2018,Italy,Lugana,Villabella,3.8,11.9,2018.0,Economy
Leiwener Riesling Trocken 2018,Germany,Mosel,Josef Rosch,3.9,8.69,2018.0,Budget
Perlato del Bosco Toscana Vermentino 2018,Italy,Toscana,Tua Rita,3.7,14.43,2018.0,Economy
Via Edetana Blanca 2018,Spain,Terra Alta,Edetària,3.9,12.32,2018.0,Economy
Cellar Selection Unoaked Chardonnay 2019,South Africa,Stellenbosch,Kleine Zalze,3.3,8.7,2019.0,Budget
Il Mandorlo Gavi 2016,Italy,Gavi,Tenuta San Pietro,4.2,16.95,2016.0,Economy
SL Riesling Kabinett 2016,Germany,Mosel,Schloss Lieser,3.7,12.95,2016.0,Economy
Le Phant Blanc 2014,New Zealand,Hawke's Bay,Elephant Hill,3.5,19.9,2014.0,Economy
Wehlener Sonnenuhr Riesling Spätlese 2015,Germany,Mosel,Markus Molitor,4.0,22.95,2015.0,Mid
Il Forte Gavi 2018,Italy,Gavi,Produttori del Gavi,3.8,10.57,2018.0,Economy
Grillo 2018,Italy,Terre Siciliane,Feudi Branciforti dei Bordonaro,3.5,8.44,2018.0,Budget
Grauburgunder 2018,Germany,Pfalz,Friedrich Becker,3.9,9.26,2018.0,Budget
Chardonnay 2019,South Africa,Paarl,Glen Carlou,4.2,14.5,2019.0,Economy
Chardonnay (Monovitigno) 2018,Italy,Venezia Giulia,di Lenardo,3.6,10.59,2018.0,Economy
Le Vaglie Verdicchio dei Castelli di Jesi Classico 2019,Italy,Verdicchio dei Castelli di Jesi,Azienda Santa Barbara - Stefano Antonucci,4.1,11.3,2019.0,Economy
Wehlener Sonnenuhr Riesling Auslese 2016,Germany,Wehlen,Joh. Jos. Prüm,4.4,36.58,2016.0,Mid
Viognier de Rosine 2018,France,Collines Rhodaniennes,Michel & Stéphane Ogier,3.8,22.9,2018.0,Mid
Sulz Morillon 2015,Austria,Südsteiermark,Tement,3.9,24.9,2015.0,Mid
Ciari Sauvignon Blanc 2018,Italy,Venezia,Borgo Molino,3.9,10.8,2018.0,Economy
Pessac-Léognan Blanc (Grand Cru Classé de Graves) 2011,France,Pessac-Léognan,Domaine de Chevalier,4.2,146.95,2011.0,Luxury
Pouilly-Fuissé 2018,France,Pouilly-Fuissé,Louis Latour,3.9,23.69,2018.0,Mid
Zeltinger Himmelreich Riesling Kabinett 2017,Germany,Mosel,Markus Molitor,3.9,17.18,2017.0,Economy
Branco 2017,Portugal,Alentejano,Cortes de Cima,3.9,13.6,2017.0,Economy
Weissburgunder 2018,Germany,Mosel,Van Volxem,4.0,12.69,2018.0,Economy
Villa Blanche Viognier 2018,France,Pays d'Oc,Calmel & Joseph,3.8,6.77,2018.0,Budget
Raif Sauvignon 2018,Italy,Vigneti delle Dolomiti,Castelfeder,3.8,12.48,2018.0,Economy
Montmains Chablis Premier Cru 2016,France,Chablis Premier Cru,Domaine du Chardonnay,3.8,27.5,2016.0,Mid
Sancerre Blanc 2018,France,Sancerre,Domaine la Barbotaine,4.0,13.78,2018.0,Economy
Capitel Foscarino 2018,Italy,Veneto,Anselmi,3.9,13.9,2018.0,Economy
Sauvignon Blanc 2018,New Zealand,Nelson,Seifried Estate,4.1,12.9,2018.0,Economy
El Transistor Verdejo 2018,Spain,Rueda,Telmo Rodriguez,3.8,17.9,2018.0,Economy
Silvaner Trocken 2018,Germany,Rheinhessen,Wittmann,3.6,9.09,2018.0,Budget
Rüdesheimer Berg Schlossberg Ehrenfels Riesling 2016,Germany,Rheingau,Leitz,4.1,38.99,2016.0,Mid
Quarzit Riesling Trocken 2018,Germany,Rheingau,Peter Jakob Kühn,4.0,17.5,2018.0,Economy
Scheurebe Trocken 2018,Germany,Rheinhessen,K.Wechsler,3.6,8.89,2018.0,Budget
Logan Chardonnay (Sleepy Hollow Vineyard) 2015,United States,Santa Lucia Highlands,Talbott,3.8,14.25,2015.0,Economy
Fausto Chardonnay 2013,Brazil,Serra Gaúcha,Pizzato,3.2,11.5,2013.0,Economy
Masseria dei Carmelitani Gavi 2019,Italy,Gavi,Vite Colte,4.1,9.11,2019.0,Budget
Grüner Veltliner Smaragd Achleiten 2018,Austria,Wachau,Domäne Wachau,4.2,26.0,2018.0,Mid
Grüner Veltliner Berg Vogelsang 2018,Austria,Kamptal,Weingut Bründlmayer,3.8,14.7,2018.0,Economy
Riesling Abtsberg GG 2017,Germany,Mosel,Maximin Grünhaus,4.1,29.15,2017.0,Mid
Two Blanc 2015,South Africa,Constantia,Constantia Glen,4.1,16.47,2015.0,Economy
Satellite Sancerre 2012,France,Sancerre,Alphonse Mellot,4.1,35.0,2012.0,Mid
Airén Semidulce 2018,Spain,Valdepeñas,Viña Albali,3.6,4.9,2018.0,Budget
Réserve Graves Blanc 2016,France,Graves,Mouton Cadet,3.6,12.6,2016.0,Economy
Dominio de Fontana Sauvignon Blanc - Verdejo 2019,Spain,Uclés,Bodegas Fontana,3.9,7.35,2019.0,Budget
Les Moulins de Turquant Blanc 2015,France,Saumur,Couly-Dutheil,3.9,13.69,2015.0,Economy
Wehlener Klosterberg Riesling Kabinett 2016,Germany,Mosel,Markus Molitor,3.5,17.95,2016.0,Economy
Verdeca Salento Petraluce 2018,Italy,Salento,Castello Monaci,3.9,7.2,2018.0,Budget
Saar Riesling Fuder 13 2017,Germany,Mosel,Van Volxem,3.8,36.56,2017.0,Mid
La Galopine Condrieu 2016,France,Condrieu,Delas,3.9,52.57,2016.0,Premium
Vom Schiefer Riesling Trocken 2017,Germany,Mosel,Ansgar Clüsserath,3.6,9.65,2017.0,Budget
Sauvignon Blanc 2019,South Africa,Durbanville,Durbanville Hills,3.7,7.6,2019.0,Budget
Sauvignon Blanc 2018,New Zealand,Marlborough,Tower Rock,3.8,7.77,2018.0,Budget
Porcupine Ridge Chenin Blanc 2016,South Africa,Franschhoek,Boekenhoutskloof,3.3,8.33,2016.0,Budget
Sauvignon Blanc 2018,South Africa,Stellenbosch,Reyneke,3.8,17.6,2018.0,Economy
Grauburgunder - Weissburgunder 2018,Germany,Pfalz,Weingut A. Diehl,3.5,6.59,2018.0,Budget
Mitzi Gelber Muskateller 2018,Austria,Südsteiermark,Gross,3.8,12.18,2018.0,Economy
Orchidea Sauvignon Blanc 2019,Spain,Navarra,Inurrieta,3.8,6.0,2019.0,Budget
Prachtstück Weiss 2018,Germany,Pfalz,Weingut Metzger,3.9,8.24,2018.0,Budget
Sauvignon Blanc Reserve 2017,United States,California,Dancing Bull,3.3,10.26,2017.0,Economy
Rotschiefer Riesling 2015,Germany,Mosel,Sorentberg,3.9,14.7,2015.0,Economy
Eric's Unoaked Chardonnay (Small Lot) 2017,United States,Livermore Valley,Wente,4.1,27.13,2017.0,Mid
White 2018,United States,Napa Valley,689 - Six Eight Nine,3.6,18.42,2018.0,Economy
Ockfener Bockstein Riesling Kabinett 2015,Germany,Mosel,Markus Molitor,4.0,17.29,2015.0,Economy
Sauvignon Blanc 2018,South Africa,Stellenbosch,Mulderbosch,3.7,12.48,2018.0,Economy
Crozes-Hermitage Blanc 2017,France,Crozes-Hermitage,E. Guigal,3.7,22.33,2017.0,Mid
Viognier 2019,South Africa,Walker Bay,Creation,3.9,12.99,2019.0,Economy
The King's Favour Sauvignon Blanc 2012,New Zealand,Marlborough,The Kings Series,3.6,13.9,2012.0,Economy
Gavi 2017,Italy,Monferrato,Ricossa,3.4,9.5,2017.0,Budget
Langhe Arneis 2018,Italy,Langhe,Fontanabianca,3.3,11.64,2018.0,Economy
Chablis 2016,France,Chablis,Château de Chemilly,4.0,15.5,2016.0,Economy
Vernaccia di San Gimignano 2018,Italy,Vernaccia di San Gimignano,Castello Montaùto,3.6,10.96,2018.0,Economy
Trebì Trebbiano d'Abruzzo 2018,Italy,Trebbiano d'Abruzzo,Talamonti,3.5,7.55,2018.0,Budget
Villa Di Chiesa Valli di Porto Pino 2017,Italy,Valli di Porto Pino,Santadi,4.2,18.9,2017.0,Economy
Steinterrassen 2016,Germany,Nahe,Gut Hermannsberg,4.0,23.5,2016.0,Mid
Lisboa Arinto 2019,Portugal,Lisboa,Paxis,3.5,4.8,2019.0,Budget
White Label Nik Weis Schiefer Riesling 2018,Germany,Mosel,St. Urbans-Hof,4.0,11.9,2018.0,Economy
Sancerre Les Romains 2017,France,Sancerre,Domaine Vacheron,4.1,42.9,2017.0,Mid
Clos du Four Mâcon-Milly-Lamartine 2014,France,Mâcon-Milly-Lamartine,Les Héritiers du Comte Lafon,3.8,34.54,2014.0,Mid
Les Caillardières Savennières 2016,France,Savennières,Domaine du Closel - Château des Vaults,4.0,34.8,2016.0,Mid
Bourgogne Cuvée Saint-Vincent Blanc 2016,France,Bourgogne,Vincent Girardin,3.7,16.9,2016.0,Economy
Gavi 2019,Italy,Gavi,Villa Sparina,3.9,13.5,2019.0,Economy
Montsant Acústic Blanc 2017,Spain,Montsant,Acustic Celler,3.9,13.82,2017.0,Economy
Grüner Veltliner Federspiel 2018,Austria,Wachau,Rudi Pichler,3.7,13.5,2018.0,Economy
Deidesheimer Kalkofen GG 2015,Germany,Pfalz,Von Winning,4.2,35.95,2015.0,Mid
Ribolla Gialla 2017,Italy,Colli Orientali del Friuli,Torre Rosazza,3.7,13.93,2017.0,Economy
Limited Selection Sauvignon Blanc 2019,Chile,Leyda Valley,Montes,3.6,7.94,2019.0,Budget
Vulkangestein Riesling Trocken 2016,Germany,Nahe,Schäfer-Fröhlich,3.8,15.1,2016.0,Economy
Aimery Chardonnay 2018,France,Pays d'Oc,Sieur d'Arques,3.3,5.75,2018.0,Budget
12 e Mezzo Malvasia del Salento 2019,Italy,Salento,Varvaglione,4.0,7.4,2019.0,Budget
Tianna Bocchoris Blanc 2014,Spain,Mallorca,Tianna Negre,3.7,16.59,2014.0,Economy
Terra Montosa Riesling 2018,Germany,Rheingau,Georg Breuer,3.9,18.9,2018.0,Economy
Felugan 2019,Italy,Lugana,Feliciana,4.0,9.95,2019.0,Budget
Clos du Rocher Terroir d'Exception Grand Cru Blanc 2018,Switzerland,Yvorne,Obrist,4.1,27.75,2018.0,Mid
Figure Libre Freestyle Blanc 2017,France,Pays d'Oc,Gayda,3.8,11.45,2017.0,Economy
Von Unserm Riesling Trocken 2018,Germany,Rheingau,Balthasar Ress,3.6,10.9,2018.0,Economy
Barrel Fermented White 2017,Spain,Rioja,Bodegas Amaren,3.8,12.57,2017.0,Economy
Kirchspiel Riesling GG 2013,Germany,Rheinhessen,Keller,4.4,249.0,2013.0,Luxury
Etna Santo Spirito Bianco 2018,Italy,Etna,Tenuta delle Terre Nere,3.9,25.9,2018.0,Mid
Rotes Tor - Grüner Veltliner Federspiel 2019,Austria,Wachau,Franz Hirtzberger,4.0,19.9,2019.0,Economy
Zeltinger Himmelreich Riesling Kabinett 2017,Germany,Mosel,Selbach-Oster,3.9,14.35,2017.0,Economy
Glicine Bianco 2019,Italy,Terre Siciliane,Corvo,3.6,6.95,2019.0,Budget
Kirchspiel Riesling GG 2015,Germany,Rheinhessen,Keller,4.6,179.0,2015.0,Luxury
Chenin Blanc (Free-Run Steen) 2019,South Africa,Coastal Region,MAN,3.5,5.74,2019.0,Budget
Vermentino di Sardegna 2018,Italy,Vermentino di Sardegna,Antichi Poderi Jerzu,3.5,7.9,2018.0,Budget
Gewürztraminer Alsace Signature 2018,France,Alsace,Wolfberger,3.9,9.13,2018.0,Budget
Noordhoek Sauvignon Blanc 2018,South Africa,Cape Town,Cape Point Vineyards,3.6,16.75,2018.0,Economy
Dominio de Fontana Chardonnay - Viura 2016,Spain,La Mancha,Bodegas Fontana,3.6,7.32,2016.0,Budget
Turmhof Sauvignon Blanc 2017,Italy,Südtirol - Alto Adige,Tiefenbrunner,3.9,14.99,2017.0,Economy
Gundian Albariño 2017,Spain,Rías Baixas,Adega Valdes,3.8,11.95,2017.0,Economy
Hohenmorgen GG 2012,Germany,Pfalz,Dr. Von Bassermann-Jordan,4.0,42.89,2012.0,Mid
Fantini Chardonnay 2018,Italy,Terre di Chieti,Farnese,3.4,5.25,2018.0,Budget
Straden Sauvignon Blanc 2018,Austria,Steiermark,Neumeister,3.8,14.45,2018.0,Economy
Pinot Grigio 2018,United States,California,Canyon Road,3.4,6.35,2018.0,Budget
Sauvignon Blanc 2019,New Zealand,Marlborough,Saint Clair,3.9,13.99,2019.0,Economy
Prestige Blanc 2019,France,Côtes de Provence,Minuty,4.0,18.79,2019.0,Economy
Riesling Trocken 2019,Germany,Rheingau,Leitz,3.7,8.94,2019.0,Budget
Laumersheimer Kapellenberg Trocken Riesling 2017,Germany,Pfalz,Knipser,3.7,11.65,2017.0,Economy
Catulliano Lugana 2019,Italy,Lugana,Pratello,3.7,8.2,2019.0,Budget
Old Vines Chenin Blanc 2017,South Africa,Paarl,Lievland Vineyards,3.9,12.99,2017.0,Economy
Grauer Burgunder Trocken 2015,Germany,Rheinhessen,Wittmann,3.4,11.21,2015.0,Economy
Hohen-Sülzen Riesling 2017,Germany,Rheinhessen,Battenfeld Spanier,3.9,16.9,2017.0,Economy
Adrianna Vineyard White Stones Chardonnay 2012,Argentina,Mendoza,Catena Zapata,4.2,79.68,2012.0,Premium
Prail Sauvignon 2015,Italy,Trentino-Alto Adige,Colterenzio (Schreckbichl),3.8,13.6,2015.0,Economy
Afix Riesling 2015,Italy,delle Venezie,Jermann,3.7,18.38,2015.0,Economy
Gris 2008,Italy,Friuli Isonzo,Lis Neris,4.1,44.28,2008.0,Mid
Water Bend Chardonnay 2014,United States,Sonoma County,Geyser Peak,4.0,21.0,2014.0,Mid
La Griffe Bernard Chéreau Muscadet Sévre et Maine Sur Lie 2018,France,Muscadet-Sevre et Maine,Chéreau-Carré,3.7,7.52,2018.0,Budget
Haven Chardonnay 2016,South Africa,Coastal Region,Glen Carlou,3.6,8.9,2016.0,Budget
Prestige Lugana 2019,Italy,Lugana,Cà Maiol,3.8,10.6,2019.0,Economy
Meursault 1er Cru 'Blagny' Blanc 2016,France,Meursault 1er Cru 'Blagny',Faiveley,4.4,63.9,2016.0,Premium
M Capriva Del Friuli 2016,Italy,Friuli-Venezia Giulia,Schiopetto,4.2,75.9,2016.0,Premium
Verdejo Castilla y León 2018,Spain,Castilla y León,Radio Boca,3.5,5.75,2018.0,Budget
RS Weissburgunder 2016,Germany,Baden,Salwey,3.8,17.16,2016.0,Economy
Castell De Raimat Chardonnay 2019,Spain,Costers del Segre,Raimat,3.7,8.32,2019.0,Budget
Pinot Grigio 2018,Italy,delle Venezie,Danzante,3.6,9.16,2018.0,Budget
Silvaner Trocken 2017,Germany,Rheinhessen,Wittmann,3.7,7.75,2017.0,Budget
La Segreta Il Bianco 2019,Italy,Sicilia,Planeta,3.5,7.66,2019.0,Budget
Pinot Bianco 2017,Italy,Südtirol - Alto Adige,Alois Lageder,3.4,14.89,2017.0,Economy
Grüner Veltliner 2018,Austria,Carnuntum,Markowitsch,3.4,9.39,2018.0,Budget
Reserva Sauvignon Blanc (Classic) 2019,Chile,Curico Valley,Montes,3.8,6.34,2019.0,Budget
Reserve Bin A Chardonnay 2018,Australia,Adelaide Hills,Penfolds,3.9,99.0,2018.0,Premium
The Field Blend 2018,South Africa,Coastal Region,Stark-Condé,4.0,16.99,2018.0,Economy
Trittenheimer Apotheke Riesling Kabinett 2016,Germany,Mosel,Ansgar Clüsserath,3.7,11.65,2016.0,Economy
Zieregg Sauvignon Blanc 2017,Austria,Südsteiermark,Tement,4.1,48.06,2017.0,Mid
Alb de Petro Vaselo 2018,Romania,Recas,Petro Vaselo,3.7,9.5,2018.0,Budget
Louro Godello 2019,Spain,Valdeorras,Rafael Palacios,4.2,19.9,2019.0,Economy
Merus Sauvignon Blanc 2017,Italy,Trentino,Tiefenbrunner,3.8,11.2,2017.0,Economy
Bin 311 Chardonnay 2018,Australia,Tumbarumba,Penfolds,3.8,42.45,2018.0,Mid
Lighea 2019,Italy,Terre Siciliane,Donnafugata,3.9,11.9,2019.0,Economy
Gewürztraminer 2018,Italy,Südtirol - Alto Adige,Ritterhof,3.7,14.54,2018.0,Economy
Angimbé (Tenuta Ficuzza) 2019,Italy,Terre Siciliane,Cusumano,3.8,8.25,2019.0,Budget
Viviri Grillo 2018,Italy,Sicilia,Tenuta Rapitalà,3.7,7.9,2018.0,Budget
Arneis Roero 2018,Italy,Roero,Marchesi di Barolo,3.8,11.99,2018.0,Economy
Akkurat Weiss 2018,Switzerland,Zürich,Staatskellerei Zürich,4.1,14.52,2018.0,Economy
Don Miguel Vineyard Acero Unoaked Chardonnay 2017,United States,Russian River Valley,Marimar Estate,4.2,38.99,2017.0,Mid
Fannia Falanghina del Molise 2018,Italy,Molise,Campi Valerio,3.9,10.72,2018.0,Economy
Burgenland Weiss 2018,Austria,Burgenland,Meinklang,3.8,7.9,2018.0,Budget
Riesling 2014,Luxembourg,Luxembourg,Château de Schengen,3.8,20.65,2014.0,Mid
Alentejano Reserva Branco 2018,Portugal,Alentejano,Herdade dos Grous,4.0,19.8,2018.0,Economy
Unoaked Viognier 2018,United States,Lodi,Gnarly Head,3.3,12.11,2018.0,Economy
Greco - Fiano Basilicata Pipoli 2019,Italy,Basilicata,Vigneti del Vulture,3.9,5.54,2019.0,Budget
Chardonnay (Unoaked) (Our Town Hall) 2018,South Africa,Franschhoek,Franschhoek Cellar,3.5,6.95,2018.0,Budget
15 Pinot Grigio 2017,Italy,Südtirol - Alto Adige,Castelfeder,3.6,10.8,2017.0,Economy
Sauvignon Blanc 2019,Germany,Pfalz,Oliver Zeter,4.0,11.16,2019.0,Economy
Maìa 2016,Italy,Sardegna,Siddura,3.9,22.37,2016.0,Mid
GG Henkenberg Grauburgunder 2015,Germany,Baden,Salwey,3.8,31.16,2015.0,Mid
Rotlack Riesling Kabinett Feinherb 2018,Germany,Rheingau,Schloss Johannisberg,4.3,22.36,2018.0,Mid
Weissburgunder Trocken 2018,Germany,Pfalz,Heinrich Vollmer,3.4,5.33,2018.0,Budget
The Boy Riesling 2018,Australia,Eden Valley,Two Hands,3.6,19.95,2018.0,Economy
Pouilly-Fuissé 2017,France,Pouilly-Fuissé,Chartron et Trébuchet,4.1,17.5,2017.0,Economy
Pierneef Collection Sauvignon Blanc 2019,South Africa,Franschhoek,La Motte Wine Estate,3.8,14.9,2019.0,Economy
Aigle les Murailles Blanc 2019,Switzerland,Aigle,Henri Badoux,3.8,23.17,2019.0,Mid
Sauvignon Blanc 2019,Spain,Rueda,Marqués de Riscal,3.9,8.79,2019.0,Budget
Via Edetana Blanca 2017,Spain,Terra Alta,Edetària,3.8,13.9,2017.0,Economy
Scharzhofberger Riesling Kabinett 2018,Germany,Wiltingen,Egon Müller - Scharzhof,4.4,72.0,2018.0,Premium
1300 Chardonnay 2019,Argentina,Uco Valley,Andeluna,3.4,7.99,2019.0,Budget
Château Lichten Petite Arvine 2016,Switzerland,Valais,Domaines Rouvinez,3.6,29.5,2016.0,Mid
Synera Blanco 2018,Spain,Catalunya,Ramón Roqueta,3.1,6.5,2018.0,Budget
Zieregg Sauvignon Blanc 2016,Austria,Südsteiermark,Tement,4.0,48.43,2016.0,Mid
La Rocca Soave Classico 2018,Italy,Soave Classico,Pieropan,3.9,31.39,2018.0,Mid
Ruppertsberger Reiterpfad Riesling 2018,Germany,Pfalz,Von Winning,4.1,16.02,2018.0,Economy
T.N. 04 Bronner 2016,Italy,Trentino-Alto Adige,Thomas Niedermayr,3.8,20.5,2016.0,Mid
Winkel Riesling Kabinett 2018,Germany,Rheingau,Schloss Vollrads,3.9,12.29,2018.0,Economy
Albariño (O Rosal) 2019,Spain,Rías Baixas,Santiago Ruiz,4.0,10.45,2019.0,Economy
Catarratto Sicilia Antisa Regaleali 2018,Italy,Terre Siciliane,Tasca d'Almerita,3.7,10.9,2018.0,Economy
Clos des Prouges Pouilly-Fuissé 2017,France,Pouilly-Fuissé,J.A. Ferret,4.3,43.65,2017.0,Mid
Koreaa 2019,Austria,Burgenland,Judith Beck,4.0,14.9,2019.0,Economy
Pazo Blanco 2018,Spain,Ribeiro,Viña Costeira,3.3,4.99,2018.0,Budget
Mineral Riesling Trocken 2017,Germany,Nahe,Emrich-Schönleber,3.7,15.95,2017.0,Economy
Branco 2015,Portugal,Dão,Julia Kemper,3.7,17.55,2015.0,Economy
Sauvignon Blanc 2017,Romania,d Minis,Balla Geza,3.7,8.2,2017.0,Budget
Vom Haus Riesling 2019,Germany,Mosel,Schmitges,3.7,8.72,2019.0,Budget
SL Riesling Trocken 2017,Germany,Mosel,Schloss Lieser,3.8,11.8,2017.0,Economy
Silvaner Trocken 2018,Germany,Franken,Juliusspital,3.6,10.59,2018.0,Economy
Sauvignon Blanc 2018,Israel,Galilee,Gamla,3.7,12.1,2018.0,Economy
Uccellanda Curtefranca 2012,Italy,Curtefranca,Bellavista,4.1,39.9,2012.0,Mid
Deep Blue 2017,Germany,Nahe,Martin Tesch,3.5,12.5,2017.0,Economy
Sancerre Les Baronnes Blanc 2019,France,Sancerre,Henri Bourgeois,4.0,18.95,2019.0,Economy
Dogheria Pinot Bianco Rubicone 2018,Italy,Rubicone,Poderi dal Nespoli,3.8,9.37,2018.0,Budget
Schiefergestein Bockenauer Riesling Trocken 2017,Germany,Nahe,Schäfer-Fröhlich,3.8,18.42,2017.0,Economy
Maximin Grünhäuser Herrenberg Riesling 2017,Germany,Mosel,Maximin Grünhaus,4.0,29.9,2017.0,Mid
Dão Rótulo Branco 2017,Portugal,Dão,Niepoort,3.6,10.51,2017.0,Economy
Godello 2019,Spain,Valdeorras,Joaquín Rebolledo,3.8,10.75,2019.0,Economy
Catarratto 2017,Italy,Sicilia,Barone Montalto,3.3,5.1,2017.0,Budget
Sauvignon Blanc 2017,South Africa,Stellenbosch,Zevenwacht,3.4,11.92,2017.0,Economy
Stoan 2018,Italy,Südtirol - Alto Adige,Tramin,4.0,20.27,2018.0,Mid
Douro Tiara Branco 2017,Portugal,Douro,Niepoort,4.2,26.88,2017.0,Mid
Twin Oaks Chardonnay 2018,United States,California,Robert Mondavi,3.4,7.69,2018.0,Budget
Cabi Sehr Nett Riesling 2016,Germany,Mosel,Fio,4.0,34.59,2016.0,Mid
Alte Reben Riesling Trocken 2017,Germany,Baden,Alexander Laible,4.1,17.2,2017.0,Economy
Sauvignon Blanc 2015,New Zealand,Marlborough,Mission Estate Winery,3.8,14.95,2015.0,Economy
Quarz Sauvignon 2018,Italy,Trentino-Alto Adige,Terlan (Terlano),4.4,69.95,2018.0,Premium
Clos du Four Mâcon-Milly-Lamartine 2016,France,Mâcon-Milly-Lamartine,Les Héritiers du Comte Lafon,4.0,28.9,2016.0,Mid
Les Princes Abbés Pinot Blanc Alsace 2017,France,Alsace,Domaines Schlumberger,3.5,11.92,2017.0,Economy
Cuvée Les Caillottes Sancerre 2018,France,Sancerre,Jean-Max Roger,4.1,16.5,2018.0,Economy
Compleo Cuvée Blanc 2018,Switzerland,Zürich,Staatskellerei Zürich,3.8,16.08,2018.0,Economy
Clos Sainte Hune Riesling Alsace 2013,France,Alsace,Trimbach,4.5,210.45,2013.0,Luxury
Senftenberger Piri Grüner Veltliner 2018,Austria,Kremstal,Nigl,3.9,15.99,2018.0,Economy
Chardonnay 2016,United States,Russian River Valley,Paul Hobbs,4.1,68.32,2016.0,Premium
Sauvignon Blanc 2018,France,Loire Valley,Domaine Gibault - Danielle de L'Ansee,3.5,7.7,2018.0,Budget
Penedès Blanc de Blancs Clos de Torribas 2018,Spain,Penedès,Pinord,3.7,4.75,2018.0,Budget
Saint-Aubin 2017,France,Saint-Aubin,Domaine Sylvain Langoureau,3.9,21.0,2017.0,Mid
Pinot Grigio 2019,South Africa,Coastal Region,Protea,3.3,8.95,2019.0,Budget
Franciscus Grüner Veltliner 2018,Austria,Kremstal,Salomon Undhof,3.7,12.4,2018.0,Economy
Pinot Blanc Alsace Signature 2018,France,Alsace,Wolfberger,3.6,6.69,2018.0,Budget
Ürziger Würzgarten Riesling Spätlese 2017,Germany,Mosel,Markus Molitor,4.2,19.5,2017.0,Economy
Ribolla Gialla Collio 2017,Italy,Collio,Gradis'Ciutta,3.9,12.9,2017.0,Economy
Just Riesling! 2016,Germany,Nahe,Gut Hermannsberg,3.7,9.5,2016.0,Budget
Dellchen Riesling GG 2016,Germany,Nahe,Dönnhoff,4.3,49.0,2016.0,Mid
Forst Riesling Trocken 2017,Germany,Pfalz,Dr. Von Bassermann-Jordan,3.7,16.09,2017.0,Economy
Am Berg 2019,Austria,Wagram,Bernhard Ott,3.9,10.9,2019.0,Economy
Gewürztraminer '1840' 2015,Italy,Südtirol - Alto Adige,H. Lun,3.7,18.95,2015.0,Economy
Rêve Pecorino Offida 2017,Italy,Offida,Velenosi,4.0,14.85,2017.0,Economy
Bourgogne Chardonnay (Vieilles Vignes) 2018,France,Bourgogne,Albert Bichot,3.9,13.8,2018.0,Economy
Estate Rüdesheim Riesling 2018,Germany,Rüdesheim,Georg Breuer,3.8,13.8,2018.0,Economy
Haardt Riesling 2017,Germany,Pfalz,Müller-Catoir,3.9,13.84,2017.0,Economy
Curioso Bianco 2018,Italy,Toscana,Ponte Lungo,3.7,8.72,2018.0,Budget
Gärtling Grüner Veltliner 2018,Austria,Kremstal,Nigl,3.8,9.95,2018.0,Budget
Terroir Littoral Sauvignon Blanc 2018,France,Pays d'Oc,Fortant,3.4,6.59,2018.0,Budget
Bourgogne Chardonnay (La Vignée) 2018,France,Bourgogne,Bouchard Père & Fils,3.8,16.39,2018.0,Economy
Reserve Chardonnay 2017,South Africa,Walker Bay,Creation,4.1,33.0,2017.0,Mid
Kiedrich Turmberg Riesling Trocken 2018,Germany,Rheingau,Robert Weil,4.1,25.3,2018.0,Mid
Riesling Alsace 2018,France,Alsace,Trimbach,3.6,14.5,2018.0,Economy
Max Riesling Trocken 2017,Germany,Kanzem,Von Othegraven,3.2,15.69,2017.0,Economy
Leone d'Almerita (Tenuta Regaleali) 2019,Italy,Terre Siciliane,Tasca d'Almerita,4.0,9.65,2019.0,Budget
Elgin Sauvignon Blanc 2016,South Africa,Elgin,Boschendal,3.8,31.99,2016.0,Mid
Pouilly-Fumé Indigene 2018,France,Pouilly-Fumé,Pascal Jolivet,4.0,43.65,2018.0,Mid
Reserva Torrontés 2018,Argentina,Salta,Terrazas de los Andes,3.7,18.95,2018.0,Economy
Kirchspiel Riesling GG 2014,Germany,Rheinhessen,Wittmann,4.2,42.8,2014.0,Mid
The King's Bastard Chardonnay 2016,New Zealand,Marlborough,The Kings Series,3.8,16.95,2016.0,Economy
Sofia Riesling 2016,United States,Monterey County,Francis Ford Coppola,3.4,23.46,2016.0,Mid
Venezia Giulia Pinot Grigio 2018,Italy,Venezia Giulia,Lis Neris,4.0,18.9,2018.0,Economy
Gewürztraminer Campaner 2018,Italy,Südtirol - Alto Adige,Cantina Kaltern,3.9,14.72,2018.0,Economy
Tellus Chardonnay 2018,Italy,Umbria,Falesco,3.5,9.9,2018.0,Budget
Oroya Created For Sushi 2017,Spain,Castilla y León,Oroya,3.6,7.66,2017.0,Budget
Clos de la Bergerie 2014,France,Savennières-Roche-aux-Moines,Nicolas Joly,4.0,47.9,2014.0,Mid
Aufwind Grauer Burgunder 2018,Germany,Pfalz,Hensel,3.9,12.48,2018.0,Economy
Capo Martino 2016,Italy,Venezia Giulia,Jermann,4.0,49.9,2016.0,Mid
Forster Ungeheuer Riesling 2015,Germany,Pfalz,Von Winning,4.2,37.95,2015.0,Mid
Viognier - Sauvignon 2019,France,Pays d'Oc,Paul Mas,3.9,5.79,2019.0,Budget
Sauvignon Blanc 2019,South Africa,Paarl,Backsberg,3.5,8.95,2019.0,Budget
Pessac-Léognan Blanc 2006,France,Pessac-Léognan,Château Haut-Bergey,3.8,18.5,2006.0,Economy
Lepus 2018,Italy,Südtirol - Alto Adige,Franz Haas,3.8,16.4,2018.0,Economy
Sessantenario Malvasia 2014,Italy,Salento,Cantina Sampietrana,4.0,6.93,2014.0,Budget
Chardonnay 2017,United States,California,Crane Lake,3.3,7.9,2017.0,Budget
La Rocca Gavi 2018,Italy,Gavi,Coppo,3.7,12.99,2018.0,Economy
Grillo Sur Sur 2019,Italy,Terre Siciliane,Donnafugata,4.0,9.15,2019.0,Budget
La Comtesse de Pazo Barrantes Albariño 2016,Spain,Rías Baixas,Pazo Barrantes,4.1,38.02,2016.0,Mid
Sauvignon Blanc 2019,South Africa,Constantia,Constantia Glen,3.7,12.9,2019.0,Economy
Val de Montferrand Grande Cuvée Blanc 2016,France,Vin de Pays,Domaine de l'Hortus,3.9,17.95,2016.0,Economy
Uncaged Sauvignon Blanc 2017,United States,North Coast,Z.Alexander Brown,3.4,16.33,2017.0,Economy
Silberlack Riesling Trocken GG 2018,Germany,Rheingau,Schloss Johannisberg,4.4,40.73,2018.0,Mid
Essence du Cap Chardonnay 2018,South Africa,Western Cape,Fleur du Cap,3.6,8.75,2018.0,Budget
Regaleali Bianco Sicilia 2019,Italy,Terre Siciliane,Tasca d'Almerita,3.7,7.42,2019.0,Budget
Kalkmergel Riesling 2017,Germany,Pfalz,Rings,3.6,9.26,2017.0,Budget
Steingrüble 2016,Germany,Baden,Ziereisen,3.8,13.95,2016.0,Economy
Grassnitzberg Sauvignon Blanc 2017,Austria,Südsteiermark,Tement,3.8,27.0,2017.0,Mid
Verdejo 2019,Spain,Rueda,Palacio de Bornos,3.7,7.47,2019.0,Budget
Manar dos Seixaş 2017,Spain,Ribeiro,Gallina de Piel,4.1,13.55,2017.0,Economy
Chardonnay 2018,South Africa,Stellenbosch,Mulderbosch,3.4,14.49,2018.0,Economy
Ciari Chardonnay 2018,Italy,Venezia,Borgo Molino,3.9,10.24,2018.0,Economy
Finado Pinot Bianco 2018,Italy,Südtirol - Alto Adige,Andrian,3.9,10.9,2018.0,Economy
Leiten Gewürztraminer 2018,Italy,Südtirol - Alto Adige,Nals Margreid,4.0,11.21,2018.0,Economy
Sauvignon Blanc 2018,South Africa,Walker Bay,Creation,3.9,12.81,2018.0,Economy
Bon Vallon Chardonnay 2018,South Africa,Robertson,De Wetshof,3.8,12.79,2018.0,Economy
Riesling Tradition 2018,France,Alsace,Emile Beyer,3.8,13.29,2018.0,Economy
Qvevri 2016,Georgia,Kakheti,Mukhrani,3.8,25.9,2016.0,Mid
As Sortes Val do Bibei Godello 2018,Spain,Valdeorras,Rafael Palacios,4.4,42.06,2018.0,Mid
Faß 12 Ayler Kupp Unterstenberg Riesling 2017,Germany,Mosel,Peter Lauer,4.3,21.94,2017.0,Mid
Grüner Veltliner Smaragd Axpoint 2018,Austria,Wachau,Domäne Wachau,4.1,21.89,2018.0,Mid
R de Rieussec 2017,France,Bordeaux,Château Rieussec,3.7,30.62,2017.0,Mid
Santa Digna Reserva Chardonnay 2019,Chile,Central Valley,Miguel Torres,3.6,7.45,2019.0,Budget
Felseneck Riesling GG 2016,Germany,Nahe,Schäfer-Fröhlich,4.3,53.5,2016.0,Premium
The Stump Jump Lightly Wooded Chardonnay 2018,Australia,McLaren Vale,d'Arenberg,3.4,8.75,2018.0,Budget
Puiten Pinot Grigio 2015,Italy,Südtirol - Alto Adige,Colterenzio (Schreckbichl),3.8,12.62,2015.0,Economy
Blanc 2018,Spain,Pla de Bages,Abadal,3.6,7.3,2018.0,Budget
Steinterrassen 2015,Germany,Nahe,Gut Hermannsberg,4.2,21.9,2015.0,Mid
Meruge Branco 2015,Portugal,Douro,Lavradores de Feitoria,4.2,18.52,2015.0,Economy
Jonty's Ducks Pekin White 2017,South Africa,Paarl,Avondale,3.7,14.13,2017.0,Economy
Pošip 2017,Croatia,Dalmatian Coast,Stina,4.1,22.0,2017.0,Mid
Quincy Haute Victoire 2018,France,Quincy,Henri Bourgeois,3.8,15.7,2018.0,Economy
Wehlener Klosterberg Riesling Spätlese 2015,Germany,Mosel,Markus Molitor,4.0,21.95,2015.0,Mid
Chablis Premier Cru 'Vau de Vey' 2018,France,Chablis 1er Cru 'Vau de Vey',Domaine des Malandes,4.0,27.78,2018.0,Mid
Pinot Gris Trocken 2017,Austria,Burgenland,Kracher,3.6,11.69,2017.0,Economy
Baron de L Pouilly-Fumé 2016,France,Pouilly-Fumé,de Ladoucette,4.4,76.43,2016.0,Premium
RS Grauburgunder 2014,Germany,Baden,Salwey,3.8,29.95,2014.0,Mid
Custoza 2019,Italy,Bianco di Custoza,Cavalchina,3.8,8.72,2019.0,Budget
15 Pinot Grigio 2018,Italy,Südtirol - Alto Adige,Castelfeder,3.8,11.82,2018.0,Economy
Adrianna Vineyard White Stones Chardonnay 2017,Argentina,Mendoza,Catena Zapata,4.4,57.51,2017.0,Premium
Altitud Chardonnay 2016,Argentina,Tupungato,Andeluna,3.4,13.26,2016.0,Economy
Soave Classico 2018,Italy,Soave Classico,Lenotti,3.8,4.83,2018.0,Budget
Puligny-Montrachet 'Les Corvées des Vignes' 2015,France,Puligny-Montrachet,Philippe Chavy,4.3,69.99,2015.0,Premium
Sauvignon Blanc 2018,South Africa,Western Cape,Delaire Graff,3.6,12.57,2018.0,Economy
Chardonnay 2018,United States,Monterey,Hess Select,3.5,11.9,2018.0,Economy
Kirchspiel Riesling GG 2016,Germany,Rheinhessen,Wittmann,4.1,47.95,2016.0,Mid
Grauburgunder Trocken vom Kalkstein 2018,Germany,Pfalz,Neiss,3.9,8.95,2018.0,Budget
Colección Torrontés 2019,Argentina,Calchaqui Valley,Michel Torino,3.9,9.89,2019.0,Budget
Bandol Blanc 2015,France,Bandol,La Bastide Blanche,3.5,18.9,2015.0,Economy
Portal da Calçada Reserva Vinho Verde 2019,Portugal,Vinho Verde,Salvador,3.7,6.54,2019.0,Budget
Rüdesheimer Berg Kaisersteinfels Terrassen Riesling 2015,Germany,Rheingau,Leitz,4.0,25.0,2015.0,Mid
Cecu d'la Biunda Roero Arneis 2018,Italy,Roero,Monchiero Carbone,3.8,11.88,2018.0,Economy
Pinot Grigio 2019,Italy,Veneto,Torresella,3.9,6.77,2019.0,Budget
Pinot Gris Alsace Réserve Personnelle 2015,France,Alsace,Trimbach,4.0,33.59,2015.0,Mid
The Rhine House Collection Chardonnay 2016,United States,California,Beringer,3.6,16.9,2016.0,Economy
Riesling Trocken 2019,Germany,Rheinhessen,Wittmann,3.7,11.02,2019.0,Economy
Pessac-Léognan Blanc (Grand Cru Classé de Graves) 2014,France,Pessac-Léognan,Château Malartic-Lagravière,4.0,66.0,2014.0,Premium
Riesling 2018,Germany,Mosel,Reinhard Knebel,3.9,10.09,2018.0,Economy
Beaujolais Blanc 2018,France,Beaujolais,Terres Dorées,3.7,12.9,2018.0,Economy
Sauvignon Blanc 2019,South Africa,Elgin,Paul Cluver,4.1,9.89,2019.0,Budget
Jaraman Chardonnay 2016,Australia,South Australia,Taylors / Wakefield,3.8,16.77,2016.0,Economy
Nik Weis Selection Urban Riesling 2019,Germany,Mosel,St. Urbans-Hof,4.1,9.26,2019.0,Budget
Grillo 2018,Italy,Sicilia,Stemmari,3.3,5.02,2018.0,Budget
Grand Vin La Clape Blanc 2018,France,La Clape,Château l'Hospitalet,3.7,36.85,2018.0,Mid
Aulerde Riesling GG 2016,Germany,Rheinhessen,Wittmann,4.1,37.9,2016.0,Mid
Barbazul Blanco 2018,Spain,Cádiz,Huerta de Albala,3.7,9.95,2018.0,Budget
Wehlener Sonnenuhr Riesling Spätlese 2016,Germany,Wehlen,Joh. Jos. Prüm,4.3,30.47,2016.0,Mid
Alte Reben Riesling 2018,Germany,Pfalz,Schneider,3.9,13.0,2018.0,Economy
Chablis 2018,France,Chablis,Louis Michel & Fils,4.0,23.5,2018.0,Mid
Via Colțul Pietrei Sauvignon Blanc 2018,Romania,Dealu Mare,Vitis Metamorfosis,3.9,11.5,2018.0,Economy
Quartz Stone Chardonnay 2018,South Africa,Paarl,Glen Carlou,4.1,23.5,2018.0,Mid
Mäushöhle Riesling 2016,Germany,Pfalz,Von Winning,3.7,14.57,2016.0,Economy
Petit Chablis 2017,France,Petit Chablis,Domaine des Marronniers,3.9,13.3,2017.0,Economy
Baccaro Grillo 2018,Italy,Sicilia,Farnese,3.3,4.86,2018.0,Budget
Vulkangestein Riesling Trocken 2017,Germany,Nahe,Schäfer-Fröhlich,3.8,15.1,2017.0,Economy
Varidor Riesling Trocken 2018,Germany,Mosel,Carl Loewen,3.8,8.9,2018.0,Budget
Weisser Burgunder 2017,Germany,Pfalz,Dr. Von Bassermann-Jordan,3.7,7.95,2017.0,Budget
Vineyard Selection Chenin Blanc (Barrel Fermented) 2019,South Africa,Stellenbosch,Kleine Zalze,3.8,11.25,2019.0,Economy
Vigna Santa Margherita Vernaccia di San Gimignano 2016,Italy,Vernaccia di San Gimignano,Panizzi,3.9,20.32,2016.0,Mid
Chenin Blanc 2019,South Africa,Stellenbosch,Neethlingshof Estate,3.7,10.91,2019.0,Economy
Schaapenberg Vineyard Reserve Sauvignon Blanc 2017,South Africa,Stellenbosch,Vergelegen,3.8,19.95,2017.0,Economy
Réserve Languedoc Blanc 2018,France,Languedoc,Paul Mas,3.8,8.76,2018.0,Budget
The Young Airhawk 2016,South Africa,Coastal Region,Nederburg,3.7,18.42,2016.0,Economy
Thauvenay Sancerre Blanc 2014,France,Sancerre,Domaine Masson-Blondelet,3.9,15.5,2014.0,Economy
Drouhin - Vaudon Chablis 2018,France,Chablis,Joseph Drouhin,3.7,17.07,2018.0,Economy
Springvale Riesling 2018,Australia,Clare Valley,Grosset,3.9,29.9,2018.0,Mid
Deidesheimer Kalkofen GG 2016,Germany,Pfalz,Von Winning,4.2,32.12,2016.0,Mid
Sauvignon Blanc 2017,Italy,Südtirol - Alto Adige,Alois Lageder,3.7,11.9,2017.0,Economy
Sauvignon Blanc 2019,Chile,Central Valley,Valdivieso,3.5,7.75,2019.0,Budget
Metis Pascal Jolivet Sauvignon Blanc 2017,South Africa,Constantia,Klein Constantia,3.9,21.0,2017.0,Mid
Chablis 2018,France,Chablis,Gerard Tremblay,3.6,13.91,2018.0,Economy
Anas-Cëtta Langhe Nascetta di Novello 2018,Italy,Langhe,Elvio Cogno,3.7,18.9,2018.0,Economy
Villa Angela Falerio Pecorino 2018,Italy,Falerio Pecorino,Velenosi,3.5,8.24,2018.0,Budget
Chablis 1er Cru 'Côte de Lechet' 2018,France,Chablis 1er Cru 'Côte de Lechet',Bernard Defaix,4.1,24.9,2018.0,Mid
Chardonnay 2017,United States,California,Redwood Creek,3.4,7.65,2017.0,Budget
Riesling 2017,Germany,Pfalz,Schneider,3.8,24.5,2017.0,Mid
Sons de Prades Vinyes de Milmanda 2016,Spain,Conca de Barberà,Torres,4.0,36.56,2016.0,Mid
Chardonnay 2016,New Zealand,Hawke's Bay,Elephant Hill,3.7,19.5,2016.0,Economy
Riesling Terrassen 2018,Austria,Kamptal,Weingut Bründlmayer,3.8,15.25,2018.0,Economy
Cortese Piemonte 2018,Italy,Piemonte,Araldica,3.4,6.3,2018.0,Budget
Sauvignon Gris 2018,New Zealand,Marlborough,Brancott Estate,4.0,9.28,2018.0,Budget
Tannenberg Sauvignon Blanc 2016,Italy,Südtirol - Alto Adige,Manincor,3.9,23.4,2016.0,Mid
Sauvignon 2019,Italy,Südtirol - Alto Adige,Cantina Bolzano / Kellerei Bozen,3.8,9.9,2019.0,Budget
Rohstoff Chardonnay 2017,Austria,Burgenland,Hannes Reeh,4.1,15.2,2017.0,Economy
The First Lady Sauvignon Blanc 2019,South Africa,Stellenbosch,Warwick,3.6,8.49,2019.0,Budget
Pinot Grigio 2017,Italy,Südtirol - Alto Adige,Kettmeir,3.9,12.99,2017.0,Economy
Serego Alighieri Possessioni Bianco Veneto 2018,Italy,Veneto,Masi,3.6,11.92,2018.0,Economy
Grüner Veltliner HAID Weinviertel DAC 2018,Austria,Weinviertel,Weingut R&A Pfaffl,3.9,10.93,2018.0,Economy
Graacher Himmelreich Riesling Spätlese 2015,Germany,Graach,Joh. Jos. Prüm,4.2,25.84,2015.0,Mid
Fass 4 2019,Austria,Wagram,Bernhard Ott,4.1,15.8,2019.0,Economy
Laurens Campher 2014,South Africa,Stellenbosch,Muratie,3.9,15.95,2014.0,Economy
Riesling Trocken 2017,Germany,Nahe,Emrich-Schönleber,3.8,9.95,2017.0,Budget
Riesling (Petracine) Langhe 2018,Italy,Langhe,G.D. Vajra,3.9,37.9,2018.0,Mid
Otto Soave 2019,Italy,Soave,Prà,4.0,9.45,2019.0,Budget
Private Bin Chardonnay 2018,New Zealand,North Island,Villa Maria,3.3,11.04,2018.0,Economy
Wildcard Chardonnay (Unoaked) 2017,Australia,South Australia,Peter Lehmann,3.2,7.5,2017.0,Budget
Barrel Fermented Chardonnay 2018,South Africa,Franschhoek,Holden Manz,4.2,27.5,2018.0,Mid
Atrium Chardonnay 2018,Spain,Penedès,Torres,3.6,11.35,2018.0,Economy
Il Fiore 2015,Italy,Langhe,Braida,3.6,11.43,2015.0,Economy
Contea di Sclafani Nozze d'Oro Regaleali 2017,Italy,Contea di Sclafani,Tasca d'Almerita,4.0,15.42,2017.0,Economy
Rotschiefer Riesling Kabinett 2017,Germany,Mosel,Van Volxem,3.9,12.5,2017.0,Economy
Esprit de Tablas Blanc 2014,United States,Paso Robles,Tablas Creek Vineyard,4.1,49.0,2014.0,Mid
Grüner Veltliner Smaragd Axpoint 2017,Austria,Wachau,Domäne Wachau,4.1,21.9,2017.0,Mid
Vire-Clessé 2017,France,Viré-Clessé,Les Héritiers du Comte Lafon,4.0,29.9,2017.0,Mid
Gavi 2017,Italy,Gavi,Scanavino,3.3,9.49,2017.0,Budget
The Glass Collection Unwooded Chardonnay 2019,South Africa,Stellenbosch,Glenelly,3.4,11.65,2019.0,Economy
Villa Margon Chardonnay 2017,Italy,Trentino,Tenuta Margon,3.9,17.79,2017.0,Economy
Sauvignon Blanc 2018,South Africa,Walker Bay,Bouchard Finlayson,3.7,13.5,2018.0,Economy
Single Vineyard Sauvignon Blanc 2017,Chile,Casablanca Valley,Errazuriz,3.5,13.5,2017.0,Economy
Sauvignon Blanc 2018,United States,California,Bogle,3.6,14.52,2018.0,Economy
Pievecroce 2018,Italy,Lugana,Costaripa,3.8,11.9,2018.0,Economy
Trebbiano Spoletino Trebium 2018,Italy,Umbria,Antonelli San Marco,3.8,14.5,2018.0,Economy
Pedra de Guix 2015,Spain,Priorat,Terroir Al Límit Soc. Lda,3.9,60.0,2015.0,Premium
Vinha Dos Amores Encruzado Dão Branco 2016,Portugal,Dão,Casa de Santar,4.4,29.99,2016.0,Mid
Morillon Muschelkalk 2017,Austria,Südsteiermark,Tement,3.9,14.49,2017.0,Economy
Solaz Verdejo 2018,Spain,Castilla,Osborne,3.2,6.21,2018.0,Budget
Pinot Grigio Alto Adige 2018,Italy,Südtirol - Alto Adige,Franz Haas,3.9,15.9,2018.0,Economy
Chardonnay Le Bourgogne 2016,France,Bourgogne,Chanson,3.6,12.6,2016.0,Economy
Rkatsiteli 2014,Georgia,Kakheti,Mukhrani,3.7,8.95,2014.0,Budget
Riesling Heiligenstein 2014,Austria,Kamptal,Weingut Bründlmayer,4.0,22.7,2014.0,Mid
Urban.GV Grüner Veltliner 2018,Austria,Kremstal,Stagård,3.7,8.9,2018.0,Budget
Sauvignon Blanc 2019,South Africa,Stellenbosch,Neethlingshof Estate,3.5,8.4,2019.0,Budget
Arinto - Bical 2016,Portugal,Bairrada,Quinta do Ortigao,3.7,9.1,2016.0,Budget
Gaia & Rey Langhe 2017,Italy,Langhe,Gaja,4.5,184.2,2017.0,Luxury
Gewurztraminer Classic 2018,France,Alsace,Bestheim,3.8,9.5,2018.0,Budget
Mäushöhle Riesling 2017,Germany,Pfalz,Von Winning,3.7,14.57,2017.0,Economy
Las Pizarras Chardonnay 2016,Chile,Aconcagua Costa,Errazuriz,4.2,64.0,2016.0,Premium
Mi Pueblo Chardonnay 2019,Chile,Central Valley,Viña Maipo,3.2,6.5,2019.0,Budget
Mâcon-Bussières Les Clos 2018,France,Mâcon-Bussières,Joseph Drouhin,3.8,13.55,2018.0,Economy
Enkircher Steffensberg Riesling Kabinett Feinherb 2018,Germany,Mosel,Villa Huesgen,4.2,17.35,2018.0,Economy
Grande g 2018,Italy,Lugana,Malavasi,4.1,21.87,2018.0,Mid
Rheinschiefer Hallgarten Riesling Trocken 2018,Germany,Rheingau,Peter Jakob Kühn,3.9,15.11,2018.0,Economy
Greco di Tufo 2018,Italy,Greco di Tufo,Nativ,3.8,8.99,2018.0,Budget
Lafóa Sauvignon 2010,Italy,Südtirol - Alto Adige,Colterenzio (Schreckbichl),4.0,26.27,2010.0,Mid
Reserve Spéciale Chardonnay 2018,France,Pays d'Oc,Philibert du Charme,3.9,6.9,2018.0,Budget
Mash Pitt 2015,Austria,Neusiedlersee,Pittnauer,3.7,24.99,2015.0,Mid
Vieilles Vignes Côtes Catalanes Blanc 2017,France,Côtes Catalanes,Domaine du Clos des Fées,3.8,23.99,2017.0,Mid
Loibner Grüner Veltliner Smaragd Vinothekfüllung 2017,Austria,Wachau,Weingut Knoll,4.2,45.0,2017.0,Mid
Steinriegl Riesling 2017,Austria,Wachau,Prager,4.0,18.42,2017.0,Economy
GB Sauvage Riesling 2019,Germany,Rheingau,Georg Breuer,3.7,9.76,2019.0,Budget
Laumersheimer Kapellenberg Trocken Riesling 2018,Germany,Pfalz,Knipser,3.7,11.65,2018.0,Economy
The Dry Land Collection Courageous Barrel Fermented Chenin Blanc 2018,South Africa,Paarl,Perdeberg,4.1,11.9,2018.0,Economy
Toscana Bugia 2015,Italy,Toscana,Bibi Graetz,3.8,38.89,2015.0,Mid
Chardonnay Kreuth 2018,Italy,Südtirol - Alto Adige,Terlan (Terlano),4.0,16.39,2018.0,Economy
Ürziger Würzgarten Riesling Spätlese 2015,Germany,Mosel,Markus Molitor,4.0,20.95,2015.0,Mid
Kiedricher Riesling Trocken 2017,Germany,Rheingau,Robert Weil,3.9,17.9,2017.0,Economy
Chardonnay 2017,Chile,Central Valley,Viña Maipo,3.3,9.9,2017.0,Budget
Mineral Riesling Trocken 2016,Germany,Nahe,Emrich-Schönleber,3.9,15.95,2016.0,Economy
Catarratto 2018,Italy,Terre Siciliane,Baglio di Pianetto,3.7,8.45,2018.0,Budget
Allnatt Vieilles Vignes Chardonnay 2018,France,Pays d'Oc,Paul Mas,4.1,11.25,2018.0,Economy
Chenin Blanc (Steen op Hout) 2018,South Africa,Stellenbosch,Mulderbosch,3.5,10.5,2018.0,Economy
Johannishof Riesling Trocken 2016,Germany,Pfalz,Knipser,3.7,9.39,2016.0,Budget
Molino a Vento Grillo 2018,Italy,Terre Siciliane,Tenute Orestiadi,3.6,5.74,2018.0,Budget
Pinot Grigio 2019,Italy,delle Venezie,Zenato,3.6,5.35,2019.0,Budget
Sauvignon Blanc 2018,Australia,South Australia,Oxford Landing,3.2,7.9,2018.0,Budget
L'Esprit de l'Horizon Blanc 2015,France,Côtes Catalanes,Domaine de l'Horizon,3.9,17.45,2015.0,Economy
Sons de Prades Vinyes de Milmanda 2017,Spain,Conca de Barberà,Torres,3.7,34.99,2017.0,Mid
Chenin Blanc 2018,South Africa,Western Cape,Oude Kaap,3.2,3.74,2018.0,Budget
Villa Gemma Colline Teatine Bianco 2018,Italy,Colline Teatine,Masciarelli,3.6,10.09,2018.0,Economy
Brauneberger Juffer Riesling Kabinett 2016,Germany,Brauneberg,Schloss Lieser,3.8,14.5,2016.0,Economy
Ficiligno Viognier - Inzolia 2018,Italy,Terre Siciliane,Baglio di Pianetto,4.0,10.63,2018.0,Economy
Chardonnay (Padstal) 2017,South Africa,Coastal Region,MAN,3.4,7.19,2017.0,Budget
Santagostino Baglio Sorìa White 2018,Italy,Terre Siciliane,Firriato,3.7,12.4,2018.0,Economy
Chardonnay Toscana Il Marzocco 2018,Italy,Toscana,Avignonesi,3.9,28.18,2018.0,Mid
Pinot Bianco 2018,Italy,Südtirol - Alto Adige,Alois Lageder,3.7,9.7,2018.0,Budget
Scharzhofberger Riesling Auslese 2015,Germany,Wiltingen,Egon Müller - Scharzhof,4.5,355.8,2015.0,Luxury
Villa Angela Passerina Marche 2018,Italy,Marche,Velenosi,3.6,7.49,2018.0,Budget
Gewürztraminer 2016,France,Alsace,Cleebourg,3.9,11.89,2016.0,Economy
Halenberg Riesling GG 2016,Germany,Nahe,Emrich-Schönleber,4.3,44.0,2016.0,Mid
Königsbacher Ölberg Riesling 2017,Germany,Pfalz,Von Winning,4.0,19.45,2017.0,Economy
Puiten Pinot Grigio 2017,Italy,Südtirol - Alto Adige,Colterenzio (Schreckbichl),3.6,12.62,2017.0,Economy
Ried Steinriegl Sauvignon Blanc 2017,Austria,Südsteiermark,Wohlmuth,3.9,22.22,2017.0,Mid
'Rosso & Bianco' Chardonnay 2016,United States,California,Francis Ford Coppola,3.7,17.5,2016.0,Economy
Douro Fabelhaft Branco 2018,Portugal,Douro,Niepoort,3.2,8.59,2018.0,Budget
Iselis Bianco 2018,Italy,Isola dei Nuraghi,Argiolas,3.9,11.25,2018.0,Economy
The Site Chardonnay 2015,South Africa,Robertson,De Wetshof,4.1,24.24,2015.0,Mid
Les Maranches Mâcon-Uchizy 2015,France,Mâcon-Uchizy,Les Héritiers du Comte Lafon,3.9,25.9,2015.0,Mid
Meio Queijo Douro Branco 2018,Portugal,Douro,Churchill's,3.6,8.32,2018.0,Budget
Kirchspiel Riesling GG 2012,Germany,Rheinhessen,Keller,4.6,179.0,2012.0,Luxury
Big Easy White 2018,South Africa,Western Cape,Ernie Els,3.6,9.98,2018.0,Budget
Reserva Sauvignon Blanc 2018,Chile,Central Valley,Caliterra,3.5,6.03,2018.0,Budget
Wehlener Klosterberg Riesling Kabinett 2015,Germany,Mosel,Markus Molitor,3.8,15.95,2015.0,Economy
Nosiola Fontanasanta 2018,Italy,Vigneti delle Dolomiti,Foradori,3.7,28.07,2018.0,Mid
Tenuta Regaleali Chardonnay Vigna San Francesco 2017,Italy,Contea di Sclafani,Tasca d'Almerita,4.2,29.0,2017.0,Mid
Sauvignon Blanc 2019,South Africa,Western Cape,Golden Kaan,3.5,5.79,2019.0,Budget
Sauvignon Blanc 2017,New Zealand,Marlborough,Clos Henri Vineyard,3.7,22.7,2017.0,Mid
Riesling Trocken 2016,Germany,Nahe,Emrich-Schönleber,3.8,12.95,2016.0,Economy
Blanco 2017,Spain,Rioja,Hacienda López de Haro,3.4,6.25,2017.0,Budget
Koonunga Hill Chardonnay 2019,Australia,South Australia,Penfolds,3.3,9.49,2019.0,Budget
Riesling Federspiel Himmelstiege 2018,Austria,Wachau,Domäne Wachau,3.4,11.13,2018.0,Economy
Henry Greuzard Mâcon la Roche Vineuse 2018,France,Mâcon-La Roche-Vineuse,Château de la Greffière,4.0,8.72,2018.0,Budget
Chardonnay 2018,South Africa,Stellenbosch,Zonnebloem,3.3,7.63,2018.0,Budget
Sancerre Les Caillottes Blanc 2018,France,Sancerre,Pascal Jolivet,4.0,27.11,2018.0,Mid
Chenin Blanc 2019,South Africa,Western Cape,Leopard’s Leap,3.5,7.49,2019.0,Budget
Is Argiolas Vermentino di Sardegna 2019,Italy,Vermentino di Sardegna,Argiolas,3.9,10.7,2019.0,Economy
Danie de Wet Chardonnay 2019,South Africa,Robertson,De Wetshof,3.7,5.4,2019.0,Budget
1791 Sauvignon Blanc 2019,South Africa,Western Cape,Nederburg,3.7,6.97,2019.0,Budget
Chenin Blanc 2019,South Africa,Western Cape,Oude Kaap,3.4,4.5,2019.0,Budget
Riesling Classic 2018,France,Alsace,Bestheim,3.6,8.65,2018.0,Budget
Torricella 2017,Italy,Toscana,Ricasoli,3.8,14.95,2017.0,Economy
The River Garden Sauvignon Blanc 2018,South Africa,Western Cape,Lourensford,3.6,7.94,2018.0,Budget
Chablis 2017,France,Chablis,Domaine des Genèves,3.8,12.43,2017.0,Economy
Les Princes Abbés Gewürztraminer Alsace 2017,France,Alsace,Domaines Schlumberger,3.9,15.5,2017.0,Economy
Riesling Trocken 2017,Germany,Rheinhessen,Knewitz,3.6,9.99,2017.0,Budget
Riesling Hochheimer Hölle Kabinett Trocken 2017,Germany,Rheingau,Künstler,3.9,12.89,2017.0,Economy
Sauvignon Blanc 2017,Spain,La Mancha,Costa Azul,3.2,5.53,2017.0,Budget
Siefersheim Porphyr Riesling 2017,Germany,Rheinhessen,Wagner-Stempel,3.8,19.89,2017.0,Economy
Sauvignon Blanc 2019,South Africa,Western Cape,Leopard’s Leap,3.5,7.23,2019.0,Budget
Riesling 2018,Germany,Pfalz,Schneider,3.8,12.0,2018.0,Economy
Ribolla Gialla 2016,Italy,Colli Orientali del Friuli,Torre Rosazza,3.7,14.2,2016.0,Economy
La Cala Vermentino di Sardegna 2019,Italy,Vermentino di Sardegna,Sella & Mosca,3.5,7.49,2019.0,Budget
Hidden Treasures NR3 Riesling - Furmint 2017,Hungary,Balaton,Moric,3.7,16.0,2017.0,Economy
Pur Müller-Thurgau 2018,Germany,Baden,Enderle & Moll,4.1,13.15,2018.0,Economy
Bourgogne Chardonnay 2017,France,Bourgogne,Laroche,3.7,13.58,2017.0,Economy
Novas Gran Reserva Sauvignon Blanc 2017,Chile,San Antonio Valley,Emiliana,3.5,10.5,2017.0,Economy
Conde de Valdemar Viura 2016,Spain,Rioja,Bodegas Valdemar,3.6,5.8,2016.0,Budget
Riesling Trocken 2017,Germany,Nahe,Schäfer-Fröhlich,3.8,10.63,2017.0,Economy
Loibner Burgstall Riesling Federspiel 2016,Austria,Wachau,F.X. Pichler,3.8,25.0,2016.0,Mid
Treu Federspiel Grüner Veltliner 2018,Austria,Wachau,Weinhofmeisterei Mathias Hirtzberger,3.9,19.01,2018.0,Economy
Manna Schweizer 2018,Italy,Südtirol - Alto Adige,Franz Haas,4.2,23.9,2018.0,Mid
Vernaccia di San Gimignano 2017,Italy,Vernaccia di San Gimignano,Castello Montaùto,3.7,10.93,2017.0,Economy
Single Estate Selected White 2014,Portugal,Alentejo,Azamor,3.9,12.48,2014.0,Economy
Fumé Sauvignon Blanc 2018,Germany,Pfalz,Oliver Zeter,4.2,16.52,2018.0,Economy
Westhofener Riesling Trocken 2017,Germany,Rheinhessen,Wittmann,3.9,19.9,2017.0,Economy
Les Tourelles de la Crée Montagny Premier Cru 2015,France,Montagny Premier Cru,Château de la Crée,3.9,43.28,2015.0,Mid
Platin Riesling 2018,Austria,Kamptal,Jurtschitsch,3.7,10.63,2018.0,Economy
La Manina 2018,Italy,Südtirol - Alto Adige,Manincor,3.7,11.02,2018.0,Economy
Pinot Gris 2016,United States,Russian River Valley,MacMurray,3.8,17.42,2016.0,Economy
The Wine Cuvée Weiss 2017,Austria,Burgenland,Scheiblhofer,3.7,12.19,2017.0,Economy
Sharis 2019,Italy,delle Venezie,Livio Felluga,3.9,12.5,2019.0,Economy
Sauvignon Blanc 2019,Chile,Central Valley,Frontera,3.3,5.65,2019.0,Budget
Edmond Sancerre 2016,France,Sancerre,Alphonse Mellot,4.2,43.82,2016.0,Mid
Chardonnay delle Venezie 2018,Italy,delle Venezie,Corte Giara,3.6,5.85,2018.0,Budget
Aulerde Riesling GG 2015,Germany,Rheinhessen,Wittmann,4.2,36.95,2015.0,Mid
Charta Riesling 2018,Germany,Rheingau,Johannishof,3.9,11.48,2018.0,Economy
Saint Peray Version 2016,France,Saint-Péray,Francois Villard,3.9,20.0,2016.0,Economy
Mantele Sauvignon 2017,Italy,Südtirol - Alto Adige,Nals Margreid,4.0,17.7,2017.0,Economy
Arneis Langhe Blangé 2019,Italy,Langhe,Ceretto,4.1,16.47,2019.0,Economy
Riesling Alsace Grand Cru 'Saering' 2017,France,Alsace Grand Cru,Domaines Schlumberger,3.9,19.4,2017.0,Economy
Primo Bianco 2019,Italy,Vermentino di Sardegna,Mesa,3.5,8.49,2019.0,Budget
Hirschvergnügen Grüner Veltliner 2018,Austria,Kamptal,Hirsch,3.7,9.44,2018.0,Budget
Predicador Blanco 2017,Spain,Rioja,Bodega Contador (Benjamín Romeo),4.0,25.78,2017.0,Mid
Ürziger Würzgarten Riesling Kabinett 2016,Germany,Mosel,Karl Erbes,3.9,9.0,2016.0,Budget
Vignealte Soave Classico 2018,Italy,Soave Classico,Zeni,3.8,6.7,2018.0,Budget
Blanco Fermentado en Barrica 2019,Spain,Rioja,Muga,3.8,10.62,2019.0,Economy
Rovereto Gavi 2018,Italy,Gavi,Picollo Ernesto,4.0,9.99,2018.0,Budget
Balbino Vermentino di Maremma Toscana 2018,Italy,Maremma Toscana,Terenzi,3.8,10.5,2018.0,Economy
Vermentino di Sardegna 2019,Italy,Vermentino di Sardegna,Sella & Mosca,3.4,6.78,2019.0,Budget
Riesling Trocken 2018,Germany,Rheingau,Schloss Vollrads,3.8,10.18,2018.0,Economy
Chardonnay 2018,Australia,Riverina,Richland,3.2,9.96,2018.0,Budget
Tutti Frutti Blanc 2018,France,Pays d'Oc,Arrogant Frog,3.9,5.36,2018.0,Budget
Silvaner Trocken 2016,Germany,Rheinhessen,Wittmann,3.6,9.09,2016.0,Budget
Vom Vulkan 2016,Germany,Nahe,Gut Hermannsberg,3.8,12.9,2016.0,Economy
Monte Blanco Verdejo 2011,Spain,Rueda,Monte Blanco,3.5,5.95,2011.0,Budget
Chardonnay 2018,Italy,Südtirol - Alto Adige,Cantina Kaltern,3.6,9.9,2018.0,Budget
White Label Nik Weis Saarfeilser GG 2016,Germany,Leiwen,St. Urbans-Hof,4.3,27.5,2016.0,Mid
Steinriesler 2004,Austria,Wachau,Nikolaihof,4.0,49.0,2004.0,Mid
Geheimrat J Riesling Trocken 2015,Germany,Rheingau,Weingüter Wegeler,4.0,26.89,2015.0,Mid
Bon Vallon Chardonnay 2019,South Africa,Robertson,De Wetshof,3.8,11.2,2019.0,Economy
Suade Sauvignon Blanc 2018,Italy,delle Venezie,Astoria,4.1,9.99,2018.0,Budget
Classic White Blend 2018,South Africa,Western Cape,Roodeberg,3.5,8.32,2018.0,Budget
Fonte da Serrana Branco 2018,Portugal,Alentejano,Monte da Ravasqueira,3.6,5.98,2018.0,Budget
Chardonnay Bourgogne 2015,France,Bourgogne,Ropiteau Freres,3.8,15.95,2015.0,Economy
Viognier 2016,Israel,Galilee,Yarden,3.9,10.5,2016.0,Economy
Xarel-lo 2018,Spain,Penedès,Segura Viudas,3.4,6.95,2018.0,Budget
Nussberg Wiener Gemischter Satz 2018,Austria,Wiener Gemischter Satz,Wieninger,3.9,21.2,2018.0,Mid
Rioja Blanco 2018,Spain,Rioja,Luis Cañas,3.4,5.85,2018.0,Budget
Venezia Giulia Confini 2015,Italy,Venezia Giulia,Lis Neris,4.2,37.9,2015.0,Mid
White Lady 2018,South Africa,Stellenbosch,Warwick,4.2,26.9,2018.0,Mid
Fiano 2018,Italy,Puglia,Epicuro,3.5,10.99,2018.0,Economy
Chremisa Edition Grüner Veltliner 2018,Austria,Kremstal,Winzer Krems,3.8,13.5,2018.0,Economy
Wachenheimer Riesling 2018,Germany,Pfalz,Dr. Bürklin-Wolf,3.9,14.9,2018.0,Economy
Sauvignon Blanc 500 2011,Germany,Pfalz,Von Winning,4.3,59.0,2011.0,Premium
Single Vineyard Chardonnay 2017,South Africa,Stellenbosch,Waterford Estate,3.9,19.95,2017.0,Economy
Grande Réserve Sancerre Blanc 2019,France,Sancerre,Henri Bourgeois,3.9,29.05,2019.0,Mid
Domaine de Saint-Pierre Sancerre Blanc 2018,France,Sancerre,Domaine Pierre Prieur & Fils,3.9,16.0,2018.0,Economy
Petite Arvine 2017,Italy,Valle d'Aosta,Ottin - Viticulteur Encaveur,4.0,18.9,2017.0,Economy
Organic Viognier - Verdil 2018,Spain,Valencia,Neleman,3.5,6.49,2018.0,Budget
Gorgorito Verdejo 2018,Spain,Rueda,Bodegas Copaboca,3.7,6.88,2018.0,Budget
Ampelio Chardonnay Langhe 2016,Italy,Langhe,Fontanafredda,3.9,12.08,2016.0,Economy
Wiener Gemischter Satz 2014,Austria,Wiener Gemischter Satz,Wieninger,3.4,10.3,2014.0,Economy
Conde de Valdemar Finca Alto Cantabria 2017,Spain,Rioja,Bodegas Valdemar,3.8,12.99,2017.0,Economy
Goru el Blanco 2018,Spain,Jumilla,EGO,3.6,6.29,2018.0,Budget
Promised Land Unwooded Chardonnay 2017,Australia,South Australia,Taylors / Wakefield,3.5,8.83,2017.0,Budget
Zeltinger Himmelreich Riesling Kabinett 2015,Germany,Mosel,Markus Molitor,3.9,16.95,2015.0,Economy
Branco 2018,Portugal,Lisboa,Quinta da Espiga,3.4,4.95,2018.0,Budget
Le Classique Chablis 2016,France,Chablis,Pascal Bouchard,3.7,17.9,2016.0,Economy
Chardonnay Reserva 2018,Chile,Casablanca Valley,Casas del Bosque,3.9,9.95,2018.0,Budget
Marsanne 2017,France,Languedoc-Roussillon,Paul Mas,3.6,5.74,2017.0,Budget
21 Gables Chenin Blanc 2018,South Africa,Stellenbosch,Spier,4.3,19.5,2018.0,Economy
Sauvignon Blanc II 2019,Germany,Pfalz,Von Winning,3.9,10.5,2019.0,Economy
Emilio Primo Bianco 2018,Italy,Toscana,Terre del Marchesato,3.7,13.5,2018.0,Economy
Le Domaine Blanco de Guarda 2018,Spain,Castilla y León,Abadia Retuerta,4.2,35.87,2018.0,Mid
Gewürztraminer 2018,Italy,Südtirol - Alto Adige,Peter Zemmer,3.9,12.9,2018.0,Economy
Chardonnay (Barrel Fermented) 2017,South Africa,Breede River Valley,Bergsig Estate,3.8,13.75,2017.0,Economy
Douro Branco 2017,Portugal,Douro,Lavradores de Feitoria,3.5,4.95,2017.0,Budget
Rully Blanc 2018,France,Rully,Joseph Drouhin,3.9,19.02,2018.0,Economy
Chardonnay (Unwooded) 2019,South Africa,Western Cape,Leopard’s Leap,3.8,7.2,2019.0,Budget
Pinot Grigio 2018,United States,California,Gallo Family Vineyards,3.2,6.3,2018.0,Budget
Kiedricher Riesling Trocken 2018,Germany,Rheingau,Robert Weil,4.0,17.5,2018.0,Economy
Chardonnay Bourgogne 2018,France,Bourgogne,Labouré-Roi,3.6,12.99,2018.0,Economy
Alteni di Brassica Langhe 2016,Italy,Langhe,Gaja,4.2,109.0,2016.0,Luxury
Castello della Sala Bramìto Chardonnay 2019,Italy,Umbria,Antinori,3.9,18.85,2019.0,Economy
Sauvignon Blanc 2017,Israel,Galilee,Gamla,3.7,12.81,2017.0,Economy
Les Maranches Mâcon-Uchizy 2014,France,Mâcon-Uchizy,Les Héritiers du Comte Lafon,3.7,31.18,2014.0,Mid
Sauvignon Blanc 2015,Italy,Venezia Giulia,di Lenardo,3.7,9.69,2015.0,Budget
Brezza Umbria Bianco 2019,Italy,Umbria,Lungarotti,4.1,6.13,2019.0,Budget
Riesling Smaragd Achleiten 2018,Austria,Wachau,Domäne Wachau,4.2,26.18,2018.0,Mid
Vernaccia di San Gimignano Riserva 2012,Italy,Vernaccia di San Gimignano,Panizzi,4.0,19.4,2012.0,Economy
Riesling Trocken 2018,Germany,Pfalz,Heinrich Vollmer,3.4,5.52,2018.0,Budget
Abbazia di Rosazzo 2013,Italy,Friuli-Venezia Giulia,Livio Felluga,4.1,38.92,2013.0,Mid
Riesling Trocken 2018,Germany,Mosel,Dr. Loosen,3.8,8.5,2018.0,Budget
Schiefergestein Bockenauer Riesling Trocken 2016,Germany,Nahe,Schäfer-Fröhlich,3.9,19.11,2016.0,Economy
Essence du Cap Chardonnay 2017,South Africa,Western Cape,Fleur du Cap,3.3,11.02,2017.0,Economy
Pievecroce 2017,Italy,Lugana,Costaripa,3.7,11.9,2017.0,Economy
Pietragrande Bianco 2018,Italy,Trentino,Tenuta Margon,3.7,10.99,2018.0,Economy
Pecan Stream Chenin Blanc 2018,South Africa,Stellenbosch,Waterford Estate,3.7,9.9,2018.0,Budget
Chablis Premier Cru 'Vau de Vey' 2017,France,Chablis 1er Cru 'Vau de Vey',Jean-Marc Brocard,4.1,29.55,2017.0,Mid
Puligny-Montrachet 2015,France,Puligny-Montrachet,Faiveley,4.2,58.9,2015.0,Premium
Collio Sauvignon 2016,Italy,Collio,Schiopetto,3.9,17.9,2016.0,Economy
Catarratto 2017,Italy,Sicilia,Cusumano,3.4,6.62,2017.0,Budget
Siefersheim Porphyr Riesling 2016,Germany,Rheinhessen,Wagner-Stempel,3.8,20.88,2016.0,Mid
Grauburgunder 2019,Germany,Pfalz,Schneider,4.0,10.9,2019.0,Economy
Châteauneuf-du-Pape Blanc 2016,France,Châteauneuf-du-Pape,Domaine de Beaurenard,4.0,49.0,2016.0,Mid
Sémillon 2015,South Africa,Franschhoek,Boekenhoutskloof,3.9,36.11,2015.0,Mid
Grillo Sicilia 2019,Italy,Sicilia,Feudo Arancio,3.6,5.75,2019.0,Budget
Sauvignon Blanc 2018,United States,Rutherford,Round Pond Estate,4.1,27.29,2018.0,Mid
Chardonnay Leithaberg 2013,Austria,Neusiedlersee-Hügelland,Heinrich,3.6,12.0,2013.0,Economy
Ruppertsberger Reiterpfad Riesling 2015,Germany,Pfalz,Von Winning,4.1,20.95,2015.0,Mid
Weissburgunder 2017,Italy,Südtirol - Alto Adige,Colterenzio (Schreckbichl),3.8,9.21,2017.0,Budget
Chardonnay Sicilia 2017,Italy,Sicilia,Feudo Arancio,3.4,7.44,2017.0,Budget
Sancerre Blanc 2018,France,Sancerre,Château de Sancerre,4.0,20.36,2018.0,Mid
Sauvignon Blanc 2019,New Zealand,Marlborough,Babich,3.9,10.63,2019.0,Economy
Lugana 2019,Italy,Lugana,Cà Maiol,3.6,9.75,2019.0,Budget
Falanghina Irpinia Morabianca 2018,Italy,Irpinia,Mastroberardino,3.8,9.52,2018.0,Budget
Rioja Satinela Blanco Semidulce 2018,Spain,Rioja,Marqués de Cáceres,3.7,6.29,2018.0,Budget
Saulheimer Riesling Kalkstein 2016,Germany,Rheinhessen,Thörle,3.9,12.18,2016.0,Economy
The King's Favour Sauvignon Blanc 2016,New Zealand,Marlborough,The Kings Series,4.1,28.4,2016.0,Mid
Chardonnay 2015,United States,Washington,Stimson Estate Cellars,3.4,8.99,2015.0,Budget
Brauneberger Juffer Riesling Kabinett 2018,Germany,Brauneberg,Fritz Haag,3.9,15.2,2018.0,Economy
Blanco 2018,Spain,Costers del Segre,La Boscana,3.8,8.19,2018.0,Budget
Dão Reserva Branco 2018,Portugal,Dão,Cabriz,3.8,12.3,2018.0,Economy
Trabocchetto Pecorino 2018,Italy,Colline Pescaresi,Talamonti,4.0,10.35,2018.0,Economy
Exultet Fiano di Avellino 2014,Italy,Fiano de Avellino,Quintodecimo,4.1,37.83,2014.0,Mid
Biancosesto 2013,Italy,Colli Orientali del Friuli,La Tunella,3.9,19.49,2013.0,Economy
Clos Mireille Blanc de Blancs 2018,France,Côtes de Provence,Domaines Ott,4.0,27.5,2018.0,Mid
Classic Gewürztraminer 2016,France,Alsace,Hugel,3.7,14.75,2016.0,Economy
Bourgogne Aligoté 2016,France,Bourgogne Aligoté,Olivier Leflaive,3.8,14.5,2016.0,Economy
Barrel Selection Chardonnay 2019,Argentina,Uco Valley,Salentein,3.9,12.9,2019.0,Economy
Dão Colheita Seleccionada White 2019,Portugal,Dão,Cabriz,3.8,7.27,2019.0,Budget
Coste a Preola Grillo 2018,Italy,Sicilia,Tenuta Gorghi Tondi,4.0,8.72,2018.0,Budget
Pansa Blanca 2016,Spain,Alella,Alta Alella,3.5,9.0,2016.0,Budget
Chardonnay 2018,South Africa,Durbanville,Durbanville Hills,3.5,18.19,2018.0,Economy
Podfuck 2016,Czech Republic,Morava,Milan Nestarec,4.0,28.9,2016.0,Mid
Les Chailloux Silex Pouilly-Fumé 2016,France,Pouilly-Fumé,Domaine Chatelain,3.8,14.1,2016.0,Economy
Chardonnay 2015,South Africa,Stellenbosch,Thelema,3.7,15.95,2015.0,Economy
Pošip 2018,Croatia,Dalmatian Coast,Stina,4.2,22.2,2018.0,Mid
Pouco-Comum Alvarinho 2019,Portugal,Minho,Quinta da Lixa,3.8,10.47,2019.0,Economy
Vinho Verde 2019,Portugal,Vinho Verde,Casa de Vila Nova,3.7,5.16,2019.0,Budget
Vinho Verde Branco 2019,Portugal,Vinho Verde,Quinta de Azevedo,3.7,7.06,2019.0,Budget
Garnacha Blanca 2017,Spain,Terra Alta,La Picossa,3.2,9.34,2017.0,Budget
Pinot Grigio delle Venezie 2019,Italy,delle Venezie,Bolla,3.5,5.99,2019.0,Budget
Max Reserva Sauvignon Blanc 2016,Chile,Aconcagua Valley,Errazuriz,3.7,14.9,2016.0,Economy
Welschriesling Trocken 2017,Austria,Burgenland,Kracher,3.7,11.99,2017.0,Economy
Sauvignon Blanc 2019,South Africa,Stellenbosch,Rustenberg,3.8,12.5,2019.0,Economy
Fiano Salento Acante 2018,Italy,Salento,Castello Monaci,3.9,7.2,2018.0,Budget
San Vincenzo 2019,Italy,Veneto,Anselmi,4.0,9.6,2019.0,Budget
Gewürztraminer 2019,Italy,Südtirol - Alto Adige,Elena Walch,4.0,17.35,2019.0,Economy
Alentejano Reserva Branco 2016,Portugal,Alentejano,Herdade dos Grous,4.1,24.37,2016.0,Mid
Goldberg Riesling 2015,Germany,Wawern,Van Volxem,3.9,26.95,2015.0,Mid
Petit Clos Sauvignon Blanc 2018,New Zealand,Marlborough,Clos Henri Vineyard,3.6,12.2,2018.0,Economy
Unwooded Chardonnay 2017,South Africa,Durbanville,Diemersdal,3.6,10.75,2017.0,Economy
Chante-Alouette Hermitage Blanc 2017,France,Hermitage,M. Chapoutier,4.3,58.1,2017.0,Premium
Blanco 2018,Spain,Rioja,Baron de Ley,3.5,6.35,2018.0,Budget
Rheinschiefer Hallgarten Riesling Trocken 2016,Germany,Rheingau,Peter Jakob Kühn,3.8,15.1,2016.0,Economy
Jacobus Riesling Trocken 2018,Germany,Rheingau,Peter Jakob Kühn,3.8,12.18,2018.0,Economy
Quarzit Riesling Trocken 2017,Germany,Rheingau,Peter Jakob Kühn,4.0,17.06,2017.0,Economy
Signature Chardonnay 2019,South Africa,Stellenbosch,Spier,3.6,6.95,2019.0,Budget
Riesling Trocken 2018,Germany,Rheinhessen,Knewitz,3.5,8.64,2018.0,Budget
Falanghina 2019,Italy,Falanghina del Sannio,Feudi di San Gregorio,3.6,9.24,2019.0,Budget
Alb de Petro Vaselo 2017,Romania,Recas,Petro Vaselo,3.8,9.5,2017.0,Budget
Bourgogne Chardonnay 2017,France,Bourgogne,Faiveley,3.8,13.9,2017.0,Economy
Les Fumées Blanches 2019,France,Vin de France,François Lurton,3.5,7.89,2019.0,Budget
Clos du Papillon Savennières 2015,France,Savennières,Domaine du Closel - Château des Vaults,4.0,67.45,2015.0,Premium
Critone Bianco 2019,Italy,Val di Neto,Librandi,4.0,7.9,2019.0,Budget
Hohen-Sülzen Riesling 2018,Germany,Rheinhessen,Battenfeld Spanier,3.9,17.5,2018.0,Economy
Grillo Costadune 2018,Italy,Sicilia,Mandrarossa,3.5,6.0,2018.0,Budget
L'Églantière Chablis 2018,France,Chablis,Jean Durup,3.9,16.46,2018.0,Economy
Chablis 1er Cru 'Montee de Tonnerre' 2016,France,Chablis 1er Cru 'Montee de Tonnerre',Billaud-Simon,4.1,42.8,2016.0,Mid
SL Riesling Trocken 2018,Germany,Mosel,Schloss Lieser,3.8,8.4,2018.0,Budget
Sinais Sauvignon Blanc 2016,Brazil,Serra Gaúcha,Don Guerino,3.4,11.65,2016.0,Economy
Gavi 2019,Italy,Gavi,La Battistina,3.8,11.99,2019.0,Economy
Génération Dix-Neuf Sancerre 2013,France,Sancerre,Alphonse Mellot,4.1,38.89,2013.0,Mid
Dalila Riserva 2016,Italy,Sicilia,Feudo Arancio,3.8,9.12,2016.0,Budget
Armantes Macabeo 2017,Spain,Calatayud,San Gregorio,3.7,6.09,2017.0,Budget
Greco Di Tufo 2019,Italy,Greco di Tufo,Feudi di San Gregorio,3.8,11.45,2019.0,Economy
Estate Chardonnay 2018,Australia,Clare Valley,Taylors / Wakefield,3.9,9.5,2018.0,Budget
Bechtheimer Riesling 2015,Germany,Rheinhessen,Dreissigacker,3.9,18.0,2015.0,Economy
Sauvignon Blanc 2018,United States,Russian River Valley,Merry Edwards,4.5,60.19,2018.0,Premium
Armador Sauvignon Blanc 2018,Chile,Casablanca Valley,Odfjell,3.6,9.85,2018.0,Budget
Etna Santo Spirito Bianco 2017,Italy,Etna,Tenuta delle Terre Nere,3.9,31.63,2017.0,Mid
Vieilles Vignes Châteauneuf-du-Pape Blanc 2014,France,Châteauneuf-du-Pape,Château de Beaucastel,4.6,135.5,2014.0,Luxury
Director's Chardonnay 2017,United States,Sonoma Coast,Francis Ford Coppola,3.8,17.5,2017.0,Economy
Canava Chrissou Tselepos Santorini Vieilles Vignes 2017,Greece,Santorini,Κτημα Τσελεπου (Ktima Tselepos),4.1,29.5,2017.0,Mid
Les Maranches Mâcon-Uchizy 2016,France,Mâcon-Uchizy,Les Héritiers du Comte Lafon,3.8,25.9,2016.0,Mid
Alteni di Brassica Langhe 2014,Italy,Langhe,Gaja,4.2,95.06,2014.0,Premium
Chenin Blanc (La Cotte Mill) 2018,South Africa,Franschhoek,Franschhoek Cellar,3.4,6.95,2018.0,Budget
Einstern Pinot Blanc 2015,Germany,Mosel,Markus Molitor,4.0,18.95,2015.0,Economy
Therese Sauvignon Blanc 2017,Austria,Südsteiermark,Weingut Erich & Walter Polz,4.1,27.5,2017.0,Mid
Sauvignon Blanc 2019,South Africa,Walker Bay,Creation,3.9,11.99,2019.0,Economy
Chardonnay - Fiano 2018,Italy,Puglia,Epicuro,3.4,6.89,2018.0,Budget
Unwooded Chardonnay 2019,South Africa,Durbanville,Diemersdal,3.5,9.9,2019.0,Budget
Pouilly-Fuissé 2018,France,Pouilly-Fuissé,Joseph Drouhin,3.9,22.32,2018.0,Mid
La Comtesse de Pazo Barrantes Albariño 2013,Spain,Rías Baixas,Pazo Barrantes,4.1,51.68,2013.0,Premium
Sauvignon Blanc 2018,Germany,Rheinhessen,Knewitz,4.0,10.88,2018.0,Economy
Trebbiano d'Abruzzo 2015,Italy,Trebbiano d'Abruzzo,Valentini,4.4,121.25,2015.0,Luxury
Goldberg Riesling 2016,Germany,Wawern,Van Volxem,4.0,26.47,2016.0,Mid
Chardonnay 2018,United States,California,Canyon Road,3.3,6.21,2018.0,Budget
Chenin Blanc 2019,South Africa,Stellenbosch,Welmoed,3.5,6.3,2019.0,Budget
Spring Fever Chardonnay 2017,Australia,Eden Valley,Langmeil,3.8,12.19,2017.0,Economy
Crescentia Rauenthaler Baiken Riesling Trocken 2018,Germany,Rheingau,Kloster Eberbach,3.9,16.09,2018.0,Economy
Chassagne-Montrachet Blanc 2014,France,Chassagne-Montrachet,Domaine Michel Niellon,4.1,49.95,2014.0,Mid
Cellar Selection Sauvignon Blanc 2019,New Zealand,Marlborough,Villa Maria,3.9,14.99,2019.0,Economy
Just Riesling! 2018,Germany,Nahe,Gut Hermannsberg,3.7,8.9,2018.0,Budget
Sauvignon Blanc 2017,United States,Central Coast,Robert Mondavi Private Selection,3.6,11.99,2017.0,Economy
Prestige Blanc 2018,France,Côtes de Provence,Minuty,4.1,20.99,2018.0,Mid
Paradies Lieblingssünde Grauburgunder 2018,Germany,Pfalz,J. W. Huesgen,3.8,9.24,2018.0,Budget
Sauvignon Blanc 2018,Italy,Friuli-Venezia Giulia,Attems,3.8,13.71,2018.0,Economy
Malvasia Seco 2018,Spain,Lanzarote,El Grifo,3.9,15.49,2018.0,Economy
Pouilly-Vinzelles 2017,France,Pouilly-Vinzelles,Joseph Drouhin,3.8,19.39,2017.0,Economy
Sauvignon Blanc 2017,United States,California,Gallo Family Vineyards,3.3,6.31,2017.0,Budget
Lafóa Sauvignon 2018,Italy,Südtirol - Alto Adige,Colterenzio (Schreckbichl),4.1,23.88,2018.0,Mid
Pecorino (Unico) 2019,Italy,Terre di Chieti,Tenuta Ulisse,3.9,8.72,2019.0,Budget
Heytesbury Chardonnay 2017,Australia,Margaret River,Vasse Felix,4.1,65.79,2017.0,Premium
Pinot Grigio 2015,Italy,Südtirol - Alto Adige,Kurtatsch (Cortaccia),3.5,11.02,2015.0,Economy
Chardonnay 2018,South Africa,Paarl,La Motte Wine Estate,3.6,13.99,2018.0,Economy
Mâcon-Lugny Les Genievres 2018,France,Mâcon-Lugny,Louis Latour,3.9,10.63,2018.0,Economy
Beaune 1er Cru 'Clos des Mouches' Blanc 2016,France,Beaune 1er Cru 'Le Clos des Mouches',Joseph Drouhin,4.5,129.0,2016.0,Luxury
Riesling Trocken 2016,Germany,Nahe,Schäfer-Fröhlich,3.8,10.93,2016.0,Economy
Viognier 2018,Argentina,Uco Valley,DiamAndes,3.9,15.99,2018.0,Economy
Riesling 2017,France,Alsace,Marcel Deiss,3.8,23.9,2017.0,Mid
Noon Gun Chenin Blanc - Sauvignon Blanc - Viognier 2016,South Africa,Western Cape,Flagstone,3.6,7.6,2016.0,Budget
Custoza 2018,Italy,Bianco di Custoza,Gorgo,3.9,7.9,2018.0,Budget
Via Colțul Pietrei Sauvignon Blanc 2017,Romania,Dealu Mare,Vitis Metamorfosis,4.0,11.5,2017.0,Economy
Condrieu Invitare 2017,France,Condrieu,M. Chapoutier,4.1,47.37,2017.0,Mid
Riesling Trocken 2018,Germany,Pfalz,Dr. Bürklin-Wolf,3.7,10.46,2018.0,Economy
Sauvignon Blanc 2019,New Zealand,Marlborough,Misty Cove,3.8,9.25,2019.0,Budget
Sauvignon Blanc 2019,New Zealand,Marlborough,Fernlands,4.3,9.2,2019.0,Budget
La Oveja Negra Verdejo 2018,Spain,Castilla,Bodegas Parra Jimenez,4.0,6.32,2018.0,Budget
Châteauneuf-du-Pape Blanc 2017,France,Châteauneuf-du-Pape,Château de Beaucastel,4.3,73.11,2017.0,Premium
Sauvignon Blanc 2018,United States,California,Gallo Family Vineyards,3.5,6.3,2018.0,Budget
Riesling - Muscat - Pinot Gris Alsace (W)3 2016,France,Alsace,Wolfberger,3.7,8.28,2016.0,Budget
Terramatter Alvarinho 2017,Portugal,Monção e Melgaço,Soalheiro,4.0,18.03,2017.0,Economy
Colle dei Tigli Bianco del Veneto 2019,Italy,Veneto,Lenotti,3.9,5.1,2019.0,Budget
Cuvée Dalis 2018,Italy,Vigneti delle Dolomiti,Endrizzi,3.9,8.72,2018.0,Budget
Alteni di Brassica Langhe 2015,Italy,Langhe,Gaja,4.4,95.06,2015.0,Premium
Pinot Grigio 2018,United States,Napa Valley,Barefoot,3.5,6.0,2018.0,Budget
Chardonnay 2019,South Africa,Stellenbosch,Zonnebloem,3.3,7.85,2019.0,Budget
Sauvignon Blanc 2018,South Africa,Stellenbosch,Thelema,3.6,12.45,2018.0,Economy
Caroline Graves 2011,France,Graves,Château de Chantegrive,3.8,23.0,2011.0,Mid
Sauvignon Blanc I 2016,Germany,Pfalz,Von Winning,3.9,19.45,2016.0,Economy
Ürziger Würzgarten Riesling Kabinett 2016,Germany,Mosel,Markus Molitor,3.9,15.4,2016.0,Economy
Chardonnay 2018,France,Pays d'Oc,Domaines Astruc,3.7,6.5,2018.0,Budget
Viognier Secret de Famille 2018,France,Rhone Valley,Paul Jaboulet Aîné,3.8,9.3,2018.0,Budget
Pazo de Seoane Rosal 2018,Spain,Rías Baixas,Lagar de Cervera,3.8,12.53,2018.0,Economy
Greco di Tufo 2018,Italy,Greco di Tufo,Vesevo,3.8,9.25,2018.0,Budget
K-Naia 2019,Spain,Rueda,Naia,3.9,8.8,2019.0,Budget
Clos Sainte Hune Riesling Alsace 2012,France,Alsace,Trimbach,4.5,193.03,2012.0,Luxury
Aile d'Argent Blanc Bordeaux 2016,France,Bordeaux,Château Mouton Rothschild,4.1,100.0,2016.0,Premium
Heytesbury Chardonnay 2016,Australia,Margaret River,Vasse Felix,4.2,72.73,2016.0,Premium
Vigne di Catullo Riserva Lugana 2015,Italy,Lugana,Roveglia,4.1,15.69,2015.0,Economy
Forte Alto Pinot Grigio 2019,Italy,Vigneti delle Dolomiti,Mezzacorona,3.9,4.4,2019.0,Budget
Malterdinger 2017,Germany,Baden,Bernhard Huber,4.0,18.0,2017.0,Economy
Diamond Collection Chardonnay (Gold Label) 2018,United States,Central Coast,Francis Ford Coppola,3.7,18.9,2018.0,Economy
Lafóa Chardonnay 2018,Italy,Südtirol - Alto Adige,Colterenzio (Schreckbichl),4.3,24.27,2018.0,Mid
Pierneef Collection Sauvignon Blanc 2018,South Africa,Franschhoek,La Motte Wine Estate,3.7,14.95,2018.0,Economy
Rabigato 2016,Portugal,Douro,CARM,3.8,14.52,2016.0,Economy
Sauvignon Blanc Trocken 2016,Germany,Pfalz,Knipser,3.7,9.8,2016.0,Budget
Goruli Mtsvane 2014,Georgia,Kakheti,Mukhrani,3.8,8.95,2014.0,Budget
Riesling Trocken 2019,Germany,Nahe,Dönnhoff,3.7,9.95,2019.0,Budget
Sauvignon Blanc 2018,South Africa,Groenekloof,Neil Ellis,3.7,10.85,2018.0,Economy
Professor Black 2017,South Africa,Stellenbosch,Warwick,4.1,24.9,2017.0,Mid
The Anchorman 2017,South Africa,Coastal Region,Nederburg,3.9,17.16,2017.0,Economy
Chardonnay 2017,South Africa,Stellenbosch,Tokara,3.6,10.5,2017.0,Economy
Château Grenouilles Chablis Grand Cru 2015,France,Chablis Grand Cru,La Chablisienne,4.3,54.0,2015.0,Premium
875m Finca Carbonera Chardonnay 2018,Spain,Rioja,El Coto,3.7,11.49,2018.0,Economy
Gavi 2018,Italy,Gavi,La Toledana,3.7,13.8,2018.0,Economy
Chardonnay Somontano 2019,Spain,Somontano,Viñas del Vero,3.6,8.29,2019.0,Budget
Fumé Sauvignon Blanc 2017,Germany,Pfalz,Oliver Zeter,3.9,16.52,2017.0,Economy
Evenstad Reserve Chardonnay 2015,United States,Dundee Hills,Domaine Serene,4.2,74.0,2015.0,Premium
Chablis Tête d'Or 2016,France,Chablis,Billaud-Simon,4.0,24.27,2016.0,Mid
Vermentino Toscana 2018,Italy,Toscana,Aia Vecchia,3.7,7.41,2018.0,Budget
Vigna Kastelaz Gewürztraminer 2015,Italy,Südtirol - Alto Adige,Elena Walch,4.2,31.91,2015.0,Mid
The Olive Grove Chardonnay 2018,Australia,McLaren Vale,d'Arenberg,3.8,9.95,2018.0,Budget
Graacher Himmelreich Riesling Kabinett 2017,Germany,Graach,Joh. Jos. Prüm,4.1,21.83,2017.0,Mid
Chardonnay Penedès Vinya Gigi 2016,Spain,Penedès,Jean Leon,3.8,21.99,2016.0,Mid
Chardonnay - Pinot Noir 2019,South Africa,Franschhoek,Haute Cabrière,3.8,9.9,2019.0,Budget
Schiefer Riesling 2018,Germany,Mosel,Van Volxem,3.8,9.72,2018.0,Budget
The First Lady Chardonnay 2019,South Africa,Stellenbosch,Warwick,3.7,8.5,2019.0,Budget
Samas 2018,Italy,Isola dei Nuraghi,Punica,3.9,11.89,2018.0,Economy
Sancerre Blanc 2019,France,Sancerre,Bernard Reverdy & Fils,3.8,17.45,2019.0,Economy
Mâcon-La Roche-Vineuse 2015,France,Mâcon-La Roche-Vineuse,Château de la Greffière,3.7,9.6,2015.0,Budget
Vineyards Sauvignon Blanc 2019,Argentina,Mendoza,Trapiche,3.3,5.25,2019.0,Budget
Oak Cask Chardonnay 2019,Argentina,Mendoza,Trapiche,3.7,7.36,2019.0,Budget
Sauvignon Blanc 2019,South Africa,Coastal Region,Protea,3.7,8.95,2019.0,Budget
Piano Maltese Sicillane 2018,Italy,Terre Siciliane,Tenuta Rapitalà,3.7,9.39,2018.0,Budget
Soave Classico 2016,Italy,Soave,Zenato,3.4,5.74,2016.0,Budget
Sauvignon Blanc 2019,Chile,Casablanca Valley,Los Vascos,3.4,10.45,2019.0,Economy
Bianco di Custoza 2016,Italy,Bianco di Custoza,Zenato,3.3,6.58,2016.0,Budget
Max Reserva Sauvignon Blanc 2015,Chile,Aconcagua Valley,Errazuriz,3.7,14.5,2015.0,Economy
Collection Secrète White 2015,Georgia,Kakheti,Mukhrani,3.9,23.45,2015.0,Mid
Chardonnay 2019,Australia,South Eastern Australia,Banrock Station,3.8,5.79,2019.0,Budget
Tascante Carricante Sicilia Buonora 2013,Italy,Terre Siciliane,Tasca d'Almerita,3.6,13.1,2013.0,Economy
Pinot Bianco Moriz 2018,Italy,Südtirol - Alto Adige,Tramin,3.8,11.51,2018.0,Economy
Terre di Valfredda Pinot Grigio 2017,Italy,Trentino,Cà Montini,3.8,10.29,2017.0,Economy
Harmonie de Gascogne Blanc 2019,France,Côtes de Gascogne,Domaine de Pellehaut,3.9,5.52,2019.0,Budget
Collio Sauvignon 2018,Italy,Collio,Marco Felluga,3.7,12.33,2018.0,Economy
Cellar Selection Sauvignon Blanc 2019,South Africa,Western Cape,Kleine Zalze,3.6,8.5,2019.0,Budget
Sauvignon Blanc (Statue de Femme) 2018,South Africa,Franschhoek,Franschhoek Cellar,3.7,6.95,2018.0,Budget
Chardonnay Reserva 2018,Chile,Casablanca Valley,Veramonte,3.7,8.41,2018.0,Budget
Villa Angela Pecorino Offida 2018,Italy,Offida,Velenosi,3.8,10.49,2018.0,Economy
Chablis 2018,France,Chablis,Domaine Hamelin,3.8,15.8,2018.0,Economy
Vieilles Vignes Chardonnay 2018,France,Val de Loire,Moulin d'Argent,3.7,8.59,2018.0,Budget
Alte Reben Riesling 2016,Germany,Rheinhessen,Dreissigacker,3.7,13.99,2016.0,Economy
Alte Reben Riesling 2017,Germany,Mosel,Van Volxem,4.1,17.7,2017.0,Economy
Puglia I Muri Bianco 2018,Italy,Puglia,Vigneti del Salento,3.8,6.95,2018.0,Budget
Adobe Sauvignon Blanc (Reserva) 2019,Chile,Casablanca Valley,Emiliana,3.8,8.45,2019.0,Budget
Graue Freyheit 2017,Austria,Neusiedlersee,Heinrich,4.0,29.0,2017.0,Mid
Côté Chardonnay - Sauvignon 2018,France,Gascogne,Domaine du Tariquet,3.9,8.95,2018.0,Budget
Riesling Alsace Sélection de Vieilles Vignes 2016,France,Alsace,Trimbach,3.9,26.18,2016.0,Mid
Louis Mel Sauvignon Blanc 2017,United States,Livermore Valley,Wente,3.7,12.23,2017.0,Economy
Rioja Viura 2018,Spain,Rioja,Beronia,3.6,6.69,2018.0,Budget
Venezia Giulia Jurosa (Chardonnay) 2016,Italy,Venezia Giulia,Lis Neris,4.1,31.18,2016.0,Mid
Gran Viña Sol Chardonnay 2018,Spain,Penedès,Torres,3.5,8.89,2018.0,Budget
Pecorino Castello Di Semivicoli 2018,Italy,Abruzzo,Masciarelli,3.9,13.39,2018.0,Economy
Garnacha Blanca 2018,Spain,Terra Alta,La Picossa,3.5,8.92,2018.0,Budget
Verdejo 2018,Spain,Rueda,The Tapas Wine Collection,3.7,7.53,2018.0,Budget
Molin Lugana 2018,Italy,Lugana,Cà Maiol,4.0,14.8,2018.0,Economy
Bourgogne Couvent Des Jacobins Blanc 2018,France,Bourgogne,Louis Jadot,3.9,16.48,2018.0,Economy
Unoaked Chardonnay 2019,Argentina,Tupungato,Domaine Bousquet,3.9,7.32,2019.0,Budget
Eve Chardonnay 2017,United States,Ancient Lakes of Columbia Valley,Charles Smith,3.2,13.16,2017.0,Economy
Mâcon-Milly-Lamartine 2017,France,Mâcon-Milly-Lamartine,Les Héritiers du Comte Lafon,4.0,20.9,2017.0,Mid
Gewürztraminer 2019,Italy,Südtirol - Alto Adige,St. Michael-Eppan,3.9,10.9,2019.0,Economy
Gavi Valentino 2018,Italy,Gavi,La Scolca,3.8,10.9,2018.0,Economy
Venezia Giulia Lis 2015,Italy,Venezia Giulia,Lis Neris,4.1,53.58,2015.0,Premium
Viura - Chardonnay 2019,Spain,Vino de España,Terra Linda,3.7,6.5,2019.0,Budget
Hensel Und Gretel White 2018,Germany,Pfalz,Schneider,4.1,13.5,2018.0,Economy
Adrianna Vineyard White Bones Chardonnay 2016,Argentina,Mendoza,Catena Zapata,4.5,86.95,2016.0,Premium
Federspiel Riesling 2011,Austria,Wachau,Nikolaihof,3.9,26.5,2011.0,Mid
Mâcon-Villages 2015,France,Mâcon-Villages,Les Héritiers du Comte Lafon,3.8,22.22,2015.0,Mid
Bernkasteler Badstube Riesling Kabinett 2011,Germany,Bernkastel,Joh. Jos. Prüm,3.9,22.69,2011.0,Mid
Collection Unique 2018,France,Côtes de Gascogne,Uby,3.9,5.8,2018.0,Budget
Graacher Himmelreich Riesling Kabinett 2018,Germany,Graach,Joh. Jos. Prüm,4.2,21.21,2018.0,Mid
Alta Colección Pinot Gris 2018,Argentina,Uco Valley,Bodega Piedra Negra,3.7,8.99,2018.0,Budget
Terroir Series Sauvignon Blanc 2018,New Zealand,Marlborough,Brancott Estate,4.0,9.99,2018.0,Budget
Quintaluna 2018,Spain,Castilla y León,Ossian,3.8,13.48,2018.0,Economy
Pinot Grigio 2018,Italy,Südtirol - Alto Adige,Andrian,4.1,16.13,2018.0,Economy
Altozano Verdejo - Sauvignon Blanc 2018,Spain,Castilla,Finca Constancia,3.4,5.75,2018.0,Budget
La Luciana Gavi 2018,Italy,Gavi,Araldica,3.7,10.51,2018.0,Economy
Mineral Riesling Trocken 2015,Germany,Nahe,Emrich-Schönleber,3.9,18.95,2015.0,Economy
Riesling Réserve 2018,France,Alsace,Lucien Albrecht,3.9,9.57,2018.0,Budget
Wehlener Klosterberg Pinot Blanc 2015,Germany,Mosel,Markus Molitor,4.2,25.95,2015.0,Mid
Benchmark Chardonnay 2017,Australia,Barossa,Grant Burge,3.3,7.51,2017.0,Budget
Grüner Veltliner Terrassen 2019,Austria,Niederösterreich,Leth,3.8,7.67,2019.0,Budget
Moscato 2018,United States,California,Gallo Family Vineyards,3.7,6.3,2018.0,Budget
Hereford Chardonnay 2019,Argentina,Mendoza,Bodegas la Rosa,3.4,5.53,2019.0,Budget
Fantini Trebbiano d’Abruzzo 2018,Italy,Trebbiano d'Abruzzo,Farnese,3.6,4.4,2018.0,Budget
Riesling Trocken 2018,Germany,Rheinhessen,K.Wechsler,3.8,8.61,2018.0,Budget
Alentejano Branco 2018,Portugal,Alentejano,Herdade dos Grous,3.8,10.9,2018.0,Economy
Bordeaux Blanc 2018,France,Bordeaux,Mouton Cadet,3.6,10.74,2018.0,Economy
Schiefersteil Riesling 2017,Germany,Mosel,Markus Molitor,3.8,11.89,2017.0,Economy
Sémillon - Chardonnay 2017,Australia,South Australia,Rawson's Retreat,3.3,7.95,2017.0,Budget
The Y Series Unwooded Chardonnay 2018,Australia,South Australia,Yalumba,3.6,13.82,2018.0,Economy
Etna Calderara Sottana Bianco 2017,Italy,Sicilia,Tenuta delle Terre Nere,4.1,26.9,2017.0,Mid
Tibó Blanco 2018,Spain,Valencia,De Moya,3.8,8.73,2018.0,Budget
Campanaro 2017,Italy,Irpinia,Feudi di San Gregorio,4.1,29.95,2017.0,Mid
Würzburger Stein Silvaner Trocken 2018,Germany,Franken,Bürgerspital,3.7,15.16,2018.0,Economy
Grande Cuvée Chablis 1er Cru 2017,France,Chablis Premier Cru,La Chablisienne,3.9,22.9,2017.0,Mid
Russian River Valley Chardonnay 2015,United States,Russian River Valley,DeLoach,3.7,32.0,2015.0,Mid
Clairette du Languedoc Adissan Art de Vivre 2018,France,Clairette de Languedoc,Gérard Bertrand,3.8,15.95,2018.0,Economy
Chablis 2015,France,Chablis,Chanson,3.7,27.15,2015.0,Mid
Colomba Platino 2018,Italy,Terre Siciliane,Duca di Salaparuta,3.5,11.35,2018.0,Economy
Viognier 2017,Argentina,Uco Valley,DiamAndes,3.9,16.84,2017.0,Economy
Benchmark Chardonnay 2018,Australia,Barossa,Grant Burge,3.3,7.6,2018.0,Budget
Chardonnay 2016,United States,Columbia Valley,Columbia Winery,3.6,14.62,2016.0,Economy
Grand Cru 2017,Italy,Terre Siciliane,Tenuta Rapitalà,4.2,19.9,2017.0,Economy
Chateau de Fontaine-Audon Sancerre 2018,France,Sancerre,Langlois-Chateau,3.9,19.9,2018.0,Economy
Te Arai Vineyard Chenin Blanc 2016,New Zealand,Gisborne,Millton,4.0,19.45,2016.0,Economy
Sauvignon Blanc 2019,South Africa,Stellenbosch,Tokara,3.6,10.95,2019.0,Economy
Sauvignon Blanc Trocken 2018,Germany,Pfalz,Knipser,3.9,10.6,2018.0,Economy
Chenin Blanc 2017,South Africa,Stellenbosch,Fleur du Cap,3.5,9.3,2017.0,Budget
Chardonnay 2018,Israel,Galilee,Yarden,4.2,14.9,2018.0,Economy
Prail Sauvignon 2017,Italy,Trentino-Alto Adige,Colterenzio (Schreckbichl),3.8,13.6,2017.0,Economy
Chardonnay 2016,Italy,Südtirol - Alto Adige,Tramin,3.6,8.6,2016.0,Budget
Pinot Grigio Alto Adige Castel Ringberg 2018,Italy,Südtirol - Alto Adige,Elena Walch,4.1,19.25,2018.0,Economy
Chardonnay 2018,Italy,Südtirol - Alto Adige,St. Michael-Eppan,3.7,11.9,2018.0,Economy
Altkirch Chardonnay 2018,Italy,Südtirol - Alto Adige,Colterenzio (Schreckbichl),3.5,10.23,2018.0,Economy
Gris 2017,Italy,Friuli Isonzo,Lis Neris,4.0,25.9,2017.0,Mid
Gris 2011,Italy,Friuli Isonzo,Lis Neris,4.0,39.69,2011.0,Mid
Tonschiefer Riesling Trocken 2017,Germany,Nahe,Dönnhoff,3.8,16.09,2017.0,Economy
Chardonnay 2017,Israel,Galilee,Gamla,3.5,13.82,2017.0,Economy
Gavi del Comune di Gavi 2018,Italy,Gavi,Bersano,3.8,11.45,2018.0,Economy
Blanco (Riesling - Torrontés) 2019,Argentina,Salta,Amalaya,3.8,7.13,2019.0,Budget
Sancerre D'Antan 2014,France,Sancerre,Henri Bourgeois,4.3,38.0,2014.0,Mid
Nussbaumer Gewürztraminer 2018,Italy,Südtirol - Alto Adige,Tramin,4.2,21.24,2018.0,Mid
Chenin Blanc 2019,South Africa,Swartland,Allesverloren,3.7,9.95,2019.0,Budget
Adènzia Bianco 2018,Italy,Sicilia,Baglio del Cristo di Campobello,4.0,12.06,2018.0,Economy
Chardonnay 2017,Chile,Casablanca Valley,Haras de Pirque,3.6,10.68,2017.0,Economy
Nussberg Wiener Gemischter Satz 2017,Austria,Wiener Gemischter Satz,Wieninger,3.9,24.12,2017.0,Mid
Rioja Satinela Blanco Semidulce 2019,Spain,Rioja,Marqués de Cáceres,4.1,6.29,2019.0,Budget
Roero Arneis 2018,Italy,Roero,Fontanafredda,3.6,7.08,2018.0,Budget
Domaine de L'Aigle Chardonnay Limoux 2017,France,Limoux,Gérard Bertrand,3.9,18.08,2017.0,Economy
Macon-Lugny 2018,France,Mâcon-Lugny,Louis Latour,3.8,13.55,2018.0,Economy
Zapallar Coast Sauvignon Blanc 2019,Chile,Aconcagua Valley,Outer Limits,4.2,14.89,2019.0,Economy
Riesling Terrassen 2017,Austria,Kamptal,Weingut Bründlmayer,3.7,13.25,2017.0,Economy
Terroir Littoral Chardonnay 2018,France,Pays d'Oc,Fortant,3.3,6.86,2018.0,Budget
Chardonnay 2019,France,Pays d'Oc,Laroche,3.4,8.45,2019.0,Budget
Vat 1 Sémillon 2012,Australia,Hunter Valley,Tyrrell's,3.9,33.92,2012.0,Mid
SL Riesling Trocken 2015,Germany,Mosel,Schloss Lieser,3.8,11.9,2015.0,Economy
Varietal Sauvignon Blanc 2017,Chile,Central Valley,Santa Helena,3.2,4.89,2017.0,Budget
Ribolla Gialla 2018,Italy,Venezia Giulia,Alturis,3.8,8.37,2018.0,Budget
Aussières Blanc (Chardonnay) 2018,France,Pays d'Oc,Château d’Aussières,3.6,7.9,2018.0,Budget
Ürziger Würzgarten Riesling Kabinett 2015,Germany,Mosel,Markus Molitor,3.8,15.4,2015.0,Economy
Alentejano Branco 2018,Portugal,Alentejo,Fitapreta,3.9,9.75,2018.0,Budget
Gavi del Comune di Gavi 2018,Italy,Gavi,Enrico Serafino,3.9,13.57,2018.0,Economy
Le Canon du Maréchal Muscat - Viognier 2018,France,Côtes Catalanes,Cazes,3.7,9.35,2018.0,Budget
Brognoligo Soave Classico 2018,Italy,Soave,Cecilia Beretta,3.9,10.21,2018.0,Economy
Misco Verdicchio dei Castelli di Jesi Classico Superiore 2017,Italy,Verdicchio dei Castelli di Jesi,Tenuta di Tavignano,4.0,13.9,2017.0,Economy
Chardonnay 2018,Argentina,Mendoza,Catena Alta,4.0,24.18,2018.0,Mid
Pouilly-Fumé 2017,France,Pouilly-Fumé,Le Domaine Saget,3.6,15.9,2017.0,Economy
Chardonnay Leithaberg 2014,Austria,Neusiedlersee-Hügelland,Heinrich,3.7,15.65,2014.0,Economy
Sauvignon Blanc 2019,New Zealand,Marlborough,The Cloud Factory,4.0,10.9,2019.0,Economy
Contea di Sclafani Nozze d'Oro Regaleali 2016,Italy,Contea di Sclafani,Tasca d'Almerita,3.8,13.39,2016.0,Economy
Sancerre Le MD De Bourgeois 2017,France,Sancerre,Henri Bourgeois,4.1,24.95,2017.0,Mid
Capellanía 2015,Spain,Rioja,Marqués de Murrieta,4.1,19.6,2015.0,Economy
Nisia Las Suertes Verdejo Old Vines 2016,Spain,Rueda,Ordóñez,4.1,19.95,2016.0,Economy
Chardonnay Unoaked (Select Terroir Reserva) 2017,Chile,Maipo Valley,Santa Ema,3.6,7.66,2017.0,Budget
Collection Unique 2019,France,Côtes de Gascogne,Uby,3.9,5.99,2019.0,Budget
Grainhubel Riesling GG 2015,Germany,Pfalz,Von Winning,4.1,29.95,2015.0,Mid
Chardonnay 2018,France,Pays d'Oc,La Chevalière,3.7,7.89,2018.0,Budget
Atrium Chardonnay 2017,Spain,Penedès,Torres,3.5,12.48,2017.0,Economy
Légende (R) Bordeaux Blanc 2018,France,Bordeaux,Barons de Rothschild (Lafite),3.6,9.9,2018.0,Budget
Sauvignon Blanc I 2017,Germany,Pfalz,Von Winning,3.8,19.45,2017.0,Economy
Sauvignon Blanc 2017,United States,North Coast,Spottswoode,4.0,36.9,2017.0,Mid
Grüner Veltliner Federspiel Weissenkirchen 2019,Austria,Wachau,Domäne Wachau,3.7,9.68,2019.0,Budget
Est! Est!! Est!!! di Montefiascone 2018,Italy,Est! Est!! Est!!! di Montefiascone,Falesco,3.1,6.9,2018.0,Budget
Insolia 2016,Italy,Terre Siciliane,Baglio di Pianetto,3.6,8.4,2016.0,Budget
Sauvignon Blanc 2019,South Africa,Western Cape,Two Oceans,3.2,4.9,2019.0,Budget
Jean Garde Unoaked Chardonnay 2018,South Africa,Western Cape,Boschendal,3.8,9.45,2018.0,Budget
Riesling Trocken 2016,Germany,Rheingau,Schloss Vollrads,3.8,10.69,2016.0,Economy
Crozes Hermitage Domaine Mule Blanche 2016,France,Crozes-Hermitage,Paul Jaboulet Aîné,3.9,38.68,2016.0,Mid
Sauvignon Côtes de Gascogne 2018,France,Côtes de Gascogne,Domaine du Tariquet,3.6,7.0,2018.0,Budget
Cellar Selection Sauvignon Blanc 2018,South Africa,Western Cape,Kleine Zalze,3.6,9.5,2018.0,Budget
Kiedrich Klosterberg Riesling Trocken 2018,Germany,Rheingau,Robert Weil,4.1,20.9,2018.0,Mid
Tonschiefer Riesling Trocken 2018,Germany,Nahe,Dönnhoff,3.8,13.9,2018.0,Economy
Chardonnay 2017,Austria,Carnuntum,Markowitsch,3.6,9.9,2017.0,Budget
Dome Chardonnay 2018,South Africa,Stellenbosch,Lourensford,3.6,12.49,2018.0,Economy
Two Blanc 2017,South Africa,Constantia,Constantia Glen,3.8,17.45,2017.0,Economy
Sauvignon Blanc 2019,New Zealand,Marlborough,Bishop's Leap,4.0,8.45,2019.0,Budget
Vire-Clessé 2014,France,Viré-Clessé,Les Héritiers du Comte Lafon,4.0,36.33,2014.0,Mid
Pecorino 2017,Italy,Terre di Chieti,Villamedoro,3.5,6.7,2017.0,Budget
Sauvignon Blanc 2018,South Africa,Stellenbosch,Welmoed,3.5,7.35,2018.0,Budget
Adrianna Vineyard White Stones Chardonnay 2015,Argentina,Mendoza,Catena Zapata,4.5,73.59,2015.0,Premium
Moscatel 2015,Chile,Itata Valley,Viña La Causa,3.6,10.99,2015.0,Economy
Chardonnay 2017,France,Pays d'Oc,Baron Philippe de Rothschild,3.4,8.69,2017.0,Budget
Riesling Trocken 2018,Germany,Mosel,Clemens Busch,3.8,12.4,2018.0,Economy
Wiener Gemischter 2018,Austria,Wiener Gemischter Satz,Mayer am Pfarrplatz,3.6,24.95,2018.0,Mid
Riesling Feinherb 2017,Germany,Mosel,Dr. Von Bassermann-Jordan,3.9,19.5,2017.0,Economy
Alentejano Branco 2017,Portugal,Alentejo,Fitapreta,3.8,12.48,2017.0,Economy
Fusion Gewürztraminer - Riesling 2017,Canada,Niagara-on-the-Lake,Pillitteri Estates,3.7,14.9,2017.0,Economy
Riesling Fructus 2018,Germany,Rheingau,Barth,3.8,10.38,2018.0,Economy
Godello 2018,Spain,Monterrei,Terras do Cigarrón,3.9,6.99,2018.0,Budget
Director's Reserve White 2016,South Africa,Stellenbosch,Tokara,4.2,28.5,2016.0,Mid
Anthìlia 2019,Italy,Sicilia,Donnafugata,3.8,8.45,2019.0,Budget
Danie de Wet Chardonnay 2018,South Africa,Robertson,De Wetshof,3.7,9.9,2018.0,Budget
Rubrica Branco 2014,Portugal,Alentejano,Luis Duarte,3.9,15.5,2014.0,Economy
Reserva Chardonnay 2016,Chile,Casablanca Valley,Santa Rita,3.5,9.65,2016.0,Budget
Chardonnay 2019,Chile,Central Valley,Valdivieso,3.4,7.75,2019.0,Budget
Lugana Vigneto Massoni 2019,Italy,Lugana,S. Cristina,4.2,9.9,2019.0,Budget
Buiten Blanc 2019,South Africa,Constantia,Buitenverwachting,3.6,6.99,2019.0,Budget
Mosel Alte Reben Riesling 2017,Germany,Mosel,Markus Molitor,3.9,17.8,2017.0,Economy
Terre Alte 2017,Italy,Rosazzo,Livio Felluga,4.3,45.0,2017.0,Mid
Noordhoek Sauvignon Blanc 2017,South Africa,Cape Town,Cape Point Vineyards,3.8,14.9,2017.0,Economy
Sauvignon Blanc 2019,South Africa,Constantia,Buitenverwachting,4.2,8.95,2019.0,Budget
Koetshuis Sauvignon Blanc 2018,South Africa,Durbanville,De Grendel,4.0,17.79,2018.0,Economy
Gran Selección Blanco 2019,Spain,Alicante,Marina Alta,3.9,5.8,2019.0,Budget
Black Label Sauvignon Blanc 2019,New Zealand,Marlborough,Babich,3.9,11.9,2019.0,Economy
Barrel Fermented Chenin Blanc 2018,South Africa,Stellenbosch,Stellenrust,4.0,18.42,2018.0,Economy
Zeltinger Himmelreich Riesling Kabinett 2016,Germany,Mosel,Markus Molitor,3.9,15.2,2016.0,Economy
Kiedrich Gräfenberg Riesling Trocken GG 2016,Germany,Rheingau,Robert Weil,4.2,41.87,2016.0,Mid
Rkatsiteli Supérieur 2015,Georgia,Kakheti,Mukhrani,3.6,14.95,2015.0,Economy
Côtes-du-Rhône Blanc 2018,France,Côtes-du-Rhône,E. Guigal,3.6,9.4,2018.0,Budget
Ruppertsberger Reiterpfad Riesling 2017,Germany,Pfalz,Von Winning,3.9,16.52,2017.0,Economy
G22 Blanc 2016,Spain,Bizkaiko Txakolina,Gorka Izagirre,3.8,13.99,2016.0,Economy
Sauvignon Blanc 2017,United States,Napa County,Twomey,3.9,39.69,2017.0,Mid
Le Volpare Soave Classico 2018,Italy,Soave,Tommasi,3.8,8.8,2018.0,Budget
Consigna Chardonnay Castilla 2018,Spain,Castilla,Félix Solís,3.5,4.9,2018.0,Budget
Chardonnay 2016,United States,Sonoma Valley,Kunde,3.9,18.5,2016.0,Economy
White Label Nik Weis Wiltinger Alte Reben 2018,Germany,Mosel,St. Urbans-Hof,4.0,15.99,2018.0,Economy
Pinot Grigio 2018,Italy,Trentino-Alto Adige,Cantina Kaltern,3.6,9.26,2018.0,Budget
Tokaji Dry 2018,Hungary,Tokaj,Château Dereszla,3.8,11.25,2018.0,Economy
SL Riesling Kabinett Trocken 2016,Germany,Mosel,Schloss Lieser,3.7,10.4,2016.0,Economy
Federspiel Riesling 2017,Austria,Wachau,Domäne Wachau,3.5,11.99,2017.0,Economy
Dogheria Pinot Bianco Rubicone 2017,Italy,Rubicone,Poderi dal Nespoli,3.8,10.27,2017.0,Economy
Meursault 2017,France,Meursault,Joseph Drouhin,4.2,56.54,2017.0,Premium
Bourgogne Aligoté 2018,France,Bourgogne Aligoté,Joseph Drouhin,3.6,10.62,2018.0,Economy
Chaminé Branco 2018,Portugal,Alentejano,Cortes de Cima,3.6,7.75,2018.0,Budget
Domaine de L'Aigle Chardonnay Limoux 2018,France,Limoux,Gérard Bertrand,4.1,17.99,2018.0,Economy
Blanc de Blancs 2017,Spain,Binissalem-Mallorca,Macià Batle,3.9,17.79,2017.0,Economy
Salmariano Castelli di Jesi Verdicchio Riserva Classico 2014,Italy,Verdicchio dei Castelli di Jesi Riserva,Marotti Campi,3.7,11.29,2014.0,Economy
Blanco 2014,Spain,Rioja,Hacienda López de Haro,3.4,8.69,2014.0,Budget
Chablis 2016,France,Chablis,Chanson,3.8,18.2,2016.0,Economy
Grüner Veltliner ZEISEN Weinviertel DAC 2018,Austria,Weinviertel,Weingut R&A Pfaffl,3.7,9.7,2018.0,Budget
Pinot Grigio 2018,Italy,Trentino-Alto Adige,Colterenzio (Schreckbichl),3.8,9.65,2018.0,Budget
Pinot Grigio delle Venezie 2018,Italy,delle Venezie,Lenotti,3.9,6.09,2018.0,Budget
Sauvignon Blanc 2015,United States,Central Coast,Robert Mondavi Private Selection,3.3,13.26,2015.0,Economy
Malterdinger 2016,Germany,Baden,Bernhard Huber,3.8,19.91,2016.0,Economy
Polish Hill Riesling 2018,Australia,Clare Valley,Grosset,3.9,35.9,2018.0,Mid
Zeltinger Sonnenuhr Riesling Auslese*** 2015,Germany,Mosel,Markus Molitor,4.5,117.95,2015.0,Luxury
Friulano 2018,Italy,Colli Orientali del Friuli,Livio Felluga,3.8,18.9,2018.0,Economy
Portillo Chardonnay 2019,Argentina,Uco Valley,Salentein,3.5,7.5,2019.0,Budget
Falanghina Beneventano 2018,Italy,Falanghina del Beneventano,Vesevo,3.8,6.45,2018.0,Budget
Blanc (Gaston Hochar) 2008,Lebanon,Bekaa Valley,Château Musar,3.8,32.07,2008.0,Mid
Pinot Grigio (Tralcetto) 2019,Italy,Terre di Chieti,Cantina Zaccagnini,4.0,8.73,2019.0,Budget
Special Cuvée Sauvignon Blanc 2019,South Africa,Robertson,Springfield Estate,4.1,12.89,2019.0,Economy
Wachenheimer Riesling 2017,Germany,Pfalz,Dr. Bürklin-Wolf,3.6,13.5,2017.0,Economy
Soave Classico 2018,Italy,Soave Classico,Montresor,3.4,5.6,2018.0,Budget
Lugana 2018,Italy,Lugana,Zonin,3.3,8.73,2018.0,Budget
Vire-Clessé 2016,France,Viré-Clessé,Les Héritiers du Comte Lafon,4.0,29.9,2016.0,Mid
Novellum Chardonnay 2018,France,Languedoc-Roussillon,Domaine Lafage,3.8,8.29,2018.0,Budget
Pouilly-Fumé 2018,France,Pouilly-Fumé,Château Favray,4.0,14.13,2018.0,Economy
Ürziger Würzgarten Riesling Spätlese 2016,Germany,Mosel,Markus Molitor,4.0,19.01,2016.0,Economy
Miss Lucy White Blend 2019,South Africa,Robertson,Springfield Estate,3.9,13.49,2019.0,Economy
Kalkundkiesel 2018,Austria,Burgenland,Claus Preisinger,4.2,15.89,2018.0,Economy
Sex Drugs & Rock'n Roll. Just Riesling For Me Thanks! 2017,Germany,Pfalz,Emil Bauer & Söhne,3.7,8.95,2017.0,Budget
Vermentino (Etichetta Nera/Black Label) 2018,Italy,Colli di Luni,Lvnae,4.0,19.5,2018.0,Economy
W... Dreams Bianco (Were Dreams...) 2017,Italy,Venezia Giulia,Jermann,4.2,45.49,2017.0,Mid
Chardonnay Reserva 2017,Chile,Maipo Valley,Haras de Pirque,3.6,9.99,2017.0,Budget
Alisia Pinot Grigio 2018,Italy,delle Venezie,Astoria,3.8,10.29,2018.0,Economy
Castagnolo Orvieto Classico Superiore 2017,Italy,Orvieto Classico,Barberani,3.7,11.1,2017.0,Economy
Chardonnay 2018,South Africa,Western Cape,Barista,3.8,8.5,2018.0,Budget
Cubía (Tenuta Ficuzza) 2014,Italy,Sicilia,Cusumano,3.7,13.55,2014.0,Economy
Blanco 2018,Spain,Rioja,Hacienda López de Haro,3.5,6.95,2018.0,Budget
Réserve Spéciale Chardonnay 2018,France,Pays d'Oc,Gérard Bertrand,3.7,8.32,2018.0,Budget
Fumé Blanc 2018,United States,Napa Valley,Robert Mondavi,3.8,24.18,2018.0,Mid
Chardonnay 2018,France,Pays d'Oc,Baron Philippe de Rothschild,3.5,8.78,2018.0,Budget
Barrel Fermented White 2015,Spain,Rioja,Bodegas Amaren,4.0,13.9,2015.0,Economy
Gavi dei Gavi (Black label) 2019,Italy,Gavi,La Scolca,4.1,24.85,2019.0,Mid
Castillo de San Diego 2019,Spain,Cádiz,Barbadillo,3.2,4.29,2019.0,Budget
Les Tourelles de la Crée Montagny Premier Cru 2016,France,Montagny Premier Cru,Château de la Crée,4.1,43.28,2016.0,Mid
Malvasia Seco 2017,Spain,Lanzarote,El Grifo,3.9,13.9,2017.0,Economy
Nosso Verdejo 2018,Spain,Castilla y León,Menade,3.8,14.6,2018.0,Economy
GB Charm Riesling 2018,Germany,Rheingau,Georg Breuer,3.7,9.26,2018.0,Budget
Gewürztraminer Somontano 2019,Spain,Somontano,Viñas del Vero,4.1,10.31,2019.0,Economy
Meursault 2017,France,Meursault,Louis Jadot,4.3,56.26,2017.0,Premium
Pinot Grigio 2018,Italy,Friuli Aquileia,Ca' Bolani,3.7,9.1,2018.0,Budget
Chardonnay 2017,South Africa,Paarl,La Motte Wine Estate,3.7,15.5,2017.0,Economy
Roero Pradalupo Arneis 2018,Italy,Roero,Fontanafredda,3.8,10.93,2018.0,Economy
Special Cuvée Chardonnay 2016,Chile,Casablanca Valley,Montes Alpha,4.0,18.94,2016.0,Economy
Lugana Bianco 2018,Italy,Lugana,Olivini,3.9,7.99,2018.0,Budget
Marani 2017,Italy,Veneto,Sartori,3.8,11.69,2017.0,Economy
Verdejo Rueda 2019,Spain,Rueda,Blume,3.4,5.9,2019.0,Budget
Cala Silente Vermentino di Sardegna 2018,Italy,Vermentino di Sardegna,Santadi,3.8,9.5,2018.0,Budget
Bordeaux Blanc 2018,France,Bordeaux,Baron Philippe de Rothschild,3.2,9.95,2018.0,Budget
Müller 2018,Germany,Baden,Enderle & Moll,3.9,7.7,2018.0,Budget
Las Mulas Reserva Sauvignon Blanc 2019,Chile,Central Valley,Miguel Torres,3.6,8.39,2019.0,Budget
Vitral Reserva Chardonnay 2015,Chile,Casablanca Valley,Viña Maipo,3.4,9.56,2015.0,Budget
Riesling Kabinett Trocken 2018,Germany,Rheingau,Robert Weil,3.9,17.99,2018.0,Economy
Gran Sasso Alta Quota Terre di Chieti Pecorino 2017,Italy,Terre di Chieti,Gran Sasso,3.6,16.08,2017.0,Economy
Casasole Orvieto Classico Amabile 2018,Italy,Orvieto,Santa Cristina,3.9,7.63,2018.0,Budget
The Pavillion Chenin Blanc 2019,South Africa,Western Cape,Boschendal,3.7,6.3,2019.0,Budget
Riesling Kabinett 2017,Germany,Rheingau,Kloster Eberbach,3.6,11.49,2017.0,Economy
Coastal Cuvée Sauvignon Blanc 2019,South Africa,Coastal Region,Delaire Graff,3.8,12.95,2019.0,Economy
Riesling 2019,Germany,Nahe,Dönnhoff,3.8,10.5,2019.0,Economy
Libaio Chardonnay 2018,Italy,Toscana,Ruffino,3.5,10.68,2018.0,Economy
Ruppertsberger Reiterpfad Riesling 2016,Germany,Pfalz,Von Winning,3.9,16.52,2016.0,Economy
Sauvignon Blanc 2019,South Africa,Citrusdal Mountain,Cederberg,4.2,15.27,2019.0,Economy
Private Reserve Chardonnay 2017,United States,Napa Valley,Beringer,4.0,65.79,2017.0,Premium
The Stump Jump White Blend 2018,Australia,McLaren Vale,d'Arenberg,4.0,8.5,2018.0,Budget
The Olive Grove Chardonnay 2017,Australia,McLaren Vale,d'Arenberg,3.6,13.15,2017.0,Economy
Pioneer Block 21 Bell Block Sauvignon Blanc 2018,New Zealand,Blenheim,Saint Clair,4.0,18.95,2018.0,Economy
Sauvignon Blanc - Chardonnay 2018,South Africa,Walker Bay,Ashbourne,3.6,10.35,2018.0,Economy
Chablis 2018,France,Chablis,Simonnet-Febvre,3.8,19.69,2018.0,Economy
Chardonnay 2018,United States,California,Woodhaven,3.9,7.36,2018.0,Budget
Chablis 2018,France,Chablis,Domaine William Fèvre,3.9,24.99,2018.0,Mid
Pouilly-Fuissé 2017,France,Pouilly-Fuissé,J.A. Ferret,4.1,36.52,2017.0,Mid
Cellar Selection Chardonnay 2016,New Zealand,Hawke's Bay,Sileni Estates,3.4,11.02,2016.0,Economy
Côte des Roses Chardonnay 2018,France,Pays d'Oc,Gérard Bertrand,3.6,10.4,2018.0,Economy
Pouilly-Vinzelles 2016,France,Pouilly-Vinzelles,Joseph Drouhin,3.9,24.01,2016.0,Mid
Kaitui Sauvignon Blanc 2019,Germany,Pfalz,Schneider,4.1,12.9,2019.0,Economy
Condrieu 2017,France,Condrieu,E. Guigal,4.0,37.97,2017.0,Mid
Max Reserva Chardonnay 2018,Chile,Aconcagua Valley,Errazuriz,3.9,13.16,2018.0,Economy
Gran Maestro Appassimento Bianco 2018,Italy,Puglia,Maestro Italiano,3.7,6.9,2018.0,Budget
Chenin Blanc 2019,South Africa,Paarl,Backsberg,3.7,6.5,2019.0,Budget
Chablis Premier Cru 'Montée de Tonnerre' 2016,France,Chablis Premier Cru,Louis Michel & Fils,4.2,36.99,2016.0,Mid
Creative Block 2 2018,South Africa,Stellenbosch,Spier,3.7,14.25,2018.0,Economy
Suadens Campania Bianco 2018,Italy,Campania,Nativ,4.1,13.55,2018.0,Economy
Riesling Scharzhof 2018,Germany,Wiltingen,Egon Müller - Scharzhof,4.1,32.9,2018.0,Mid
Verdejo 2019,Spain,Rueda,Cune (CVNE),3.5,5.61,2019.0,Budget
Riesling Vom Kalkstein Trocken 2018,Germany,Rheinhessen,Wittmann,3.9,17.7,2018.0,Economy
Basa Blanco 2019,Spain,Rueda,Telmo Rodriguez,3.9,7.2,2019.0,Budget
Seleção do Ano Branco 2018,Portugal,Alentejo,Monte da Ravasqueira,3.8,8.4,2018.0,Budget
Fiano Di Avellino Radici 2018,Italy,Fiano de Avellino,Mastroberardino,3.9,10.91,2018.0,Economy
Frascati Secco 2018,Italy,Frascati,Fontana Candida,3.4,6.19,2018.0,Budget
Le Sabbie dell’Etna Bianco 2018,Italy,Etna,Firriato,3.6,13.58,2018.0,Economy
Cirò Bianco 2018,Italy,Cirò,Librandi,3.7,7.69,2018.0,Budget
Terra Montosa Riesling 2017,Germany,Rheingau,Georg Breuer,3.9,19.5,2017.0,Economy
Pinot Bianco Riserva Vorberg 2017,Italy,Südtirol - Alto Adige,Terlan (Terlano),4.1,24.75,2017.0,Mid
Oberhäuser Leistenberg Riesling Kabinett 2018,Germany,Nahe,Dönnhoff,3.9,14.13,2018.0,Economy
Sancerre Blanc 2018,France,Sancerre,Domaine du Nozay,3.8,17.84,2018.0,Economy
Sancerre Blanc 2018,France,Sancerre,Comte Lafond,4.0,28.9,2018.0,Mid
Don Miguel Vineyard La Masía Chardonnay 2017,United States,Russian River Valley,Marimar Estate,4.2,42.99,2017.0,Mid
Mineralschiefer Riesling - Trocken 2018,Germany,Mosel,Grans-Fassian,3.8,12.49,2018.0,Economy
The Straits Sauvignon Blanc 2017,New Zealand,Marlborough,Sileni Estates,3.7,15.39,2017.0,Economy
SL Riesling Trocken 2016,Germany,Mosel,Schloss Lieser,3.7,11.47,2016.0,Economy
Valdelagunde Verdejo 2019,Spain,Rueda,Bodegas Pedro Escudero,4.0,5.75,2019.0,Budget
Classic Series Sauvignon Blanc - Chardonnay 2017,Chile,Central Valley,Viña Maipo,3.3,6.2,2017.0,Budget
Corton-Charlemagne Grand Cru 1999,France,Corton-Charlemagne Grand Cru,Bonneau du Martray,4.2,217.95,1999.0,Luxury
Blanc 2019,France,Vin de France,La Vieille Ferme,3.6,6.4,2019.0,Budget
Litorale Vermentino 2018,Italy,Maremma Toscana,Val delle Rose,3.6,11.05,2018.0,Economy
Albente 2018,Italy,Campania,Feudi di San Gregorio,3.6,5.29,2018.0,Budget
Estate Selection Furmint - Pinot Blanc 2017,Slovenia,Podravje,Puklavec Family Wines,3.7,6.95,2017.0,Budget
Saar Riesling 2018,Germany,Mosel,Van Volxem,3.8,12.5,2018.0,Economy
Spèra 2018,Italy,Vermentino di Gallura,Siddura,3.8,14.13,2018.0,Economy
Gewürztraminer 2018,Italy,Südtirol - Alto Adige,Colterenzio (Schreckbichl),3.8,11.6,2018.0,Economy
Finca Montico 2017,Spain,Rueda,Marqués de Riscal,3.9,15.26,2017.0,Economy
Sauvignon Blanc 2018,Israel,Galilee,Yarden,3.8,11.9,2018.0,Economy
L'Uetta Fiano Puglia 2018,Italy,Puglia,Masca del Tacco,4.1,10.49,2018.0,Economy
Grüner Veltliner Federspiel Terrassen 2019,Austria,Wachau,Domäne Wachau,3.8,9.4,2019.0,Budget
Saluez Le Saboteur 2018,South Africa,Cape South Coast,Luddite,3.9,18.9,2018.0,Economy
Monteoro Vermentino di Gallura Superiore 2018,Italy,Vermentino di Gallura,Sella & Mosca,3.6,12.53,2018.0,Economy
Sauvignon Blanc 2018,Chile,Leyda Valley,Amaral,3.7,8.75,2018.0,Budget
Viura - Tempranillo Blanco 2018,Spain,Rioja,Campo Viejo,3.6,4.6,2018.0,Budget
Zeltinger Sonnenuhr Riesling Kabinett 2016,Germany,Mosel,Markus Molitor,3.7,19.9,2016.0,Economy
Giunco 2018,Italy,Vermentino di Sardegna,Mesa,3.8,13.89,2018.0,Economy
Torrontes 2018,Argentina,Salta,Alamos,3.5,7.31,2018.0,Budget
Douro Reserva Redoma Branco 2018,Portugal,Douro,Niepoort,4.3,33.14,2018.0,Mid
Red Shoulder Ranch Chardonnay 2017,United States,Los Carneros,Shafer,4.2,65.0,2017.0,Premium
Director's Cut Chardonnay 2017,United States,Russian River Valley,Francis Ford Coppola,4.1,32.5,2017.0,Mid
Verdejo Rueda 2019,Spain,Rueda,Ramón Bilbao,3.8,8.21,2019.0,Budget
Chardonnay 2017,United States,Napa Valley,Robert Mondavi,3.7,26.81,2017.0,Mid
Riesling Monopol 2018,Germany,Mosel,Maximin Grünhaus,3.9,10.63,2018.0,Economy
Graves Blanc 2012,France,Graves,Clos Floridène,3.8,22.32,2012.0,Mid
Chardonnay 2019,Chile,Colchagua Valley,Los Vascos,3.5,8.2,2019.0,Budget
Réserve della Contessa 2018,Italy,Südtirol - Alto Adige,Manincor,3.8,15.98,2018.0,Economy
Pinot Grigio 2018,Italy,Südtirol - Alto Adige,Alois Lageder,3.8,11.5,2018.0,Economy
Riesling Kabinett 2018,Germany,Rheingau,Kloster Eberbach,3.6,11.56,2018.0,Economy
Viognier 2018,France,Rhone Valley,Paul Jaboulet Aîné,3.6,7.7,2018.0,Budget
Crozes Hermitage Domaine Mule Blanche 2017,France,Crozes-Hermitage,Paul Jaboulet Aîné,3.9,37.79,2017.0,Mid
Pinot Gris Alsace Réserve Personnelle 2013,France,Alsace,Trimbach,4.1,31.03,2013.0,Mid
Signature Branco 2017,Portugal,Alentejano,Mocho Galego,3.7,8.0,2017.0,Budget
Chardonnay 2016,Australia,Margaret River,Vasse Felix,3.9,34.54,2016.0,Mid
Veneto Custoza 2019,Italy,Veneto,Monte del Frá,4.0,6.6,2019.0,Budget
Zeltinger Sonnenuhr Riesling Spätlese 2014,Germany,Mosel,Markus Molitor,4.0,23.9,2014.0,Mid
Boschen Blanc 2018,South Africa,Western Cape,Boschendal,3.7,7.99,2018.0,Budget
Rioja Blanco 2019,Spain,Rioja,Marqués de Cáceres,3.8,5.25,2019.0,Budget
Albizzia Chardonnay 2018,Italy,Toscana,Frescobaldi,3.7,7.47,2018.0,Budget
Rioja Blanco Barrica 2018,Spain,Rioja,Luis Cañas,3.8,8.5,2018.0,Budget
Deidesheimer Herrgottsacker 2015,Germany,Pfalz,Von Winning,3.9,20.95,2015.0,Mid
Chaminé Branco 2015,Portugal,Alentejano,Cortes de Cima,3.5,13.95,2015.0,Economy
Mâcon-Milly-Lamartine 2015,France,Mâcon-Milly-Lamartine,Les Héritiers du Comte Lafon,3.9,25.92,2015.0,Mid
Finca Valdelagunde Cuveé Especial 2019,Spain,Castilla y León,Bodegas Pedro Escudero,4.0,7.4,2019.0,Budget
Loureiro Dócil 2018,Portugal,Vinho Verde,Niepoort,3.9,8.92,2018.0,Budget
Wien.1 Vienna White Blend 2018,Austria,Niederösterreich,Weingut R&A Pfaffl,3.9,9.99,2018.0,Budget
Sémillon - Chardonnay 2016,Australia,South Australia,Rawson's Retreat,3.4,8.72,2016.0,Budget
Vouvray Classic 2018,France,Vouvray,Marc Brédif,4.0,14.9,2018.0,Economy
Chablis 2017,France,Chablis,Domaine Jean Collet,4.0,15.5,2017.0,Economy
Spitfire Sauvignon Blanc (Small Parcels) 2017,New Zealand,Marlborough,Kim Crawford,4.0,27.04,2017.0,Mid
Rossj-Bass Langhe 2018,Italy,Langhe,Gaja,4.4,62.95,2018.0,Premium
Cuvée Silex Vouvray 2018,France,Vouvray,Vigneau-Chevreau,3.9,13.5,2018.0,Economy
Masseria dei Carmelitani Gavi 2018,Italy,Gavi,Vite Colte,4.0,9.66,2018.0,Budget
Riesling Porphyr 2017,Germany,Nahe,Hexamer,3.9,12.2,2017.0,Economy
Mâcon-Villages 2018,France,Mâcon-Villages,Les Héritiers du Comte Lafon,3.8,18.9,2018.0,Economy
Réserve Spéciale Viognier 2017,France,Pays d'Oc,Gérard Bertrand,3.6,9.56,2017.0,Budget
Montagny 1er Cru La Grande Roche 2018,France,Montagny Premier Cru,Louis Latour,3.9,17.45,2018.0,Economy
Légende (R) Bordeaux Blanc 2017,France,Bordeaux,Barons de Rothschild (Lafite),3.8,12.14,2017.0,Economy
Gewürztraminer Réserve 2018,France,Alsace,Lucien Albrecht,4.0,11.36,2018.0,Economy
Riesling Trocken Blauschiefer 2018,Germany,Mosel,Dr. Loosen,3.8,10.4,2018.0,Economy
Chardonnay Banghoek Reserve 2018,South Africa,Stellenbosch,Delaire Graff,4.0,17.95,2018.0,Economy
Blanc 2017,Spain,Bizkaiko Txakolina,Gorka Izagirre,3.6,10.99,2017.0,Economy
Sauvignon Blanc de Purcari 2018,Moldova,South Eastern,Château Purcari,4.0,10.98,2018.0,Economy
Waltraud Riesling 2018,Spain,Penedès,Torres,3.9,11.9,2018.0,Economy
Blanc de Pinot Noir 2018,Germany,Pfalz,Fußer,3.9,7.94,2018.0,Budget
Kiedrich Gräfenberg Riesling Trocken GG 2015,Germany,Rheingau,Robert Weil,4.0,41.87,2015.0,Mid
Douro Guru Branco 2017,Portugal,Douro,Wine & Soul,4.2,25.34,2017.0,Mid
Sauvignon Blanc 2018,South Africa,Stellenbosch,Zonnebloem,3.5,6.9,2018.0,Budget
Riesling Tradition 2018,Germany,Pfalz,Philipp Kuhn,3.8,9.76,2018.0,Budget
Cuvée Terlaner 2018,Italy,Südtirol - Alto Adige,Terlan (Terlano),3.9,16.47,2018.0,Economy
Hermitage Le Chevalier de Sterimberg 2015,France,Hermitage,Paul Jaboulet Aîné,4.2,82.48,2015.0,Premium
Graupert Grauburgunder 2017,Austria,Burgenland,Meinklang,3.8,17.5,2017.0,Economy
Petit Chablis 2018,France,Petit Chablis,Domaine Hamelin,3.9,12.9,2018.0,Economy
Fransola 2012,Spain,Penedès,Torres,4.0,23.79,2012.0,Mid
Schlossberg 2015,Germany,Rheingau,Schloss Vollrads,3.9,33.9,2015.0,Mid
By the Glass Riesling 2018,Germany,Mosel,Villa Huesgen,3.6,8.16,2018.0,Budget
Vigna Kastelaz Gewürztraminer 2016,Italy,Südtirol - Alto Adige,Elena Walch,4.2,31.53,2016.0,Mid
Sauvignon Blanc 2018,France,Pays d'Oc,Paul Mas,3.7,5.64,2018.0,Budget
Vom Lehm Gewürztraminer 2015,Italy,Südtirol - Alto Adige,Castelfeder,3.8,12.48,2015.0,Economy
Zeltinger Sonnenuhr Riesling Spätlese 2015,Germany,Mosel,Markus Molitor,4.0,22.95,2015.0,Mid
Clos de la Coulée de Serrant 2015,France,Savennières-Coulée-de-Serrant,Nicolas Joly,4.2,72.5,2015.0,Premium
Alte Reben Riesling 2015,Germany,Mosel,Van Volxem,4.0,20.95,2015.0,Mid
Schieferterrassen 2017,Germany,Mosel,Heymann-Löwenstein,4.0,18.5,2017.0,Economy
Grüner Veltliner 2018,Austria,Niederösterreich,Weingut Bründlmayer,3.7,10.99,2018.0,Economy
Riesling Kabinett Trocken 2017,Germany,Rheingau,Schloss Vollrads,3.9,13.9,2017.0,Economy
Blanc de Noir Cabernet Sauvignon 2018,China,Ningxia,Château Changyu Moser XV 张裕摩塞尔十五世酒庄,3.5,12.03,2018.0,Economy
Venezia Giulia Pinot Grigio 2017,Italy,Venezia Giulia,Lis Neris,3.8,20.5,2017.0,Mid
Planalto Reserva Douro Branco 2019,Portugal,Douro,Casa Ferreirinha,3.9,8.72,2019.0,Budget
Saint-Véran 2018,France,Saint-Véran,Joseph Drouhin,3.8,16.6,2018.0,Economy
Re Manfredi Basilicata Bianco 2018,Italy,Basilicata,Terre degli Svevi,3.8,8.4,2018.0,Budget
Mâcon-Milly-Lamartine 2016,France,Mâcon-Milly-Lamartine,Les Héritiers du Comte Lafon,3.8,22.5,2016.0,Mid
Parcela 52 Verdejo 2017,Spain,Castilla,Finca Constancia,3.6,8.99,2017.0,Budget
Chablis 2018,France,Chablis,Domaine des Malandes,3.8,16.09,2018.0,Economy
Chardonnay 2017,United States,Napa Valley,Napa Cellars,3.9,22.75,2017.0,Mid
Chardonnay 2019,South Africa,Stellenbosch,Lanzerac,3.9,10.9,2019.0,Economy
Chardonnay Reserve Collection 2018,South Africa,Stellenbosch,Tokara,4.1,25.26,2018.0,Mid
Sauvignon Blanc Organic 2016,Chile,Casablanca Valley,Veramonte,3.5,8.41,2016.0,Budget
Lusco Albariño 2018,Spain,Rías Baixas,Pazos de Lusco,4.0,19.53,2018.0,Economy
Le G de Guiraud Bordeaux Blanc Sec 2018,France,Bordeaux,Château Guiraud,3.9,19.45,2018.0,Economy
Zeltinger Sonnenuhr Riesling Kabinett 2015,Germany,Mosel,Markus Molitor,3.9,16.95,2015.0,Economy
Priara Pinot Grigio 2016,Italy,Friuli-Venezia Giulia,Pradio,3.9,9.7,2016.0,Budget
Sauvignon Blanc 2016,United States,California,Geyser Peak,3.3,10.51,2016.0,Economy
Monte Velho Branco 2019,Portugal,Alentejano,Esporão,3.8,5.8,2019.0,Budget
Sauvignon Touraine 2018,France,Touraine,Domaine de la Chaise,4.0,7.4,2018.0,Budget
Torricella 2016,Italy,Toscana,Ricasoli,3.9,11.9,2016.0,Economy
Zeltinger Sonnenuhr Riesling Spätlese 2016,Germany,Mosel,Markus Molitor,3.9,19.99,2016.0,Economy
Blas Muñoz Chardonnay 2018,Spain,La Mancha,Munoz,4.2,19.01,2018.0,Economy
The Y Series Viognier 2017,Australia,South Australia,Yalumba,3.4,13.82,2017.0,Economy
Sauvignon Blanc Bordeaux 2018,France,Bordeaux,Dourthe N°1,3.6,7.7,2018.0,Budget
Haus Klosterberg Pinot Blanc 2018,Germany,Mosel,Markus Molitor,4.0,9.65,2018.0,Budget
Vinho Verde Loureiro - Alvarinho 2019,Portugal,Minho,Aveleda,3.8,6.99,2019.0,Budget
Chenin Blanc 2018,South Africa,Stellenbosch,Stellenrust,3.7,14.57,2018.0,Economy
Hinter der Burg Grüner Veltliner 2017,Austria,Wachau,Prager,3.9,18.42,2017.0,Economy
Danie de Wet Chardonnay 2015,South Africa,Robertson,De Wetshof,3.9,28.6,2015.0,Mid
Riesling Trocken 2016,Germany,Rheingau,Balthasar Ress,3.8,11.9,2016.0,Economy
Riesling Trocken Blauschiefer 2017,Germany,Mosel,Dr. Loosen,3.7,9.9,2017.0,Budget
Adobe Chardonnay (Reserva) 2019,Chile,Casablanca Valley,Emiliana,3.6,8.45,2019.0,Budget
Diamante Semi-Dulce Bianco 2019,Spain,Rioja,Franco-Espanolas,3.7,6.5,2019.0,Budget
Corton-Charlemagne Grand Cru 2015,France,Corton-Charlemagne Grand Cru,Louis Latour,4.5,116.0,2015.0,Luxury
Kiedrich Klosterberg Riesling Trocken 2017,Germany,Rheingau,Robert Weil,3.9,24.0,2017.0,Mid
Sauvignon Blanc 2017,France,Pays d'Oc,Les Jamelles,3.5,6.25,2017.0,Budget
Chardonnay 2015,United States,Napa Valley,First Press,3.9,19.08,2015.0,Economy
Pinot Grigio 2017,United States,California,Gallo Family Vineyards,3.4,6.31,2017.0,Budget
Otazu Chardonnay 2018,Spain,Otazu,Bodega Otazu,3.9,8.45,2018.0,Budget
Wiener Gemischter Satz 2018,Austria,Wiener Gemischter Satz,Wieninger,3.5,10.9,2018.0,Economy
Grillo 2018,Italy,Terre Siciliane,Zabu,3.5,4.73,2018.0,Budget
Reserva Sauvignon Blanc 2016,Chile,Central Valley,Caliterra,3.5,8.72,2016.0,Budget
Bukettraube 2018,South Africa,Citrusdal Mountain,Cederberg,4.1,13.27,2018.0,Economy
Porcupine Ridge Sauvignon Blanc 2019,South Africa,Franschhoek,Boekenhoutskloof,3.6,8.33,2019.0,Budget
Singing Grüner Veltliner 2018,Austria,Niederösterreich,Laurenz V.,3.8,10.42,2018.0,Economy
Riesling Trocken 2018,Germany,Pfalz,Dr. Von Bassermann-Jordan,3.8,12.4,2018.0,Economy
Sauvignon Blanc 2018,New Zealand,Marlborough,Fernlands,4.1,9.2,2018.0,Budget
Costamolino Vermentino di Sardegna 2019,Italy,Vermentino di Sardegna,Argiolas,3.9,7.4,2019.0,Budget
Bourgogne Chardonnay 2018,France,Bourgogne,Louis Latour,3.8,13.29,2018.0,Economy
Aconcagua Costa Chardonnay 2014,Chile,Aconcagua Valley,Errazuriz,3.9,22.9,2014.0,Mid
Vernaccia di San Gimignano Blanco 2018,Italy,Vernaccia di San Gimignano,Panizzi,3.9,11.92,2018.0,Economy
Reserva Chardonnay 2017,Chile,Casablanca Valley,Caliterra,3.5,6.52,2017.0,Budget
Sortesele Pinot Grigio Valdadige 2018,Italy,Valdadige,Santi,3.9,8.33,2018.0,Budget
La Jalousie Savennières 2015,France,Savennières,Domaine du Closel - Château des Vaults,4.1,29.15,2015.0,Mid
Riesling Trocken Blauschiefer 2015,Germany,Mosel,Dr. Loosen,3.7,9.7,2015.0,Budget
Estate Chardonnay 2018,Chile,Casablanca Valley,Errazuriz,3.5,8.29,2018.0,Budget
Portillo Chardonnay 2018,Argentina,Uco Valley,Salentein,3.6,8.29,2018.0,Budget
Chardonnay 2017,South Africa,Elgin,Paul Cluver,4.0,18.39,2017.0,Economy
Chablis 2018,France,Chablis,Bernard Defaix,3.9,17.9,2018.0,Economy
White Label Nik Weis Riesling 2018,Germany,Mosel,St. Urbans-Hof,4.0,9.9,2018.0,Budget
Gewürztraminer 2018,Italy,Südtirol - Alto Adige,Tramin,3.7,12.18,2018.0,Economy
Pinot Grigio 2019,New Zealand,Marlborough,The Ned,4.2,12.95,2019.0,Economy
Gran Verano Chardonnay 2018,Chile,Central Valley,Apaltagua,3.4,6.95,2018.0,Budget
Ribolla Gialla 2018,Italy,Friuli Grave,Forchir,3.5,12.58,2018.0,Economy
Colombard - Chardonnay 2018,Australia,South Eastern Australia,Banrock Station,3.7,5.79,2018.0,Budget
Sandstein Riesling Trocken 2018,Germany,Rheinhessen,Gysler,3.7,9.5,2018.0,Budget
Chardonnay 2017,United States,California,Geyser Peak,3.6,10.51,2017.0,Economy
Chardonnay 2017,United States,California,Gnarly Head,3.4,9.65,2017.0,Budget
Bourgogne Chardonnay (La Vignée) 2017,France,Bourgogne,Bouchard Père & Fils,3.7,16.74,2017.0,Economy
Château Grenouilles Chablis Grand Cru 2014,France,Chablis Grand Cru,La Chablisienne,4.2,63.54,2014.0,Premium
Lugana San Benedetto 2019,Italy,Lugana,Zenato,4.1,8.48,2019.0,Budget
Einstern Pinot Blanc 2016,Germany,Mosel,Markus Molitor,4.1,14.43,2016.0,Economy
Sauvignon Blanc - Pinot Grigio 2019,Slovenia,Podravje,Puklavec Family Wines,3.8,7.44,2019.0,Budget
Pouilly-Fumé En Travertin 2018,France,Pouilly-Fumé,Henri Bourgeois,4.0,18.95,2018.0,Economy
Chablis 2018,France,Chablis,Olivier Tricon,4.1,14.55,2018.0,Economy
Alandra Branco 2018,Portugal,Alentejano,Esporão,3.3,4.75,2018.0,Budget
Chardonnay Sonoma Coast 2015,United States,Sonoma Coast,Patz & Hall,4.0,52.0,2015.0,Premium
Les Vieux Clos 2014,France,Savennières,Nicolas Joly,3.7,32.5,2014.0,Mid
Chardonnay 2018,France,Pays d'Oc,Paul Mas,3.7,5.5,2018.0,Budget
Baroness Nadine 2017,South Africa,Western Cape,Rupert & Rothschild,4.1,30.52,2017.0,Mid
Wiener Gemischter Satz 2017,Austria,Wiener Gemischter Satz,Wieninger,3.6,14.29,2017.0,Economy
Chardonnay 2018,Australia,South Eastern Australia,Rawson's Retreat,3.5,7.9,2018.0,Budget
Riesling 2017,United States,Columbia Valley,Eroica,3.9,22.69,2017.0,Mid
Chardonnay 2017,Chile,Aconcagua Valley,Arboleda,3.7,15.5,2017.0,Economy
La Trucha Albariño 2017,Spain,Rías Baixas,Finca Garabelos,4.0,12.5,2017.0,Economy
Vinho Verde Fonte 2019,Portugal,Vinho Verde,Aveleda,4.0,6.45,2019.0,Budget
Minho Alvarinho 2018,Portugal,Minho,Aveleda,3.7,8.24,2018.0,Budget
Sauvignon Blanc 2019,New Zealand,Marlborough,Nautilus,3.9,14.4,2019.0,Economy
Estate Torrontes (Premium) 2018,Argentina,Salta,Alta Vista,3.8,12.5,2018.0,Economy
Sangre de Toro Blanco 2017,Spain,Catalunya,Torres,3.3,8.89,2017.0,Budget
Riesling Trocken 2018,Germany,Rheingau,Künstler,3.8,11.5,2018.0,Economy
Cardellino Chardonnay Alto Adige 2018,Italy,Südtirol - Alto Adige,Elena Walch,3.9,19.29,2018.0,Economy
Medusa Albariño 2017,Spain,Castilla y León,Félix Solís,3.8,8.24,2017.0,Budget
Estate Sauvignon Blanc 2017,Chile,Aconcagua Valley,Errazuriz,3.5,8.25,2017.0,Budget
Eaglehawk Chardonnay 2018,Australia,South Eastern Australia,Wolf Blass,3.2,7.22,2018.0,Budget
Te Koko Sauvignon Blanc 2016,New Zealand,Marlborough,Cloudy Bay,4.2,54.69,2016.0,Premium
Altavilla della Corte Grillo 2018,Italy,Terre Siciliane,Firriato,3.8,10.35,2018.0,Economy
Sauvignon Blanc 2017,South Africa,Citrusdal Mountain,Cederberg,3.9,16.62,2017.0,Economy
Villata Roero Arneis 2018,Italy,Roero,Vite Colte,3.7,9.64,2018.0,Budget
Armador Sauvignon Blanc 2017,Chile,Casablanca Valley,Odfjell,3.6,7.5,2017.0,Budget
Marlborough Sauvignon Blanc 2018,New Zealand,Marlborough,Waipara Hills,4.0,13.95,2018.0,Economy
Pinot Grigio (Selezione) 2018,Italy,Südtirol - Alto Adige,Elena Walch,3.7,13.58,2018.0,Economy
Sauvignon Blanc 2016,Chile,Casablanca Valley,Ritual,3.7,15.69,2016.0,Economy
Puglia I Muri Bianco 2017,Italy,Puglia,Vigneti del Salento,3.7,6.54,2017.0,Budget
Special Cuvée Chardonnay 2015,Chile,Casablanca Valley,Montes Alpha,3.8,18.93,2015.0,Economy
Viognier 2018,France,Pays d'Oc,Les Jamelles,3.6,6.5,2018.0,Budget
Sauvignon Blanc (1685 Series Grande Cuvée) 2019,South Africa,Coastal Region,Boschendal,3.9,9.89,2019.0,Budget
Nova Serra Greco Di Tufo 2018,Italy,Greco di Tufo,Mastroberardino,3.9,10.04,2018.0,Economy
Montunal 2017,Italy,Lombardia,Montonale,3.9,31.19,2017.0,Mid
Chenin Blanc 2017,South Africa,Stellenbosch,Stellenrust,3.7,5.8,2017.0,Budget
Dutton Ranch Chardonnay 2016,United States,Russian River Valley,Patz & Hall,4.1,54.0,2016.0,Premium
Chant des Vignes Jurançon Sec 2017,France,Jurançon,Domaine Cauhapé,3.8,9.83,2017.0,Budget
Cala Reale Vermentino di Sardegna 2018,Italy,Vermentino di Sardegna,Sella & Mosca,3.7,10.66,2018.0,Economy
Kiedrich Gräfenberg Riesling Trocken GG 2014,Germany,Rheingau,Robert Weil,4.0,40.4,2014.0,Mid
Blanc 2018,Spain,Bizkaiko Txakolina,Gorka Izagirre,3.6,12.19,2018.0,Economy
Grillo 2019,Italy,Sicilia,Doppio Passo,3.8,7.34,2019.0,Budget
Les Princes Abbés Riesling Alsace 2016,France,Alsace,Domaines Schlumberger,3.7,11.6,2016.0,Economy
Verdicchio dei Castelli di Jesi 2017,Italy,Verdicchio dei Castelli di Jesi,Azienda Santa Barbara - Stefano Antonucci,3.6,18.9,2017.0,Economy
Kritt Pinot Blanc 2017,France,Alsace,Marc Kreydenweiss,3.9,14.3,2017.0,Economy
Insolia 2017,Italy,Terre Siciliane,Cusumano,3.6,6.73,2017.0,Budget
Chablis (Les Grands Terroirs) 2017,France,Chablis,Samuel Billaud,4.0,24.0,2017.0,Mid
Chardonnay Castel del Monte Pietrabianca 2018,Italy,Castel del Monte,Tormaresca,4.1,19.29,2018.0,Economy
Sauvignon Blanc - Furmint 2017,Slovenia,Podravje,Puklavec Family Wines,3.6,7.44,2017.0,Budget
Les Princes Abbés Pinot Blanc Alsace 2016,France,Alsace,Domaines Schlumberger,4.0,8.9,2016.0,Budget
S'Elegas Nuragus di Cagliari 2018,Italy,Nuragus di Cagliari,Argiolas,3.7,8.9,2018.0,Budget
Sauvignon Winkl 2019,Italy,Südtirol - Alto Adige,Terlan (Terlano),4.1,15.99,2019.0,Economy
Verdejo 2018,Spain,Rueda,Val de Vid,3.9,13.16,2018.0,Economy
Falanghina Serrocielo 2018,Italy,Falanghina del Sannio,Feudi di San Gregorio,3.7,16.7,2018.0,Economy
Douro Redoma Branco 2018,Portugal,Douro,Niepoort,4.1,18.7,2018.0,Economy
Sauvignon Blanc 2019,Spain,Rueda,José Pariente,4.2,11.48,2019.0,Economy
Benefizio Riserva Pomino Bianco 2017,Italy,Pomino,Castello Pomino,4.1,28.27,2017.0,Mid
Primo Bianco 2018,Italy,Vermentino di Sardegna,Mesa,3.5,8.5,2018.0,Budget
Chardonnay 2018,Chile,Central Valley,TerraNoble,3.5,7.04,2018.0,Budget
Rioja Blanco 2018,Spain,Rioja,Vivanco,3.8,8.92,2018.0,Budget
Bordeaux Sauvignon Blanc 2018,France,Bordeaux,Mouton Cadet,3.4,11.36,2018.0,Economy
Rueda Verdejo 2019,Spain,Rueda,Bodega de Bardos,4.0,6.9,2019.0,Budget
Hund Grüner Veltliner Reserve 2018,Austria,Weinviertel,Weingut R&A Pfaffl,3.9,16.32,2018.0,Economy
Oak Cask Chardonnay 2018,Argentina,Mendoza,Trapiche,3.4,7.96,2018.0,Budget
Terroir Series Torrontes 2015,Argentina,Salta,Kaiken,3.7,9.99,2015.0,Budget
Pomino Bianco 2018,Italy,Pomino,Castello Pomino,3.6,13.71,2018.0,Economy
Otto Soave 2016,Italy,Soave,Prà,3.7,11.9,2016.0,Economy
Fiano Di Avellino Pietracalda 2018,Italy,Fiano de Avellino,Feudi di San Gregorio,3.8,21.1,2018.0,Mid
Gavi 2018,Italy,Gavi,La Raia,3.6,12.5,2018.0,Economy
Sundial Chardonnay 2018,United States,California,Fetzer,3.6,8.62,2018.0,Budget
Coteaux Varois en Provence Blanc 2018,France,Coteaux Varois en Provence,Miraval,3.9,17.8,2018.0,Economy
Napa Valley Estate Chardonnay 2017,United States,Napa Valley,The Hess Collection,3.8,19.99,2017.0,Economy
Founders' Estate Chardonnay 2017,United States,California,Beringer,3.6,12.25,2017.0,Economy
Castello della Sala Cervaro della Sala 2018,Italy,Umbria,Antinori,4.5,58.19,2018.0,Premium
Condrieu La Doriane 2017,France,Condrieu,E. Guigal,4.3,84.0,2017.0,Premium
Reserva Sauvignon Blanc (Classic) 2017,Chile,Curico Valley,Montes,3.7,8.69,2017.0,Budget
No. 3 Colombard - Sauvignon 2019,France,Côtes de Gascogne,Uby,4.0,5.99,2019.0,Budget
Saar Riesling 2017,Germany,Mosel,Van Volxem,3.9,12.14,2017.0,Economy
Sauvignon Blanc Te Muna Road Vineyard 2019,New Zealand,Martinborough,Craggy Range,4.1,21.29,2019.0,Mid
Albaclara Sauvignon Blanc 2018,Chile,Leyda Valley,Haras de Pirque,3.4,9.99,2018.0,Budget
Cometa 2018,Italy,Menfi,Planeta,4.2,19.99,2018.0,Economy
Trebbiano - Pinot Grigio 2018,Italy,Puglia,Cielo e Terra,3.9,5.82,2018.0,Budget
Les Belles Vignes Sancerre Blanc 2015,France,Sancerre,Fournier Pere & Fils,3.9,21.44,2015.0,Mid
Silberlack Riesling Trocken GG 2015,Germany,Rheingau,Schloss Johannisberg,4.2,44.8,2015.0,Mid
Riesling Trocken 2018,Germany,Mosel,Fritz Haag,3.8,10.5,2018.0,Economy
Indian Wells Chardonnay 2017,United States,Columbia Valley,Chateau Ste. Michelle,4.0,20.47,2017.0,Mid
Vintage Tunina 2017,Italy,Venezia Giulia,Jermann,4.2,44.52,2017.0,Mid
Pinot Grigio 2018,New Zealand,Marlborough,The Ned,3.8,12.9,2018.0,Economy
Pedra da Auga Albariño 2016,Spain,Rías Baixas,Rectoral do Umia,3.5,10.35,2016.0,Economy
Est! Est!! Est!!! Di Montefiascone Secco 2018,Italy,Est! Est!! Est!!! di Montefiascone,Bigi,3.3,6.89,2018.0,Budget
Kiké 2019,Italy,Terre Siciliane,Fina,4.2,9.65,2019.0,Budget
The King's Favour Sauvignon Blanc 2017,New Zealand,Marlborough,The Kings Series,3.8,13.9,2017.0,Economy
Urra di Mare 2015,Italy,Terre Siciliane,Mandrarossa,3.8,12.9,2015.0,Economy
Lune d'Argent 2013,France,Bordeaux,Clos des Lunes,3.6,16.9,2013.0,Economy
Reserva Sauvignon Blanc 2017,Chile,Maule Valley,Viña Palo Alto,3.3,6.97,2017.0,Budget
Pinot Grigio 2018,Italy,Friuli-Venezia Giulia,Attems,3.8,10.18,2018.0,Economy
Côtes De Gascogne Classic 2019,France,Côtes de Gascogne,Domaine du Tariquet,3.5,5.5,2019.0,Budget
Riesling 2018,Germany,Pfalz,A. Christmann,3.6,11.6,2018.0,Economy
Vivia Maremma Toscana 2018,Italy,Toscana,Le Mortelle,3.6,14.45,2018.0,Economy
Pioneer Block 3 43 Degrees Sauvignon Blanc 2018,New Zealand,Marlborough,Saint Clair,3.9,19.95,2018.0,Economy
Sauvignon Blanc 2019,Chile,Central Valley,Antares,3.5,5.33,2019.0,Budget
Riesling Trocken 2017,Germany,Pfalz,Georg Mosbacher,3.8,9.65,2017.0,Budget
Côte des Roses Blanc 2018,France,Languedoc,Gérard Bertrand,3.7,10.42,2018.0,Economy
Villa Solais Vermentino di Sardegna 2018,Italy,Vermentino di Sardegna,Santadi,3.7,6.5,2018.0,Budget
Custoza 2018,Italy,Bianco di Custoza,Cavalchina,3.7,7.98,2018.0,Budget
Chenin Blanc 2019,South Africa,Stellenbosch,Stellenrust,3.6,5.76,2019.0,Budget
Chardonnay 2019,Argentina,Mendoza,Alamos,3.7,6.95,2019.0,Budget
Lugana Sergio Riserva 2016,Italy,Lugana,Zenato,4.2,20.96,2016.0,Mid
Sancerre Blanc 2017,France,Sancerre,La Perrière,3.9,17.9,2017.0,Economy
Ca'Marcanda Vistamare Toscana 2018,Italy,Toscana,Gaja,4.1,41.9,2018.0,Mid
Blanco 2019,Spain,Rioja,El Coto,3.6,4.95,2019.0,Budget
Riesling 2018,Germany,Nahe,Dönnhoff,3.8,10.63,2018.0,Economy
Chardonnay 2018,South Africa,Stellenbosch,Meerlust,4.1,26.36,2018.0,Mid
Chardonnay 234 2019,Spain,Somontano,Enate,4.0,9.25,2019.0,Budget
Chablis 2018,France,Chablis,Domaine Nathalie et Gilles Fevre,4.0,17.5,2018.0,Economy
Santa Digna Reserva Chardonnay 2018,Chile,Central Valley,Miguel Torres,3.4,9.45,2018.0,Budget
Chardonnay 2016,South Africa,Elgin,Paul Cluver,3.8,21.95,2016.0,Mid
Douro Redoma Branco 2014,Portugal,Douro,Niepoort,3.9,19.99,2014.0,Economy
Albariño Rías Baixas 2018,Spain,Rías Baixas,Ramón Bilbao,3.8,10.65,2018.0,Economy
Lahn Sauvignon 2018,Italy,Südtirol - Alto Adige,St. Michael-Eppan,3.9,12.13,2018.0,Economy
Vinho Verde Quinta da Aveleda 2018,Portugal,Vinho Verde,Aveleda,3.8,6.97,2018.0,Budget
Savatiano Old Vines (Vieilles Vignes) 2017,Greece,Markopoulo,Papagiannakos,3.6,9.5,2017.0,Budget
Pouilly-Fumé 2018,France,Pouilly-Fumé,Château de Tracy,4.1,22.29,2018.0,Mid
Mandolás Dry 2017,Hungary,Tokaj,Oremus,3.9,19.85,2017.0,Economy
Chardonnay 2018,United States,California,Gallo Family Vineyards,2.8,6.3,2018.0,Budget
Buiten Blanc 2018,South Africa,Constantia,Buitenverwachting,3.7,9.39,2018.0,Budget
Cardellino Chardonnay Alto Adige 2017,Italy,Südtirol - Alto Adige,Elena Walch,3.8,19.35,2017.0,Economy
Pinot Grigio Friuli Aquileia 2018,Italy,Friuli Aquileia,Zonin,3.5,6.75,2018.0,Budget
Portillo Sauvignon Blanc 2019,Argentina,Uco Valley,Salentein,3.7,6.5,2019.0,Budget
Riesling Federspiel Terrassen 2018,Austria,Wachau,Domäne Wachau,3.8,11.05,2018.0,Economy
Soave Classico 2019,Italy,Soave Classico,Pieropan,3.8,10.95,2019.0,Economy
Wairau Reserve Sauvignon Blanc 2018,New Zealand,Marlborough,Saint Clair,4.1,30.19,2018.0,Mid
Estate Chardonnay 2017,Chile,Casablanca Valley,Errazuriz,3.6,8.25,2017.0,Budget
Sauvignon 2018,Italy,Colli Orientali del Friuli,Livio Felluga,4.0,18.9,2018.0,Economy
Pinot Blanc Alsace 2017,France,Alsace,Trimbach,3.7,10.56,2017.0,Economy
Chardonnay 2018,South Africa,Hemel-en-Aarde Valley,Hamilton Russell Vineyards,4.2,31.9,2018.0,Mid
Metis Pascal Jolivet Sauvignon Blanc 2016,South Africa,Constantia,Klein Constantia,3.7,22.22,2016.0,Mid
Tenuta Guado al Tasso Vermentino Bolgheri 2019,Italy,Bolgheri,Antinori,4.1,17.99,2019.0,Economy
Bianco 2018,Italy,Terre Siciliane,Corvo,3.7,6.78,2018.0,Budget
Chardonnay 2018,South Africa,Western Cape,Laborie,3.4,6.84,2018.0,Budget
S'Elegas Nuragus di Cagliari 2016,Italy,Nuragus di Cagliari,Argiolas,3.7,7.25,2016.0,Budget
Poggio alle Gazze 2014,Italy,Toscana,Ornellaia,4.0,42.8,2014.0,Mid
Chardonnay 2018,United States,California,Dark Horse,3.4,6.63,2018.0,Budget
Chardonnay 2016,United States,California,Gnarly Head,3.6,12.59,2016.0,Economy
Colombard - Sauvignon Côtes de Gascogne 2019,France,Côtes de Gascogne,Horgelus,4.1,5.43,2019.0,Budget
Viognier (Samuel's Garden Collection) 2016,Australia,Eden Valley,Yalumba,3.6,20.76,2016.0,Mid
Villa Blanche Chardonnay 2018,France,Pays d'Oc,Calmel & Joseph,3.8,6.77,2018.0,Budget
Chardonnay 2016,United States,California,Geyser Peak,3.6,10.95,2016.0,Economy
Vette di San Leonardo 2018,Italy,Vigneti delle Dolomiti,San Leonardo,3.8,12.85,2018.0,Economy
Laforet Bourgogne Chardonnay 2018,France,Bourgogne,Joseph Drouhin,4.0,12.19,2018.0,Economy
Corton-Charlemagne Grand Cru 2008,France,Corton-Charlemagne Grand Cru,Bonneau du Martray,4.5,263.9,2008.0,Luxury
Wairau Reserve Sauvignon Blanc 2015,New Zealand,Marlborough,Saint Clair,4.1,29.05,2015.0,Mid
Riesling Grossi Laüe 2011,France,Alsace,Hugel,4.2,58.44,2011.0,Premium
Chardonnay Sonoma Coast 2016,United States,Sonoma Coast,Patz & Hall,4.1,60.41,2016.0,Premium
Chardonnay (Unoaked) 2015,New Zealand,Marlborough,Kim Crawford,3.6,15.5,2015.0,Economy
Sauvignon Blanc 2017,Chile,Casablanca Valley,Cruz Andina,3.4,9.9,2017.0,Budget
Chardonnay 2018,Italy,Südtirol - Alto Adige,Alois Lageder,3.8,10.08,2018.0,Economy
Barrel Selection Chardonnay 2018,Argentina,Uco Valley,Salentein,4.0,12.95,2018.0,Economy
Sauvignon Blanc 2016,United States,California,Bogle,3.6,14.36,2016.0,Economy
Godello 2016,Spain,Valdeorras,Avancia,4.2,27.4,2016.0,Mid
Max Reserva Chardonnay 2015,Chile,Aconcagua Valley,Errazuriz,3.6,15.95,2015.0,Economy
Max Reserva Chardonnay 2017,Chile,Aconcagua Valley,Errazuriz,3.7,17.63,2017.0,Economy
Santa Digna Reserva Sauvignon Blanc 2018,Chile,Central Valley,Miguel Torres,3.6,9.39,2018.0,Budget
Grüner Veltliner Kamptaler Terrassen 2017,Austria,Kamptal,Weingut Bründlmayer,3.8,7.9,2017.0,Budget
Pinot Gris Alsace Réserve 2016,France,Alsace,Trimbach,3.8,17.45,2016.0,Economy
Louro do Bolo Godello Valdeorras 2018,Spain,Valdeorras,Rafael Palacios,4.0,18.9,2018.0,Economy
Riesling 2017,Germany,Nahe,Dönnhoff,3.7,11.5,2017.0,Economy
The Y Series Riesling 2017,Australia,Barossa,Yalumba,3.4,11.5,2017.0,Economy
Classic Pinot Gris 2015,France,Alsace,Hugel,3.8,13.6,2015.0,Economy
Las Moras Chardonnay 2018,Argentina,San Juan,Bodega Finca Las Moras,3.3,6.21,2018.0,Budget
Bianco Passivento 2018,Italy,Terre Siciliane,Barone Montalto,3.9,8.29,2018.0,Budget
Sauvignon Blanc 2018,South Africa,Western Cape,Laborie,3.6,6.84,2018.0,Budget
Riesling Trocken 2014,Germany,Mosel,Fritz Haag,3.8,10.67,2014.0,Economy
Albariño 2018,Spain,Rías Baixas,Pazo Barrantes,3.8,15.5,2018.0,Economy
Kiedrich Gräfenberg Riesling Trocken GG 2013,Germany,Rheingau,Robert Weil,3.8,73.9,2013.0,Premium
Pinot Grigio 2018,Italy,Venezia,Riff,3.5,7.15,2018.0,Budget
Pinot Gris 2017,United States,Columbia Valley,Chateau Ste. Michelle,3.6,9.99,2017.0,Budget
Sauvignon Blanc 2018,Chile,Casablanca Valley,Los Vascos,3.5,10.91,2018.0,Economy
Classic Riesling 2016,France,Alsace,Hugel,3.7,16.52,2016.0,Economy
Estate Sauvignon Blanc 2018,Chile,Aconcagua Valley,Errazuriz,3.6,10.68,2018.0,Economy
Pouilly-Fumé En Travertin 2017,France,Pouilly-Fumé,Henri Bourgeois,4.1,18.95,2017.0,Economy
Mademoiselle de T Pouilly-Fumé 2018,France,Pouilly-Fumé,Château de Tracy,4.1,18.29,2018.0,Economy
Mongris Collio Pinot Grigio 2018,Italy,Collio,Marco Felluga,3.8,12.95,2018.0,Economy
Chenin Blanc 2019,South Africa,Stellenbosch,Simonsig,3.8,6.33,2019.0,Budget
Barrel Fermented Chenin Blanc 2017,South Africa,Stellenbosch,Stellenrust,4.1,17.99,2017.0,Economy
Magic Mountain Rüdesheimer Riesling 2016,Germany,Rheingau,Leitz,3.8,17.5,2016.0,Economy
Chardonnay 2018,South Africa,Stellenbosch,Simonsig,3.7,10.23,2018.0,Economy
Riesling Trocken 2018,Germany,Pfalz,Georg Mosbacher,3.8,10.71,2018.0,Economy
Kali Hart Chardonnay 2016,United States,Monterey,Talbott,3.6,24.02,2016.0,Mid
Urra di Mare 2018,Italy,Terre Siciliane,Mandrarossa,3.8,10.56,2018.0,Economy
Coteaux Varois en Provence Blanc 2015,France,Coteaux Varois en Provence,Miraval,4.0,20.5,2015.0,Mid
Chablis 2018,France,Chablis,Jean-Marc Brocard,3.8,17.9,2018.0,Economy
Chablis 2016,France,Chablis,Christian Moreau Pere & Fils,3.9,23.0,2016.0,Mid
Inzolia Sicilia 2017,Italy,Sicilia,Feudo Arancio,3.6,6.54,2017.0,Budget
Angimbé (Tenuta Ficuzza) 2018,Italy,Terre Siciliane,Cusumano,3.7,8.68,2018.0,Budget
Sauvignon Blanc 2019,New Zealand,Marlborough,Mount Riley,4.1,9.53,2019.0,Budget
Terre Bianche Torbato Alghero 2018,Italy,Alghero,Sella & Mosca,3.7,8.9,2018.0,Budget
Felino Chardonnay 2018,Argentina,Mendoza,Viña Cobos,3.8,12.99,2018.0,Economy
Chardonnay Reserva 2018,Chile,Maipo Valley,Escudo Rojo,3.5,10.66,2018.0,Economy
Verdejo 2018,Spain,Rueda,PradoRey,3.7,9.37,2018.0,Budget
Muros Antigos Loureiro 2018,Portugal,Vinho Verde,Anselmo Mendes,3.8,7.9,2018.0,Budget
Chenin Blanc 2018,South Africa,Swartland,Allesverloren,3.5,9.75,2018.0,Budget
Clifford Bay Reserve Sauvignon Blanc 2018,New Zealand,Marlborough,Villa Maria,4.2,19.55,2018.0,Economy
Castell De Raimat Chardonnay 2018,Spain,Costers del Segre,Raimat,3.6,9.39,2018.0,Budget
Pinot Grigio Riserva Trentino 2017,Italy,Trentino,Mezzacorona,3.6,8.0,2017.0,Budget
Bianco di Custoza Superiore Cà del Magro 2017,Italy,Bianco di Custoza,Monte del Frá,3.8,9.22,2017.0,Budget
Danie de Wet Chardonnay 2017,South Africa,Robertson,De Wetshof,3.7,15.5,2017.0,Economy
Chardonnay 2019,South Africa,Stellenbosch,Rustenberg,3.9,14.5,2019.0,Economy
Baron de L Pouilly-Fumé 2015,France,Pouilly-Fumé,de Ladoucette,4.4,97.04,2015.0,Premium
Chardonnay Penedès 3055 2018,Spain,Penedès,Jean Leon,3.7,14.38,2018.0,Economy
Aconcagua Costa Sauvignon Blanc 2017,Chile,Aconcagua Valley,Errazuriz,3.7,16.08,2017.0,Economy
Verdicchio dei Castelli di Jesi 2016,Italy,Verdicchio dei Castelli di Jesi,Azienda Santa Barbara - Stefano Antonucci,3.8,17.4,2016.0,Economy
Le Vaglie Verdicchio dei Castelli di Jesi Classico 2018,Italy,Verdicchio dei Castelli di Jesi,Azienda Santa Barbara - Stefano Antonucci,3.9,10.9,2018.0,Economy
Blanc 2018,France,Pays d'Oc,Claude Val,3.8,4.95,2018.0,Budget
Quant Riesling 2018,Germany,Mosel,Carl Loewen,4.0,8.5,2018.0,Budget
Basa Blanco 2018,Spain,Rueda,Telmo Rodriguez,3.8,7.95,2018.0,Budget
Signature Sauvignon Blanc 2019,South Africa,Stellenbosch,Spier,3.7,6.5,2019.0,Budget
Riesling 2015,Germany,Pfalz,Von Winning,3.8,13.95,2015.0,Economy
Sauvignon Blanc (Select Terroir Reserva) 2018,Chile,Maipo Valley,Santa Ema,3.7,7.66,2018.0,Budget
Grand Estates Chardonnay 2016,United States,Columbia Valley,Columbia Crest,3.9,12.99,2016.0,Economy
Alentejano Branco 2017,Portugal,Alentejano,Herdade dos Grous,3.8,10.63,2017.0,Economy
Qvinterra Riesling Trocken 2018,Germany,Rheinhessen,Kühling-Gillot,3.8,10.8,2018.0,Economy
Sancerre Blanc 2017,France,Sancerre,Domaine du Nozay,3.8,37.63,2017.0,Mid
Director's Cut Chardonnay 2016,United States,Russian River Valley,Francis Ford Coppola,4.1,27.9,2016.0,Mid
Rueda Verdejo 2018,Spain,Rueda,Beronia,3.6,8.29,2018.0,Budget
Altavilla della Corte Grillo 2016,Italy,Terre Siciliane,Firriato,3.6,10.69,2016.0,Economy
Villa Solais Vermentino di Sardegna 2017,Italy,Vermentino di Sardegna,Santadi,3.7,6.9,2017.0,Budget
Sauvignon Blanc Reserve Collection Elgin 2018,South Africa,Elgin,Tokara,3.9,18.9,2018.0,Economy
Estate Sauvignon Blanc (Varietales) 2018,Uruguay,Maldonado,Bodega Garzón,3.6,14.89,2018.0,Economy
Villa Antinori Toscana Bianco 2019,Italy,Toscana,Antinori,3.8,8.68,2019.0,Budget
Vouvray Classic 2017,France,Vouvray,Marc Brédif,3.9,17.85,2017.0,Economy
Grüner Veltliner 2018,Austria,Kamptal,Loimer,3.8,9.72,2018.0,Budget
The Winemaster's Chardonnay 2015,South Africa,Coastal Region,Nederburg,3.5,6.63,2015.0,Budget
Torrontes 2017,Argentina,Salta,Alamos,3.6,8.89,2017.0,Budget
Chardonnay 2018,New Zealand,Marlborough,Stoneleigh,3.7,11.45,2018.0,Economy
Riesling Trocken 2016,Germany,Pfalz,Georg Mosbacher,3.9,9.99,2016.0,Budget
Las Mulas Reserva Sauvignon Blanc 2018,Chile,Central Valley,Miguel Torres,3.6,9.9,2018.0,Budget
Riesling Trocken 2018,Germany,Rheingau,Kloster Eberbach,3.5,10.99,2018.0,Economy
Louro do Bolo Godello Valdeorras 2016,Spain,Valdeorras,Rafael Palacios,3.9,15.95,2016.0,Economy
Riesling Trocken 2016,Germany,Rheinhessen,Battenfeld Spanier,3.8,14.29,2016.0,Economy
Riesling Trocken 2017,Germany,Rheinhessen,Wittmann,3.7,11.51,2017.0,Economy
Brolettino Lugana 2018,Italy,Lugana,Cà dei Frati,4.1,14.52,2018.0,Economy
Condrieu La Doriane 2016,France,Condrieu,E. Guigal,4.2,82.0,2016.0,Premium
Viña Sol Original 2019,Spain,Penedès,Torres,3.6,5.95,2019.0,Budget
Chardonnay 2017,United States,Monterey,Hess Select,3.4,12.9,2017.0,Economy
Wild Yeast Chardonnay 2018,South Africa,Robertson,Springfield Estate,3.9,15.69,2018.0,Economy
Adorato Appassionato Bianco 2018,Italy,Veneto,Tommasi,3.5,10.9,2018.0,Economy
Gewürztraminer 2015,Italy,Südtirol - Alto Adige,Terlan (Terlano),3.8,14.95,2015.0,Economy
Verdejo 2019,Spain,Rueda,Protos,3.8,6.85,2019.0,Budget
Sauvignon Blanc 2019,South Africa,Franschhoek,La Motte Wine Estate,3.6,9.99,2019.0,Budget
Côtes du Rhône Réserve Blanc 2016,France,Côtes-du-Rhône,Les Dauphins,3.5,6.85,2016.0,Budget
Le Vaglie Verdicchio dei Castelli di Jesi Classico 2015,Italy,Verdicchio dei Castelli di Jesi,Azienda Santa Barbara - Stefano Antonucci,3.8,9.9,2015.0,Budget
As Sortes Val do Bibei Godello 2015,Spain,Valdeorras,Rafael Palacios,4.2,39.95,2015.0,Mid
Châteauneuf-du-Pape Les Sinards Blanc 2017,France,Châteauneuf-du-Pape,Famille Perrin,4.1,30.74,2017.0,Mid
Filius Chardonnay 2017,Australia,Margaret River,Vasse Felix,3.7,20.9,2017.0,Mid
Castel Firmian Pinot Grigio Trentino 2018,Italy,Trentino,Mezzacorona,3.8,7.66,2018.0,Budget
Estate Chardonnay 2016,Chile,Casablanca Valley,Errazuriz,3.5,8.9,2016.0,Budget
Rías Baixas Albariño 2017,Spain,Rías Baixas,Finca Garabelos,4.1,16.9,2017.0,Economy
Mâcon-Villages Blanc 2018,France,Mâcon-Villages,Louis Jadot,3.8,14.54,2018.0,Economy
Original Chenin Blanc (Unwooded) 2018,South Africa,Stellenbosch,Raats,3.7,12.5,2018.0,Economy
Muros Antigos Escolha 2018,Portugal,Vinho Verde,Anselmo Mendes,3.6,6.5,2018.0,Budget
Central Coast Chardonnay 2016,United States,Central Coast,William Hill,3.7,13.9,2016.0,Economy
Mannequin 2017,United States,California,Orin Swift,4.0,37.04,2017.0,Mid
Corton-Charlemagne Grand Cru 2009,France,Corton-Charlemagne Grand Cru,Bonneau du Martray,4.4,249.95,2009.0,Luxury
Chenin Blanc Secateurs 2019,South Africa,Swartland,Badenhorst,3.7,9.89,2019.0,Budget
La Fuga Chardonnay Contessa Entellina 2018,Italy,Contessa Entellina,Donnafugata,3.8,11.5,2018.0,Economy
Sancerre Blanc 2017,France,Sancerre,Château de Sancerre,3.9,33.87,2017.0,Mid
Côtes-du-Rhône Blanc 2017,France,Côtes-du-Rhône,E. Guigal,3.5,13.04,2017.0,Economy
Napa Valley Estate Chardonnay 2016,United States,Napa Valley,The Hess Collection,3.8,19.39,2016.0,Economy
Chardonnay 2018,Chile,Colchagua Valley,Los Vascos,3.6,7.75,2018.0,Budget
Riesling 2015,United States,Columbia Valley,Eroica,3.9,24.45,2015.0,Mid
Riesling 2018,Germany,Pfalz,Von Winning,3.8,8.5,2018.0,Budget
Roero Arneis 2018,Italy,Roero,Bruno Giacosa,3.8,21.18,2018.0,Mid
Pinot Grigio 2018,Italy,Südtirol - Alto Adige,St. Michael-Eppan,3.8,10.95,2018.0,Economy
Chardonnay 2017,South Africa,Stellenbosch,Simonsig,3.6,10.9,2017.0,Economy
Le Finage Chablis 2017,France,Chablis,La Chablisienne,3.7,22.78,2017.0,Mid
Chardonnay 2018,France,Vin de France,Maison de La Villette,3.9,6.33,2018.0,Budget
Garnacha Blanca 2017,Spain,Valdejalón,Botijo Rojo,3.7,9.9,2017.0,Budget
Napa Valley Chardonnay 2013,United States,Napa Valley,Beringer,3.7,22.9,2013.0,Mid
Win Win Riesling 2018,Germany,Pfalz,Von Winning,3.8,9.7,2018.0,Budget
Albariño 2018,Spain,Rías Baixas,Fillaboa,4.0,13.16,2018.0,Economy
Chardonnay (Reserva) 2019,Chile,Casablanca Valley,Casillero del Diablo,3.4,7.89,2019.0,Budget
Chardonnay 2018,United States,Columbia Valley,Chateau Ste. Michelle,3.8,12.5,2018.0,Economy
The Winemaster's Sauvignon Blanc 2018,South Africa,Coastal Region,Nederburg,3.7,6.3,2018.0,Budget
Sancerre Blanc 2018,France,Sancerre,Domaine Vacheron,4.0,24.0,2018.0,Mid
Fiano Di Avellino 2018,Italy,Fiano de Avellino,Feudi di San Gregorio,3.8,11.49,2018.0,Economy
Chardonnay 2018,France,Pays d'Oc,Les Jamelles,3.6,5.69,2018.0,Budget
Pazo das Bruxas 2018,Spain,Rías Baixas,Torres,3.8,12.09,2018.0,Economy
Chenin Blanc 2019,South Africa,Robertson,Arabella,3.8,5.95,2019.0,Budget
Chardonnay 2017,Chile,Casablanca Valley,Montes Alpha,3.8,12.49,2017.0,Economy
Molin Lugana 2015,Italy,Lugana,Cà Maiol,3.8,16.59,2015.0,Economy
Mosel Alte Reben Riesling 2016,Germany,Mosel,Markus Molitor,4.0,17.35,2016.0,Economy
Gewürztraminer 2018,Italy,Südtirol - Alto Adige,Cantina Kaltern,4.0,11.6,2018.0,Economy
Grande Réserve Sancerre Blanc 2018,France,Sancerre,Henri Bourgeois,3.9,26.04,2018.0,Mid
Riesling Trocken 2018,Germany,Pfalz,Reichsrat von Buhl,3.6,8.9,2018.0,Budget
As Sortes Val do Bibei Godello 2014,Spain,Valdeorras,Rafael Palacios,4.2,39.9,2014.0,Mid
Grüner Veltliner vom Haus 2017,Austria,Niederösterreich,Weingut R&A Pfaffl,3.8,8.69,2017.0,Budget
Fumé Blanc 2016,United States,Napa Valley,Robert Mondavi,3.7,20.96,2016.0,Mid
Colle dei Tigli Bianco del Veneto 2018,Italy,Veneto,Lenotti,4.0,5.12,2018.0,Budget
Blindfold 2017,United States,California,The Prisoner,4.1,37.53,2017.0,Mid
Grand Régnard Chablis 2018,France,Chablis,Régnard,4.3,36.9,2018.0,Mid
Life from Stone Sauvignon Blanc 2019,South Africa,Robertson,Springfield Estate,4.2,12.57,2019.0,Economy
Scaia Bianco (Garganega - Chardonnay) 2019,Italy,Veneto,Tenuta Sant'Antonio,4.1,8.25,2019.0,Budget
Gentil 2018,France,Alsace,Hugel,3.8,9.6,2018.0,Budget
Chardonnay 2016,Chile,Colchagua Valley,Los Vascos,3.4,9.95,2016.0,Budget
Chardonnay 2016,United States,Central Coast,Game of Thrones,3.7,19.95,2016.0,Economy
Rossj-Bass Langhe 2017,Italy,Langhe,Gaja,4.2,83.15,2017.0,Premium
Riesling Trocken 2017,Germany,Pfalz,Reichsrat von Buhl,3.6,11.19,2017.0,Economy
Raízes Terroir Sauvignon Blanc 2016,Brazil,Campanha,Casa Valduga,3.7,10.5,2016.0,Economy
Chardonnay 2015,United States,Los Carneros,Buena Vista,4.0,24.5,2015.0,Mid
Signature Chenin Blanc 2019,South Africa,Stellenbosch,Spier,3.7,6.5,2019.0,Budget
Torrontes 2019,Argentina,Mendoza,Crios,3.8,13.15,2019.0,Economy
Contacto Alvarinho 2019,Portugal,Monção e Melgaço,Anselmo Mendes,3.8,11.6,2019.0,Economy
Vinho Verde 2017,Portugal,Vinho Verde,Casa de Vila Nova,3.9,8.92,2017.0,Budget
Pouilly-Fuissé 2018,France,Pouilly-Fuissé,Louis Jadot,4.1,29.37,2018.0,Mid
Douro Duas Quintas Branco 2018,Portugal,Douro,Ramos Pinto,4.0,10.63,2018.0,Economy
Panamera Chardonnay 2018,United States,California,Story Ridge Vineyards,4.1,8.28,2018.0,Budget
Sauvignon Blanc 2019,New Zealand,Marlborough,Silver Moki,4.0,7.44,2019.0,Budget
Pouilly-Fumé 2018,France,Pouilly-Fumé,Pascal Jolivet,4.1,22.3,2018.0,Mid
Branco 2017,Portugal,Lisboa,Porta 6,3.7,9.12,2017.0,Budget
Rioja Blanco 2017,Spain,Rioja,Marqués de Cáceres,3.4,5.29,2017.0,Budget
Sauvignon Blanc 2019,New Zealand,Marlborough,Dusky Sounds,4.2,10.42,2019.0,Economy
Solosole Vermentino 2018,Italy,Bolgheri,Poggio Al Tesoro,3.8,12.57,2018.0,Economy
Riesling Trocken 2018,Germany,Nahe,Dönnhoff,3.7,10.09,2018.0,Economy
Viña Sol Blanco 2018,Spain,Catalunya,Torres,3.5,11.69,2018.0,Economy
Castello della Sala Conte della Vipera 2018,Italy,Umbria,Antinori,4.1,20.9,2018.0,Mid
Assyrtiko Santorini 2018,Greece,Santorini,Domaine Sigalas,4.0,26.95,2018.0,Mid
Rias Baixas Albarino 2018,Spain,Rías Baixas,Burgans,3.9,9.5,2018.0,Budget
Chardonnay - Pinot Noir 2018,South Africa,Franschhoek,Haute Cabrière,3.8,12.0,2018.0,Economy
Chardonnay de Purcari 2018,Moldova,South Eastern,Château Purcari,4.1,10.98,2018.0,Economy
Pinot Grigio 2018,Italy,Venezia Giulia,Jermann,4.0,17.41,2018.0,Economy
Ardèche Chardonnay 2017,France,Ardèche,Louis Latour,3.6,7.31,2017.0,Budget
Haus Klosterberg Riesling Trocken 2018,Germany,Mosel,Markus Molitor,4.1,9.9,2018.0,Budget
Ca'Marcanda Vistamare Toscana 2016,Italy,Toscana,Gaja,4.2,41.9,2016.0,Mid
Chardonnay 2018,United States,California,Robert Mondavi Private Selection,3.8,11.5,2018.0,Economy
Koonunga Hill Chardonnay 2018,Australia,South Australia,Penfolds,3.3,9.38,2018.0,Budget
Grand Ardèche Chardonnay 2017,France,Ardèche,Louis Latour,4.0,10.63,2017.0,Economy
Verdejo 2019,Spain,Rueda,José Pariente,3.9,10.95,2019.0,Economy
Ca'Marcanda Vistamare Toscana 2017,Italy,Toscana,Gaja,4.2,41.9,2017.0,Mid
Blanco (Verdejo) 2019,Spain,Rueda,Marqués de Riscal,3.6,6.89,2019.0,Budget
The Y Series Viognier 2018,Australia,South Australia,Yalumba,3.5,11.9,2018.0,Economy
Riva Ranch Chardonnay 2018,United States,Arroyo Seco,Wente,4.0,18.29,2018.0,Economy
Blanco Fermentado en Barrica 2018,Spain,Rioja,Muga,3.7,9.9,2018.0,Budget
Mount Hermon White 2017,Israel,Galilee,Hermon,3.7,12.14,2017.0,Economy
Lighea 2018,Italy,Terre Siciliane,Donnafugata,4.0,11.5,2018.0,Economy
Chardonnay 2018,United States,Napa Valley,Black Stallion,3.9,22.35,2018.0,Mid
Cometa 2017,Italy,Menfi,Planeta,4.1,32.86,2017.0,Mid
Pinot Grigio 2018,Italy,Colli Orientali del Friuli,Livio Felluga,4.0,18.19,2018.0,Economy
Chardonnay 2017,Argentina,Mendoza,Catena Alta,4.2,27.9,2017.0,Mid
Pinot Grigio 2017,Italy,delle Venezie,Kris,3.5,8.19,2017.0,Budget
Chardonnay 2018,France,Pays d'Oc,Laroche,3.4,8.25,2018.0,Budget
Dry Riesling 2012,United States,Columbia Valley,Chateau Ste. Michelle,3.7,12.49,2012.0,Economy
Chenin Blanc (Free-Run Steen) 2017,South Africa,Coastal Region,MAN,3.6,7.19,2017.0,Budget
Central Coast Chardonnay 2013,United States,Central Coast,William Hill,3.7,24.95,2013.0,Mid
Mâcon-Villages 2018,France,Mâcon-Villages,Joseph Drouhin,3.8,11.4,2018.0,Economy
Mâcon-Villages 2018,France,Mâcon-Villages,Joseph Drouhin,3.8,13.6,2018.0,Economy
Pouilly-Fumé 2018,France,Pouilly-Fumé,de Ladoucette,4.0,32.9,2018.0,Mid
Terras Gauda O Rosal 2019,Spain,Rías Baixas,Terras Gauda,4.1,12.41,2019.0,Economy
Schulthauser Weissburgunder (Pinot Bianco) 2018,Italy,Südtirol - Alto Adige,St. Michael-Eppan,3.8,11.54,2018.0,Economy
Pinot Grigio de Purcari 2018,Moldova,South Eastern,Château Purcari,4.2,10.98,2018.0,Economy
Leone d'Almerita (Tenuta Regaleali) 2018,Italy,Terre Siciliane,Tasca d'Almerita,3.8,8.9,2018.0,Budget
Riesling Trocken 2018,Germany,Rheinhessen,Wittmann,3.9,11.5,2018.0,Economy
Riesling Alsace Cuvée Frédéric Emile 2011,France,Alsace,Trimbach,3.9,44.61,2011.0,Mid
Hard Chard 2019,Australia,South Eastern Australia,19 Crimes,3.6,8.79,2019.0,Budget
Mongris Collio Pinot Grigio 2017,Italy,Collio,Marco Felluga,3.7,12.33,2017.0,Economy
Umbria Bianco 2018,Italy,Umbria,Santa Cristina,3.6,7.45,2018.0,Budget
Chardonnay 2017,South Africa,Hemel-en-Aarde Valley,Hamilton Russell Vineyards,4.1,39.8,2017.0,Mid
Sauvignon Blanc 2018,Spain,Rueda,Marqués de Riscal,3.8,8.25,2018.0,Budget
Condrieu 2016,France,Condrieu,E. Guigal,4.0,52.01,2016.0,Premium
The Hermit Crab Viognier - Marsanne 2016,Australia,McLaren Vale,d'Arenberg,3.8,13.15,2016.0,Economy
Orvieto Classico Bianco 2017,Italy,Orvieto,Ruffino,3.7,6.54,2017.0,Budget
GB Sauvage Riesling 2018,Germany,Rheingau,Georg Breuer,3.7,9.65,2018.0,Budget
San Vincenzo 2018,Italy,Veneto,Anselmi,3.8,12.19,2018.0,Economy
Verdicchio Del Castelli Di Jesi Classico 2018,Italy,Verdicchio dei Castelli di Jesi,Moncaro,3.5,7.55,2018.0,Budget
Viña Esmeralda 2019,Spain,Catalunya,Torres,4.0,7.45,2019.0,Budget
Capellanía 2014,Spain,Rioja,Marqués de Murrieta,4.1,22.85,2014.0,Mid
Riesling Trocken 2018,Germany,Rheingau,Robert Weil,4.0,13.9,2018.0,Economy
Sauvignon Blanc 2018,Spain,Rueda,José Pariente,4.1,10.89,2018.0,Economy
Esporão Reserva Branco 2018,Portugal,Alentejo,Esporão,4.1,13.47,2018.0,Economy
Chardonnay 2014,South Africa,Hemel-en-Aarde Valley,Hamilton Russell Vineyards,4.1,36.79,2014.0,Mid
AVETA Sauvignon Blanc 2016,United States,Napa Valley,Stag's Leap Wine Cellars,4.1,29.77,2016.0,Mid
Douro Redoma Branco 2017,Portugal,Douro,Niepoort,4.1,19.42,2017.0,Economy
Da'Divas Chardonnay 2015,Brazil,Encruzilhada do Sul,Lidio Carraro,3.6,14.57,2015.0,Economy
Max Reserva Chardonnay 2016,Chile,Aconcagua Valley,Errazuriz,3.7,13.16,2016.0,Economy
Saar Riesling 2015,Germany,Mosel,Van Volxem,3.8,12.45,2015.0,Economy
San Valentín Parellada 2019,Spain,Catalunya,Torres,4.2,5.49,2019.0,Budget
Regaleali Bianco Sicilia 2018,Italy,Terre Siciliane,Tasca d'Almerita,3.7,7.7,2018.0,Budget
Sauvignon Blanc 2019,New Zealand,Marlborough,Stoneleigh,3.8,11.45,2019.0,Economy
Verdeo Verdejo 2018,Spain,Rueda,Torres,3.7,7.75,2018.0,Budget
120 Reserva Especial Chardonnay 2018,Chile,Central Valley,Santa Rita,3.3,7.8,2018.0,Budget
Chablis ‘Saint Martin’ 2017,France,Chablis,Domaine Laroche,3.8,25.24,2017.0,Mid
Chardonnay 2018,United States,California,Bogle,3.8,14.36,2018.0,Economy
Sauvignon Blanc Attitude 2018,France,Touraine,Pascal Jolivet,3.8,12.51,2018.0,Economy
Santa Barbara County Chardonnay 2016,United States,Santa Barbara County,Sandhi,4.1,28.9,2016.0,Mid
Chablis 2018,France,Chablis,William Fèvre,3.8,19.79,2018.0,Economy
Torrontes 2015,Argentina,Salta,Alamos,3.5,8.4,2015.0,Budget
Chardonnay Puglia 2018,Italy,Puglia,Tormaresca,3.6,9.56,2018.0,Budget
Leone d'Almerita (Tenuta Regaleali) 2017,Italy,Terre Siciliane,Tasca d'Almerita,3.9,9.59,2017.0,Budget
Is Argiolas Vermentino di Sardegna 2018,Italy,Vermentino di Sardegna,Argiolas,4.0,10.7,2018.0,Economy
Albariño 2018,Spain,Rías Baixas,Lagar de Cervera,3.9,14.38,2018.0,Economy
Chardonnay (1685 Series) 2018,South Africa,Western Cape,Boschendal,3.8,10.66,2018.0,Economy
Rueda Verdejo 2017,Spain,Rueda,Marqués de Cáceres,3.5,5.99,2017.0,Budget
Dry Riesling 2017,United States,Columbia Valley,Chateau Ste. Michelle,3.7,10.18,2017.0,Economy
La Segreta Il Bianco 2018,Italy,Sicilia,Planeta,3.7,7.5,2018.0,Budget
Sharis 2018,Italy,delle Venezie,Livio Felluga,3.8,14.4,2018.0,Economy
Chardonnay 2018,Argentina,Mendoza,Catena,4.0,15.79,2018.0,Economy
Sauvignon Blanc 2018,New Zealand,Marlborough,Greywacke,4.1,17.95,2018.0,Economy
Pessac-Léognan Blanc (Grand Cru Classé de Graves) 2016,France,Pessac-Léognan,Château Carbonnieux,4.1,39.9,2016.0,Mid
Classic Riesling 2015,France,Alsace,Hugel,3.7,13.6,2015.0,Economy
Retsina N.V.,Greece,Macedonia,Tsantali,2.6,3.95,,Budget
Petit Bourgeois Sauvignon Blanc 2018,France,Val de Loire,Henri Bourgeois,3.7,9.95,2018.0,Budget
Chardonnay 2016,United States,Monterey,Hess Select,3.6,12.51,2016.0,Economy
Vintage Tunina 2015,Italy,Venezia Giulia,Jermann,4.3,48.76,2015.0,Mid
Medalla Real Gran Reserva Chardonnay 2017,Chile,Leyda Valley,Santa Rita,3.8,13.15,2017.0,Economy
Eins Zwei Dry Riesling 2017,Germany,Rheingau,Leitz,3.8,12.19,2017.0,Economy
Falanghina 2018,Italy,Falanghina del Sannio,Feudi di San Gregorio,3.7,9.25,2018.0,Budget
Gewürztraminer Somontano 2018,Spain,Somontano,Viñas del Vero,4.1,9.99,2018.0,Budget
Hard Chard 2018,Australia,South Eastern Australia,19 Crimes,3.7,8.9,2018.0,Budget
Sauvignon Blanc 2019,New Zealand,Marlborough,The Ned,4.1,13.79,2019.0,Economy
La Segreta Il Bianco 2017,Italy,Sicilia,Planeta,3.5,8.4,2017.0,Budget
Chardonnay 2018,United States,California,Woodbridge by Robert Mondavi,3.4,8.72,2018.0,Budget
Chardonnay 2018,Italy,Menfi,Planeta,4.2,22.8,2018.0,Mid
Chardonnay 2013,United States,Napa Valley,Robert Mondavi,3.7,35.5,2013.0,Mid
EDDA Bianco 2018,Italy,Salento,San Marzano,4.1,11.45,2018.0,Economy
Alvarinho 2019,Portugal,Monção e Melgaço,Soalheiro,4.1,13.26,2019.0,Economy
Chardonnay 2016,Argentina,Mendoza,Catena Alta,4.2,25.9,2016.0,Mid
Albariño 2016,Spain,Rías Baixas,Pazo Barrantes,3.8,19.87,2016.0,Economy
Cellar Selection Marlborough Sauvignon Blanc 2019,New Zealand,Marlborough,Sileni Estates,3.9,9.65,2019.0,Budget
Chardonnay 2017,Chile,Limarí Valley,Marques de Casa Concha,3.9,16.74,2017.0,Economy
Grüner Veltliner Federspiel Terrassen 2018,Austria,Wachau,Domäne Wachau,3.7,6.73,2018.0,Budget
Duett 2018,Austria,Wagram,Leth,3.8,6.81,2018.0,Budget
Chablis ‘Saint Martin’ 2018,France,Chablis,Domaine Laroche,3.8,24.99,2018.0,Mid
Alvarinho Deu La Deu 2018,Portugal,Monção e Melgaço,Adega de Monção,3.8,9.55,2018.0,Budget
Pinot Grigio 2018,Italy,Terre Siciliane,Barone Montalto,3.7,5.32,2018.0,Budget
Gewürztraminer Alsace 2016,France,Alsace,Trimbach,3.9,16.9,2016.0,Economy
Chablis ‘Les Chanoines’ 2018,France,Chablis,Laroche,3.7,21.99,2018.0,Mid
Verdejo Rueda 2018,Spain,Rueda,Ramón Bilbao,3.8,8.24,2018.0,Budget
Pfefferer 2019,Italy,Trentino-Alto Adige,Colterenzio (Schreckbichl),4.2,8.72,2019.0,Budget
Costamolino Vermentino di Sardegna 2018,Italy,Vermentino di Sardegna,Argiolas,3.8,9.5,2018.0,Budget
Sauvignon Blanc 2019,New Zealand,Marlborough,Nau Mai,4.1,6.77,2019.0,Budget
Chardonnay 2016,United States,Napa Valley,Chateau Montelena,4.4,65.9,2016.0,Premium
Pouilly-Fuissé 2017,France,Pouilly-Fuissé,Louis Jadot,4.0,28.13,2017.0,Mid
Gentil 2017,France,Alsace,Hugel,3.8,12.03,2017.0,Economy
Sauvignon Blanc 2018,New Zealand,Marlborough,Silver Moki,4.2,10.95,2018.0,Economy
Arneis Langhe Blangé 2018,Italy,Langhe,Ceretto,4.0,16.47,2018.0,Economy
Sauvignon Blanc 2018,New Zealand,Marlborough,Greyrock,4.0,10.45,2018.0,Economy
Verdejo 2018,Spain,Rueda,Cune (CVNE),3.6,5.7,2018.0,Budget
Chablis 2017,France,Chablis,William Fèvre,3.8,21.35,2017.0,Mid
Domaine Sainte Claire Chablis 2018,France,Chablis,Jean-Marc Brocard,3.9,19.2,2018.0,Economy
Gelblack Riesling Trocken 2018,Germany,Rheingau,Schloss Johannisberg,4.1,14.51,2018.0,Economy
Founders' Estate Chardonnay 2016,United States,California,Beringer,3.7,11.6,2016.0,Economy
Chardonnay 2017,Argentina,Mendoza,Catena,3.9,13.55,2017.0,Economy
Belleruche Côtes-du-Rhône Blanc 2017,France,Côtes-du-Rhône,M. Chapoutier,3.7,10.91,2017.0,Economy
Drouhin - Vaudon Chablis Réserve De Vaudon 2018,France,Chablis,Joseph Drouhin,4.0,21.34,2018.0,Mid
Riesling 2018,United States,Columbia Valley,Chateau Ste. Michelle,3.8,9.4,2018.0,Budget
Kung Fu Girl Riesling 2018,United States,Ancient Lakes of Columbia Valley,Charles Smith,3.8,16.92,2018.0,Economy
Morning Fog Chardonnay 2018,United States,Livermore Valley,Wente,3.9,10.32,2018.0,Economy
Chardonnay 2016,Chile,Casablanca Valley,Montes Alpha,3.8,12.5,2016.0,Economy
Pouilly-Fumé 2017,France,Pouilly-Fumé,de Ladoucette,4.1,68.0,2017.0,Premium
Rías Baixas Albariño 2018,Spain,Rías Baixas,Martin Codax,3.8,7.95,2018.0,Budget
Chardonnay 2018,United States,Los Carneros,Rombauer Vineyards,4.3,39.9,2018.0,Mid
Contacto Alvarinho 2018,Portugal,Monção e Melgaço,Anselmo Mendes,3.8,8.9,2018.0,Budget
Blanco 2018,Spain,Rioja,El Coto,3.7,5.9,2018.0,Budget
Chardonnay 2017,Argentina,Mendoza,Alamos,3.6,6.95,2017.0,Budget
Sauvignon Blanc (Reserva) 2018,Chile,Casablanca Valley,Casillero del Diablo,3.5,7.96,2018.0,Budget
Chablis 2015,France,Chablis,William Fèvre,3.8,22.39,2015.0,Mid
Sauvignon Blanc 2019,New Zealand,Marlborough,Brancott Estate,4.0,7.79,2019.0,Budget
Sauvignon Blanc 2018,New Zealand,Marlborough,The Ned,4.1,14.95,2018.0,Economy
Sauvignon Blanc 2019,New Zealand,Marlborough,Cloudy Bay,4.2,26.7,2019.0,Mid
Morning Fog Chardonnay 2016,United States,Livermore Valley,Wente,3.9,14.29,2016.0,Economy
I Frati Lugana 2019,Italy,Lugana,Cà dei Frati,4.2,11.2,2019.0,Economy
Villa Antinori Toscana Bianco 2018,Italy,Toscana,Antinori,3.9,8.68,2018.0,Budget
Private Bin Sauvignon Blanc 2019,New Zealand,Marlborough,Villa Maria,4.1,10.6,2019.0,Economy
Blanco (Verdejo) 2018,Spain,Rueda,Marqués de Riscal,3.7,6.3,2018.0,Budget
Sauvignon Blanc 2019,New Zealand,Marlborough,Oyster Bay,4.0,10.66,2019.0,Economy
Vinho Verde Sweet N.V.,Portugal,Vinho Verde,Casal Garcia,4.0,5.05,,Budget
Sauvignon Blanc 2018,New Zealand,Marlborough,Kim Crawford,3.9,14.9,2018.0,Economy
Sauvignon Blanc 2019,New Zealand,Marlborough,Hans Greyl,4.2,7.75,2019.0,Budget
Vinho Verde Branco N.V.,Portugal,Vinho Verde,Casal Garcia,3.7,4.35,,Budget
